repository_name,signature_id,framework_id,signature_hash,machine_platform,should_alert,has_subtests,extra_options,tags,option_collection_hash,test,suite,lower_is_better,name,parent_signature,repository_id,measurement_unit,application,job_id,entry_id,push_timestamp,value,revision,push_id
autoland,5098902,1,73391afd9fc940be1e03519c3ee38089272b621e,macosx1015-64-shippable-qr,True,False,,,102210fe594ee9b33d82058545b1ed14f4c8206e,issue14562.pdf,pdfpaint,True,pdfpaint issue14562.pdf opt e10s fission stylo webrender,4774762,77,ms,firefox,453919003,1870716011,2024-04-08T13:49:41,852.05,1b56c653a5ee3a14ec0955b092498999e9333bfa,1405618
autoland,5098902,1,73391afd9fc940be1e03519c3ee38089272b621e,macosx1015-64-shippable-qr,True,False,,,102210fe594ee9b33d82058545b1ed14f4c8206e,issue14562.pdf,pdfpaint,True,pdfpaint issue14562.pdf opt e10s fission stylo webrender,4774762,77,ms,firefox,453958192,1870818165,2024-04-08T19:08:45,1003.8199999999999,79551503d77c8353439905d86ec3033546f0c874,1405880
autoland,5098902,1,73391afd9fc940be1e03519c3ee38089272b621e,macosx1015-64-shippable-qr,True,False,,,102210fe594ee9b33d82058545b1ed14f4c8206e,issue14562.pdf,pdfpaint,True,pdfpaint issue14562.pdf opt e10s fission stylo webrender,4774762,77,ms,firefox,453994082,1870955354,2024-04-08T23:24:57,886.59,c19d16f89e851b3d8052fb11a8e8f0ae3f4cb9b7,1406026
autoland,5098902,1,73391afd9fc940be1e03519c3ee38089272b621e,macosx1015-64-shippable-qr,True,False,,,102210fe594ee9b33d82058545b1ed14f4c8206e,issue14562.pdf,pdfpaint,True,pdfpaint issue14562.pdf opt e10s fission stylo webrender,4774762,77,ms,firefox,454019654,1871119938,2024-04-09T06:15:12,869.87,643848d855ebb8ab8d9d7009ca7ce9d21d267b34,1406147
autoland,5098902,1,73391afd9fc940be1e03519c3ee38089272b621e,macosx1015-64-shippable-qr,True,False,,,102210fe594ee9b33d82058545b1ed14f4c8206e,issue14562.pdf,pdfpaint,True,pdfpaint issue14562.pdf opt e10s fission stylo webrender,4774762,77,ms,firefox,454058762,1871279910,2024-04-09T10:19:15,875.46,7cd4aaac69823ebb7b440d4e14d05275ba50a073,1406264
autoland,5098902,1,73391afd9fc940be1e03519c3ee38089272b621e,macosx1015-64-shippable-qr,True,False,,,102210fe594ee9b33d82058545b1ed14f4c8206e,issue14562.pdf,pdfpaint,True,pdfpaint issue14562.pdf opt e10s fission stylo webrender,4774762,77,ms,firefox,454073536,1871361199,2024-04-09T14:26:21,869.05,34fef7e7706b912024aa3ba8826647e5ddc0a0ab,1406452
autoland,5098902,1,73391afd9fc940be1e03519c3ee38089272b621e,macosx1015-64-shippable-qr,True,False,,,102210fe594ee9b33d82058545b1ed14f4c8206e,issue14562.pdf,pdfpaint,True,pdfpaint issue14562.pdf opt e10s fission stylo webrender,4774762,77,ms,firefox,454087338,1871434909,2024-04-09T17:03:26,867.55,e3c9c90141d0f6b39792470ce489a5af6123cc15,1406581
autoland,5098902,1,73391afd9fc940be1e03519c3ee38089272b621e,macosx1015-64-shippable-qr,True,False,,,102210fe594ee9b33d82058545b1ed14f4c8206e,issue14562.pdf,pdfpaint,True,pdfpaint issue14562.pdf opt e10s fission stylo webrender,4774762,77,ms,firefox,454111344,1871527448,2024-04-09T20:18:20,871.83,42fe954d2d47356658d58a292876a6f15d6cbc51,1406718
autoland,5098902,1,73391afd9fc940be1e03519c3ee38089272b621e,macosx1015-64-shippable-qr,True,False,,,102210fe594ee9b33d82058545b1ed14f4c8206e,issue14562.pdf,pdfpaint,True,pdfpaint issue14562.pdf opt e10s fission stylo webrender,4774762,77,ms,firefox,454132210,1871624502,2024-04-10T00:18:40,856.91,c6228adca1a9c453ab8514c86ee26ee9a7903d27,1406841
autoland,5098902,1,73391afd9fc940be1e03519c3ee38089272b621e,macosx1015-64-shippable-qr,True,False,,,102210fe594ee9b33d82058545b1ed14f4c8206e,issue14562.pdf,pdfpaint,True,pdfpaint issue14562.pdf opt e10s fission stylo webrender,4774762,77,ms,firefox,454142818,1871710217,2024-04-10T05:00:45,886.52,a3f0d7e2d176a84f97e08088b78e1abe8da0a5f7,1406899
autoland,5098902,1,73391afd9fc940be1e03519c3ee38089272b621e,macosx1015-64-shippable-qr,True,False,,,102210fe594ee9b33d82058545b1ed14f4c8206e,issue14562.pdf,pdfpaint,True,pdfpaint issue14562.pdf opt e10s fission stylo webrender,4774762,77,ms,firefox,454190012,1871917849,2024-04-10T09:31:15,881.46,cb449d228d38790ba76f64d551817f6a804c044e,1406973
autoland,5098902,1,73391afd9fc940be1e03519c3ee38089272b621e,macosx1015-64-shippable-qr,True,False,,,102210fe594ee9b33d82058545b1ed14f4c8206e,issue14562.pdf,pdfpaint,True,pdfpaint issue14562.pdf opt e10s fission stylo webrender,4774762,77,ms,firefox,454196104,1871968844,2024-04-10T13:31:55,856.11,53228f89fadff09aff9d51b46652c77d94059014,1407087
autoland,5098902,1,73391afd9fc940be1e03519c3ee38089272b621e,macosx1015-64-shippable-qr,True,False,,,102210fe594ee9b33d82058545b1ed14f4c8206e,issue14562.pdf,pdfpaint,True,pdfpaint issue14562.pdf opt e10s fission stylo webrender,4774762,77,ms,firefox,454221447,1872095633,2024-04-10T17:21:37,987.9100000000001,a30d53cfa601940935af0c765cccbdde2178bb67,1407259
autoland,5098902,1,73391afd9fc940be1e03519c3ee38089272b621e,macosx1015-64-shippable-qr,True,False,,,102210fe594ee9b33d82058545b1ed14f4c8206e,issue14562.pdf,pdfpaint,True,pdfpaint issue14562.pdf opt e10s fission stylo webrender,4774762,77,ms,firefox,454237854,1872176546,2024-04-10T20:55:18,863.5,bc425d90bbe9987cc754323772553d4be3e6de83,1407422
autoland,5098902,1,73391afd9fc940be1e03519c3ee38089272b621e,macosx1015-64-shippable-qr,True,False,,,102210fe594ee9b33d82058545b1ed14f4c8206e,issue14562.pdf,pdfpaint,True,pdfpaint issue14562.pdf opt e10s fission stylo webrender,4774762,77,ms,firefox,454255316,1872267218,2024-04-11T01:15:30,881.0699999999999,1ae79ee05e2fe6a64e1916d65c78979921af1e5e,1407545
autoland,5098902,1,73391afd9fc940be1e03519c3ee38089272b621e,macosx1015-64-shippable-qr,True,False,,,102210fe594ee9b33d82058545b1ed14f4c8206e,issue14562.pdf,pdfpaint,True,pdfpaint issue14562.pdf opt e10s fission stylo webrender,4774762,77,ms,firefox,454275180,1872423453,2024-04-11T06:36:24,863.49,7a8a0223fffe0f06dd2e7aad79bf1920cf1430c0,1407612
autoland,5098902,1,73391afd9fc940be1e03519c3ee38089272b621e,macosx1015-64-shippable-qr,True,False,,,102210fe594ee9b33d82058545b1ed14f4c8206e,issue14562.pdf,pdfpaint,True,pdfpaint issue14562.pdf opt e10s fission stylo webrender,4774762,77,ms,firefox,454323270,1872738186,2024-04-11T11:27:44,988.54,747c6705d00627b032063055173575d6e6043880,1407747
autoland,5098902,1,73391afd9fc940be1e03519c3ee38089272b621e,macosx1015-64-shippable-qr,True,False,,,102210fe594ee9b33d82058545b1ed14f4c8206e,issue14562.pdf,pdfpaint,True,pdfpaint issue14562.pdf opt e10s fission stylo webrender,4774762,77,ms,firefox,454323778,1872745773,2024-04-11T15:41:30,870.8,bbca818d6385ef61c987f967ebccfe9df63fc36b,1407834
autoland,5098902,1,73391afd9fc940be1e03519c3ee38089272b621e,macosx1015-64-shippable-qr,True,False,,,102210fe594ee9b33d82058545b1ed14f4c8206e,issue14562.pdf,pdfpaint,True,pdfpaint issue14562.pdf opt e10s fission stylo webrender,4774762,77,ms,firefox,454338975,1872841152,2024-04-11T18:08:24,1001.9100000000001,036ac9a41b52b5af1836d103d3a7aefad37e2b87,1407970
autoland,5098902,1,73391afd9fc940be1e03519c3ee38089272b621e,macosx1015-64-shippable-qr,True,False,,,102210fe594ee9b33d82058545b1ed14f4c8206e,issue14562.pdf,pdfpaint,True,pdfpaint issue14562.pdf opt e10s fission stylo webrender,4774762,77,ms,firefox,454366867,1872957757,2024-04-11T23:15:25,863.33,90ef908ff18573cca9f4f0e5d676df56875c68b5,1408175
autoland,5098902,1,73391afd9fc940be1e03519c3ee38089272b621e,macosx1015-64-shippable-qr,True,False,,,102210fe594ee9b33d82058545b1ed14f4c8206e,issue14562.pdf,pdfpaint,True,pdfpaint issue14562.pdf opt e10s fission stylo webrender,4774762,77,ms,firefox,454419203,1873274740,2024-04-12T14:13:45,882.11,be4463b26a49bdb9c791eaf7d0b41ff9eb0294d3,1408318
autoland,5098902,1,73391afd9fc940be1e03519c3ee38089272b621e,macosx1015-64-shippable-qr,True,False,,,102210fe594ee9b33d82058545b1ed14f4c8206e,issue14562.pdf,pdfpaint,True,pdfpaint issue14562.pdf opt e10s fission stylo webrender,4774762,77,ms,firefox,454435949,1873363096,2024-04-12T20:21:58,916.63,5e5bc998487f4e6ee9fe6fe52ca5eb66cd37de03,1408379
autoland,5098902,1,73391afd9fc940be1e03519c3ee38089272b621e,macosx1015-64-shippable-qr,True,False,,,102210fe594ee9b33d82058545b1ed14f4c8206e,issue14562.pdf,pdfpaint,True,pdfpaint issue14562.pdf opt e10s fission stylo webrender,4774762,77,ms,firefox,454440456,1873396748,2024-04-13T06:05:05,880.02,39657b697a7ffcda0f07cae917b68f1e84f57d54,1408439
autoland,5098902,1,73391afd9fc940be1e03519c3ee38089272b621e,macosx1015-64-shippable-qr,True,False,,,102210fe594ee9b33d82058545b1ed14f4c8206e,issue14562.pdf,pdfpaint,True,pdfpaint issue14562.pdf opt e10s fission stylo webrender,4774762,77,ms,firefox,454463808,1873500841,2024-04-13T20:36:37,879.29,1dc823d4e96db6fe0450fcb588466eff7038b4cc,1408512
autoland,5098902,1,73391afd9fc940be1e03519c3ee38089272b621e,macosx1015-64-shippable-qr,True,False,,,102210fe594ee9b33d82058545b1ed14f4c8206e,issue14562.pdf,pdfpaint,True,pdfpaint issue14562.pdf opt e10s fission stylo webrender,4774762,77,ms,firefox,454485053,1873663927,2024-04-14T12:41:18,875.5,25a22c2f939167a119d912b3fe61312db879d576,1408562
autoland,5098902,1,73391afd9fc940be1e03519c3ee38089272b621e,macosx1015-64-shippable-qr,True,False,,,102210fe594ee9b33d82058545b1ed14f4c8206e,issue14562.pdf,pdfpaint,True,pdfpaint issue14562.pdf opt e10s fission stylo webrender,4774762,77,ms,firefox,454505062,1873796218,2024-04-15T00:20:26,992.4,8c457b0d7626241855c3c025a2531eb5f00b8cfc,1408605
autoland,5098902,1,73391afd9fc940be1e03519c3ee38089272b621e,macosx1015-64-shippable-qr,True,False,,,102210fe594ee9b33d82058545b1ed14f4c8206e,issue14562.pdf,pdfpaint,True,pdfpaint issue14562.pdf opt e10s fission stylo webrender,4774762,77,ms,firefox,454511651,1873838184,2024-04-15T05:51:41,891.0,4b17d2a2a7ae64b3c8d364d200a6b97cc636dffd,1408627
autoland,5098902,1,73391afd9fc940be1e03519c3ee38089272b621e,macosx1015-64-shippable-qr,True,False,,,102210fe594ee9b33d82058545b1ed14f4c8206e,issue14562.pdf,pdfpaint,True,pdfpaint issue14562.pdf opt e10s fission stylo webrender,4774762,77,ms,firefox,454535322,1873941449,2024-04-15T10:25:42,880.5799999999999,177f569e862519d4372977ba20b630f95e24ef1c,1408738
autoland,5098902,1,73391afd9fc940be1e03519c3ee38089272b621e,macosx1015-64-shippable-qr,True,False,,,102210fe594ee9b33d82058545b1ed14f4c8206e,issue14562.pdf,pdfpaint,True,pdfpaint issue14562.pdf opt e10s fission stylo webrender,4774762,77,ms,firefox,454584311,1874126648,2024-04-15T14:58:12,872.3,4897460458d13272e6016fd9e4c184c3c41cbd74,1408898
autoland,5098902,1,73391afd9fc940be1e03519c3ee38089272b621e,macosx1015-64-shippable-qr,True,False,,,102210fe594ee9b33d82058545b1ed14f4c8206e,issue14562.pdf,pdfpaint,True,pdfpaint issue14562.pdf opt e10s fission stylo webrender,4774762,77,ms,firefox,454601142,1874222142,2024-04-15T18:18:39,885.47,d49ecc17e4ae83fbccee8ffbe50a119039d1e408,1409057
autoland,5098902,1,73391afd9fc940be1e03519c3ee38089272b621e,macosx1015-64-shippable-qr,True,False,,,102210fe594ee9b33d82058545b1ed14f4c8206e,issue14562.pdf,pdfpaint,True,pdfpaint issue14562.pdf opt e10s fission stylo webrender,4774762,77,ms,firefox,454627875,1874362586,2024-04-15T20:13:44,873.51,8d488b7ac977a67ba128a580f6959fe058df2fe5,1409141
autoland,5098902,1,73391afd9fc940be1e03519c3ee38089272b621e,macosx1015-64-shippable-qr,True,False,,,102210fe594ee9b33d82058545b1ed14f4c8206e,issue14562.pdf,pdfpaint,True,pdfpaint issue14562.pdf opt e10s fission stylo webrender,4774762,77,ms,firefox,454634705,1874410510,2024-04-15T21:50:25,1003.87,547363a98ae60f0645c5cc21aeecffb7e0ddb047,1409212
autoland,5098902,1,73391afd9fc940be1e03519c3ee38089272b621e,macosx1015-64-shippable-qr,True,False,,,102210fe594ee9b33d82058545b1ed14f4c8206e,issue14562.pdf,pdfpaint,True,pdfpaint issue14562.pdf opt e10s fission stylo webrender,4774762,77,ms,firefox,454645977,1874452590,2024-04-16T00:41:18,874.13,5a31505f08c64efa6eb7a8ed02d5e9c0db448e37,1409277
autoland,5098902,1,73391afd9fc940be1e03519c3ee38089272b621e,macosx1015-64-shippable-qr,True,False,,,102210fe594ee9b33d82058545b1ed14f4c8206e,issue14562.pdf,pdfpaint,True,pdfpaint issue14562.pdf opt e10s fission stylo webrender,4774762,77,ms,firefox,454666539,1874542520,2024-04-16T05:04:40,881.79,69a1a1d802b357216fef131d6ad99816defddc1f,1409360
autoland,5098902,1,73391afd9fc940be1e03519c3ee38089272b621e,macosx1015-64-shippable-qr,True,False,,,102210fe594ee9b33d82058545b1ed14f4c8206e,issue14562.pdf,pdfpaint,True,pdfpaint issue14562.pdf opt e10s fission stylo webrender,4774762,77,ms,firefox,454694556,1874620213,2024-04-16T09:18:49,1014.5,2949cb403e680d76f7bcb101117ceefeb480b064,1409480
autoland,5098902,1,73391afd9fc940be1e03519c3ee38089272b621e,macosx1015-64-shippable-qr,True,False,,,102210fe594ee9b33d82058545b1ed14f4c8206e,issue14562.pdf,pdfpaint,True,pdfpaint issue14562.pdf opt e10s fission stylo webrender,4774762,77,ms,firefox,454715562,1874726672,2024-04-16T13:28:04,888.95,11d1c89ad8b2dad0cee1caf733cd833e448945eb,1409649
autoland,5098902,1,73391afd9fc940be1e03519c3ee38089272b621e,macosx1015-64-shippable-qr,True,False,,,102210fe594ee9b33d82058545b1ed14f4c8206e,issue14562.pdf,pdfpaint,True,pdfpaint issue14562.pdf opt e10s fission stylo webrender,4774762,77,ms,firefox,454740890,1874886851,2024-04-16T17:33:30,860.55,12c7f0b00cd7ce4e2edde6ff37daf12e807388b1,1409875
autoland,5098902,1,73391afd9fc940be1e03519c3ee38089272b621e,macosx1015-64-shippable-qr,True,False,,,102210fe594ee9b33d82058545b1ed14f4c8206e,issue14562.pdf,pdfpaint,True,pdfpaint issue14562.pdf opt e10s fission stylo webrender,4774762,77,ms,firefox,454757979,1874967544,2024-04-16T20:13:25,902.3,852d3945e38d8d16c4cf17918e862882d7ef363c,1409984
autoland,5098902,1,73391afd9fc940be1e03519c3ee38089272b621e,macosx1015-64-shippable-qr,True,False,,,102210fe594ee9b33d82058545b1ed14f4c8206e,issue14562.pdf,pdfpaint,True,pdfpaint issue14562.pdf opt e10s fission stylo webrender,4774762,77,ms,firefox,454777938,1875061760,2024-04-17T00:00:12,878.1700000000001,3f5bf473ca3cf95233298d16ad833028500755e6,1410132
autoland,5098902,1,73391afd9fc940be1e03519c3ee38089272b621e,macosx1015-64-shippable-qr,True,False,,,102210fe594ee9b33d82058545b1ed14f4c8206e,issue14562.pdf,pdfpaint,True,pdfpaint issue14562.pdf opt e10s fission stylo webrender,4774762,77,ms,firefox,454798922,1875219331,2024-04-17T04:14:52,1005.06,7900ea0538965c6aba695fd896a6e2833d781007,1410204
autoland,5098902,1,73391afd9fc940be1e03519c3ee38089272b621e,macosx1015-64-shippable-qr,True,False,,,102210fe594ee9b33d82058545b1ed14f4c8206e,issue14562.pdf,pdfpaint,True,pdfpaint issue14562.pdf opt e10s fission stylo webrender,4774762,77,ms,firefox,454838636,1875368572,2024-04-17T08:24:06,881.0699999999999,acabdf625d68e5d96c49e0eebb5c71f4286e5ffd,1410333
autoland,5098902,1,73391afd9fc940be1e03519c3ee38089272b621e,macosx1015-64-shippable-qr,True,False,,,102210fe594ee9b33d82058545b1ed14f4c8206e,issue14562.pdf,pdfpaint,True,pdfpaint issue14562.pdf opt e10s fission stylo webrender,4774762,77,ms,firefox,454864711,1875437039,2024-04-17T11:47:51,886.5,05ad651d0c97009f3d906febefe9888c127c2660,1410461
autoland,5098902,1,73391afd9fc940be1e03519c3ee38089272b621e,macosx1015-64-shippable-qr,True,False,,,102210fe594ee9b33d82058545b1ed14f4c8206e,issue14562.pdf,pdfpaint,True,pdfpaint issue14562.pdf opt e10s fission stylo webrender,4774762,77,ms,firefox,454875475,1875488007,2024-04-17T13:57:03,865.44,57f6925a520cf97f4af35e42db00435e817475dc,1410569
autoland,5098902,1,73391afd9fc940be1e03519c3ee38089272b621e,macosx1015-64-shippable-qr,True,False,,,102210fe594ee9b33d82058545b1ed14f4c8206e,issue14562.pdf,pdfpaint,True,pdfpaint issue14562.pdf opt e10s fission stylo webrender,4774762,77,ms,firefox,454907442,1875611415,2024-04-17T18:33:15,881.53,25500210a453fec07cc9d95612bbe778bae07f71,1410800
autoland,5098902,1,73391afd9fc940be1e03519c3ee38089272b621e,macosx1015-64-shippable-qr,True,False,,,102210fe594ee9b33d82058545b1ed14f4c8206e,issue14562.pdf,pdfpaint,True,pdfpaint issue14562.pdf opt e10s fission stylo webrender,4774762,77,ms,firefox,454919936,1875654624,2024-04-17T20:25:11,873.98,d35a7bf5f1fc33f0f83edc8fdcffd17131fd9b82,1410917
autoland,5098902,1,73391afd9fc940be1e03519c3ee38089272b621e,macosx1015-64-shippable-qr,True,False,,,102210fe594ee9b33d82058545b1ed14f4c8206e,issue14562.pdf,pdfpaint,True,pdfpaint issue14562.pdf opt e10s fission stylo webrender,4774762,77,ms,firefox,454938361,1875735512,2024-04-18T00:20:10,1012.52,1bf7d54b4913d7994ed2ce4b07f0426fc70b4b7e,1411120
autoland,5098902,1,73391afd9fc940be1e03519c3ee38089272b621e,macosx1015-64-shippable-qr,True,False,,,102210fe594ee9b33d82058545b1ed14f4c8206e,issue14562.pdf,pdfpaint,True,pdfpaint issue14562.pdf opt e10s fission stylo webrender,4774762,77,ms,firefox,454954880,1875811184,2024-04-18T03:49:51,895.47,12adf93b9ad4085d4f0b493c368533bb040dce46,1411204
autoland,5098902,1,73391afd9fc940be1e03519c3ee38089272b621e,macosx1015-64-shippable-qr,True,False,,,102210fe594ee9b33d82058545b1ed14f4c8206e,issue14562.pdf,pdfpaint,True,pdfpaint issue14562.pdf opt e10s fission stylo webrender,4774762,77,ms,firefox,454976014,1875935975,2024-04-18T07:53:55,882.03,d4cde5148929d0d9587580bca2d37027d7424348,1411277
autoland,5098902,1,73391afd9fc940be1e03519c3ee38089272b621e,macosx1015-64-shippable-qr,True,False,,,102210fe594ee9b33d82058545b1ed14f4c8206e,issue14562.pdf,pdfpaint,True,pdfpaint issue14562.pdf opt e10s fission stylo webrender,4774762,77,ms,firefox,455005101,1876063412,2024-04-18T12:14:33,873.5999999999999,123e0c272c21270c6f9a5e2fca3bfbc72c7b5ef9,1411435
autoland,5098902,1,73391afd9fc940be1e03519c3ee38089272b621e,macosx1015-64-shippable-qr,True,False,,,102210fe594ee9b33d82058545b1ed14f4c8206e,issue14562.pdf,pdfpaint,True,pdfpaint issue14562.pdf opt e10s fission stylo webrender,4774762,77,ms,firefox,455065819,1876307754,2024-04-18T15:42:46,857.72,257d3013546c7ec40031343c459162a0b69fa6f2,1411573
autoland,5098902,1,73391afd9fc940be1e03519c3ee38089272b621e,macosx1015-64-shippable-qr,True,False,,,102210fe594ee9b33d82058545b1ed14f4c8206e,issue14562.pdf,pdfpaint,True,pdfpaint issue14562.pdf opt e10s fission stylo webrender,4774762,77,ms,firefox,455080567,1876385713,2024-04-18T18:28:28,1014.28,0f5d446707971afc1fab01c0a28b208101241b8a,1411727
autoland,5098902,1,73391afd9fc940be1e03519c3ee38089272b621e,macosx1015-64-shippable-qr,True,False,,,102210fe594ee9b33d82058545b1ed14f4c8206e,issue14562.pdf,pdfpaint,True,pdfpaint issue14562.pdf opt e10s fission stylo webrender,4774762,77,ms,firefox,455095383,1876503911,2024-04-18T21:15:15,861.02,eed297665148d999a1c59d7d6e66f6973e0dd84c,1411845
autoland,5098902,1,73391afd9fc940be1e03519c3ee38089272b621e,macosx1015-64-shippable-qr,True,False,,,102210fe594ee9b33d82058545b1ed14f4c8206e,issue14562.pdf,pdfpaint,True,pdfpaint issue14562.pdf opt e10s fission stylo webrender,4774762,77,ms,firefox,455110619,1876641065,2024-04-19T01:55:54,902.02,3e097fca93b9af809ad16ed1d5f0bdd874f8f8e2,1411981
autoland,5098902,1,73391afd9fc940be1e03519c3ee38089272b621e,macosx1015-64-shippable-qr,True,False,,,102210fe594ee9b33d82058545b1ed14f4c8206e,issue14562.pdf,pdfpaint,True,pdfpaint issue14562.pdf opt e10s fission stylo webrender,4774762,77,ms,firefox,455119053,1876776171,2024-04-19T06:08:52,863.1600000000001,99364906cd1d11016d0fc2dc03a8b7fd11705aa4,1412057
autoland,5098902,1,73391afd9fc940be1e03519c3ee38089272b621e,macosx1015-64-shippable-qr,True,False,,,102210fe594ee9b33d82058545b1ed14f4c8206e,issue14562.pdf,pdfpaint,True,pdfpaint issue14562.pdf opt e10s fission stylo webrender,4774762,77,ms,firefox,455151046,1876980093,2024-04-19T10:27:22,1005.78,465ebfc7da3d3a6de812574016249ab37ab8605c,1412150
autoland,5098902,1,73391afd9fc940be1e03519c3ee38089272b621e,macosx1015-64-shippable-qr,True,False,,,102210fe594ee9b33d82058545b1ed14f4c8206e,issue14562.pdf,pdfpaint,True,pdfpaint issue14562.pdf opt e10s fission stylo webrender,4774762,77,ms,firefox,455186338,1877103856,2024-04-19T14:48:08,984.28,4b196ac64ccbf1061ee2c2835e31fe8b071b9099,1412270
autoland,5098902,1,73391afd9fc940be1e03519c3ee38089272b621e,macosx1015-64-shippable-qr,True,False,,,102210fe594ee9b33d82058545b1ed14f4c8206e,issue14562.pdf,pdfpaint,True,pdfpaint issue14562.pdf opt e10s fission stylo webrender,4774762,77,ms,firefox,455213984,1877243497,2024-04-19T18:48:31,876.6500000000001,cf54488baa94dff90075eb1c2e96afc7353a4eee,1412477
autoland,5098902,1,73391afd9fc940be1e03519c3ee38089272b621e,macosx1015-64-shippable-qr,True,False,,,102210fe594ee9b33d82058545b1ed14f4c8206e,issue14562.pdf,pdfpaint,True,pdfpaint issue14562.pdf opt e10s fission stylo webrender,4774762,77,ms,firefox,455242117,1877410431,2024-04-19T22:58:06,880.3199999999999,fd56e5907d69d8a14032cc7ec308f013a266ee16,1412613
autoland,5098902,1,73391afd9fc940be1e03519c3ee38089272b621e,macosx1015-64-shippable-qr,True,False,,,102210fe594ee9b33d82058545b1ed14f4c8206e,issue14562.pdf,pdfpaint,True,pdfpaint issue14562.pdf opt e10s fission stylo webrender,4774762,77,ms,firefox,455253522,1877503540,2024-04-20T05:31:24,1011.54,4797f0a19ccc6dca6f6aa6710f76967e23ba6276,1412701
autoland,5098902,1,73391afd9fc940be1e03519c3ee38089272b621e,macosx1015-64-shippable-qr,True,False,,,102210fe594ee9b33d82058545b1ed14f4c8206e,issue14562.pdf,pdfpaint,True,pdfpaint issue14562.pdf opt e10s fission stylo webrender,4774762,77,ms,firefox,455283250,1877617040,2024-04-20T15:42:35,866.1800000000001,f5d9ea237d971478f314e77299398079989b786c,1412749
autoland,5098902,1,73391afd9fc940be1e03519c3ee38089272b621e,macosx1015-64-shippable-qr,True,False,,,102210fe594ee9b33d82058545b1ed14f4c8206e,issue14562.pdf,pdfpaint,True,pdfpaint issue14562.pdf opt e10s fission stylo webrender,4774762,77,ms,firefox,455289098,1877658566,2024-04-21T00:18:25,850.74,65ceed609eb489d653eefc7e22fa34f869027a26,1412781
autoland,5098902,1,73391afd9fc940be1e03519c3ee38089272b621e,macosx1015-64-shippable-qr,True,False,,,102210fe594ee9b33d82058545b1ed14f4c8206e,issue14562.pdf,pdfpaint,True,pdfpaint issue14562.pdf opt e10s fission stylo webrender,4774762,77,ms,firefox,455324832,1877841858,2024-04-21T21:40:30,872.1800000000001,400d4e6908a3aef8f83ae4db204d62e3e028f704,1412843
autoland,5098902,1,73391afd9fc940be1e03519c3ee38089272b621e,macosx1015-64-shippable-qr,True,False,,,102210fe594ee9b33d82058545b1ed14f4c8206e,issue14562.pdf,pdfpaint,True,pdfpaint issue14562.pdf opt e10s fission stylo webrender,4774762,77,ms,firefox,455335348,1877953850,2024-04-22T04:00:04,1016.34,d4a6129fdbbe32300d5069df6ce47dd92f665c96,1412913
autoland,5098902,1,73391afd9fc940be1e03519c3ee38089272b621e,macosx1015-64-shippable-qr,True,False,,,102210fe594ee9b33d82058545b1ed14f4c8206e,issue14562.pdf,pdfpaint,True,pdfpaint issue14562.pdf opt e10s fission stylo webrender,4774762,77,ms,firefox,455350169,1878034436,2024-04-22T08:07:09,858.9200000000001,5a83d047329402d960e6c402c6deb27927a436c9,1412944
autoland,5098902,1,73391afd9fc940be1e03519c3ee38089272b621e,macosx1015-64-shippable-qr,True,False,,,102210fe594ee9b33d82058545b1ed14f4c8206e,issue14562.pdf,pdfpaint,True,pdfpaint issue14562.pdf opt e10s fission stylo webrender,4774762,77,ms,firefox,455386252,1878152197,2024-04-22T12:07:57,879.61,1c34b0b26d5a556ee695c70bd744ca9f129f456e,1413048
autoland,5098902,1,73391afd9fc940be1e03519c3ee38089272b621e,macosx1015-64-shippable-qr,True,False,,,102210fe594ee9b33d82058545b1ed14f4c8206e,issue14562.pdf,pdfpaint,True,pdfpaint issue14562.pdf opt e10s fission stylo webrender,4774762,77,ms,firefox,455436176,1878336987,2024-04-22T19:20:17,895.1,ed724b89a2c25252a6eab99f0fa48f85f2523b66,1413379
autoland,5098902,1,73391afd9fc940be1e03519c3ee38089272b621e,macosx1015-64-shippable-qr,True,False,,,102210fe594ee9b33d82058545b1ed14f4c8206e,issue14562.pdf,pdfpaint,True,pdfpaint issue14562.pdf opt e10s fission stylo webrender,4774762,77,ms,firefox,455475567,1878571114,2024-04-22T23:20:55,969.9000000000001,294255d7250372c7cd6256cb6d1da23325d1f728,1413581
autoland,5098902,1,73391afd9fc940be1e03519c3ee38089272b621e,macosx1015-64-shippable-qr,True,False,,,102210fe594ee9b33d82058545b1ed14f4c8206e,issue14562.pdf,pdfpaint,True,pdfpaint issue14562.pdf opt e10s fission stylo webrender,4774762,77,ms,firefox,455489441,1878664039,2024-04-23T03:59:43,875.49,074d29b6e81d7fbf5ac7dea664ffea6a59b41b80,1413693
autoland,5098902,1,73391afd9fc940be1e03519c3ee38089272b621e,macosx1015-64-shippable-qr,True,False,,,102210fe594ee9b33d82058545b1ed14f4c8206e,issue14562.pdf,pdfpaint,True,pdfpaint issue14562.pdf opt e10s fission stylo webrender,4774762,77,ms,firefox,455506722,1878763790,2024-04-23T08:01:00,998.31,5519716422b3e14060894caded45bac7a3aeb773,1413770
autoland,5098902,1,73391afd9fc940be1e03519c3ee38089272b621e,macosx1015-64-shippable-qr,True,False,,,102210fe594ee9b33d82058545b1ed14f4c8206e,issue14562.pdf,pdfpaint,True,pdfpaint issue14562.pdf opt e10s fission stylo webrender,4774762,77,ms,firefox,455536492,1878851482,2024-04-23T11:54:58,972.88,d0b5d121d8fc8ffddbec3e026a455ecfe0071347,1413921
autoland,5098902,1,73391afd9fc940be1e03519c3ee38089272b621e,macosx1015-64-shippable-qr,True,False,,,102210fe594ee9b33d82058545b1ed14f4c8206e,issue14562.pdf,pdfpaint,True,pdfpaint issue14562.pdf opt e10s fission stylo webrender,4774762,77,ms,firefox,455560297,1879015211,2024-04-23T15:44:45,872.21,058dc2e8394c7361874508e49f2bbbfc3173f1a9,1414120
autoland,5098902,1,73391afd9fc940be1e03519c3ee38089272b621e,macosx1015-64-shippable-qr,True,False,,,102210fe594ee9b33d82058545b1ed14f4c8206e,issue14562.pdf,pdfpaint,True,pdfpaint issue14562.pdf opt e10s fission stylo webrender,4774762,77,ms,firefox,455587710,1879194444,2024-04-23T18:21:27,865.38,1c40eb01d534a1c361c5c6fe0b3fdc64aed2c883,1414216
autoland,5098902,1,73391afd9fc940be1e03519c3ee38089272b621e,macosx1015-64-shippable-qr,True,False,,,102210fe594ee9b33d82058545b1ed14f4c8206e,issue14562.pdf,pdfpaint,True,pdfpaint issue14562.pdf opt e10s fission stylo webrender,4774762,77,ms,firefox,455613361,1879325313,2024-04-23T22:59:53,862.04,b516592332299274cdbcfd113f1d8a97cc0ee8af,1414419
autoland,5098902,1,73391afd9fc940be1e03519c3ee38089272b621e,macosx1015-64-shippable-qr,True,False,,,102210fe594ee9b33d82058545b1ed14f4c8206e,issue14562.pdf,pdfpaint,True,pdfpaint issue14562.pdf opt e10s fission stylo webrender,4774762,77,ms,firefox,455630819,1879433183,2024-04-24T03:55:37,863.4200000000001,3de3f9428f138bf269718fceb36c5112a195ca37,1414529
autoland,5098902,1,73391afd9fc940be1e03519c3ee38089272b621e,macosx1015-64-shippable-qr,True,False,,,102210fe594ee9b33d82058545b1ed14f4c8206e,issue14562.pdf,pdfpaint,True,pdfpaint issue14562.pdf opt e10s fission stylo webrender,4774762,77,ms,firefox,455652698,1879575795,2024-04-24T07:56:15,1014.13,fd7d96cffddb9a76a1ecc148c3b284e8003fe6b9,1414632
autoland,5098902,1,73391afd9fc940be1e03519c3ee38089272b621e,macosx1015-64-shippable-qr,True,False,,,102210fe594ee9b33d82058545b1ed14f4c8206e,issue14562.pdf,pdfpaint,True,pdfpaint issue14562.pdf opt e10s fission stylo webrender,4774762,77,ms,firefox,455706952,1879809612,2024-04-24T12:15:38,889.39,87963547052db96296ae50e55c8266cbfc3bd922,1414844
autoland,5098902,1,73391afd9fc940be1e03519c3ee38089272b621e,macosx1015-64-shippable-qr,True,False,,,102210fe594ee9b33d82058545b1ed14f4c8206e,issue14562.pdf,pdfpaint,True,pdfpaint issue14562.pdf opt e10s fission stylo webrender,4774762,77,ms,firefox,455757020,147977,2024-04-25T00:20:54,878.28,ec5140ea1b1384a44d1ce6e0271fc97472399e96,1415370
autoland,5098902,1,73391afd9fc940be1e03519c3ee38089272b621e,macosx1015-64-shippable-qr,True,False,,,102210fe594ee9b33d82058545b1ed14f4c8206e,issue14562.pdf,pdfpaint,True,pdfpaint issue14562.pdf opt e10s fission stylo webrender,4774762,77,ms,firefox,455792219,355907,2024-04-25T02:34:18,886.78,cffa531d3b2e833bda2b3f035d37edb92f838428,1415633
autoland,5098902,1,73391afd9fc940be1e03519c3ee38089272b621e,macosx1015-64-shippable-qr,True,False,,,102210fe594ee9b33d82058545b1ed14f4c8206e,issue14562.pdf,pdfpaint,True,pdfpaint issue14562.pdf opt e10s fission stylo webrender,4774762,77,ms,firefox,455798478,436189,2024-04-25T05:01:58,875.4000000000001,792c9892791495e8f13e77e5a78bfda83ab7a455,1415718
autoland,5098902,1,73391afd9fc940be1e03519c3ee38089272b621e,macosx1015-64-shippable-qr,True,False,,,102210fe594ee9b33d82058545b1ed14f4c8206e,issue14562.pdf,pdfpaint,True,pdfpaint issue14562.pdf opt e10s fission stylo webrender,4774762,77,ms,firefox,455827050,558054,2024-04-25T09:09:49,863.47,5b0d6bb6f3780aaf074d79548381fd6e7a565b85,1415822
autoland,5098902,1,73391afd9fc940be1e03519c3ee38089272b621e,macosx1015-64-shippable-qr,True,False,,,102210fe594ee9b33d82058545b1ed14f4c8206e,issue14562.pdf,pdfpaint,True,pdfpaint issue14562.pdf opt e10s fission stylo webrender,4774762,77,ms,firefox,455854601,636631,2024-04-25T13:10:04,885.48,88f7b12683ce863c6ca742ac14e176ee045383bd,1416008
autoland,5098902,1,73391afd9fc940be1e03519c3ee38089272b621e,macosx1015-64-shippable-qr,True,False,,,102210fe594ee9b33d82058545b1ed14f4c8206e,issue14562.pdf,pdfpaint,True,pdfpaint issue14562.pdf opt e10s fission stylo webrender,4774762,77,ms,firefox,455878804,752531,2024-04-25T16:29:00,874.05,6611338ffbdafbbc5b82211b1c255353bdb30763,1416183
autoland,5098902,1,73391afd9fc940be1e03519c3ee38089272b621e,macosx1015-64-shippable-qr,True,False,,,102210fe594ee9b33d82058545b1ed14f4c8206e,issue14562.pdf,pdfpaint,True,pdfpaint issue14562.pdf opt e10s fission stylo webrender,4774762,77,ms,firefox,455927440,975904,2024-04-25T21:12:20,890.33,6a497992821d53c3704819a4f43c6a7d3234c5a2,1416361
autoland,5098902,1,73391afd9fc940be1e03519c3ee38089272b621e,macosx1015-64-shippable-qr,True,False,,,102210fe594ee9b33d82058545b1ed14f4c8206e,issue14562.pdf,pdfpaint,True,pdfpaint issue14562.pdf opt e10s fission stylo webrender,4774762,77,ms,firefox,455944552,1033316,2024-04-26T01:33:24,875.71,b89431ee0f24bcb481d894ad21288e4f09e1960d,1416487
autoland,5098902,1,73391afd9fc940be1e03519c3ee38089272b621e,macosx1015-64-shippable-qr,True,False,,,102210fe594ee9b33d82058545b1ed14f4c8206e,issue14562.pdf,pdfpaint,True,pdfpaint issue14562.pdf opt e10s fission stylo webrender,4774762,77,ms,firefox,455956682,1118813,2024-04-26T05:34:38,885.6,ed2448d27fe2e034cd5804dc7310c3f72ac2eaa5,1416537
autoland,5098902,1,73391afd9fc940be1e03519c3ee38089272b621e,macosx1015-64-shippable-qr,True,False,,,102210fe594ee9b33d82058545b1ed14f4c8206e,issue14562.pdf,pdfpaint,True,pdfpaint issue14562.pdf opt e10s fission stylo webrender,4774762,77,ms,firefox,455993170,1291409,2024-04-26T09:39:43,858.55,c8be3827903b85cfb4313957b4f308f696d3b0fe,1416671
autoland,5098902,1,73391afd9fc940be1e03519c3ee38089272b621e,macosx1015-64-shippable-qr,True,False,,,102210fe594ee9b33d82058545b1ed14f4c8206e,issue14562.pdf,pdfpaint,True,pdfpaint issue14562.pdf opt e10s fission stylo webrender,4774762,77,ms,firefox,456023680,1382148,2024-04-26T13:51:38,888.71,462f013c08cacd7abfae1f2d1bf26354372a829f,1416831
autoland,5098902,1,73391afd9fc940be1e03519c3ee38089272b621e,macosx1015-64-shippable-qr,True,False,,,102210fe594ee9b33d82058545b1ed14f4c8206e,issue14562.pdf,pdfpaint,True,pdfpaint issue14562.pdf opt e10s fission stylo webrender,4774762,77,ms,firefox,456056574,1543520,2024-04-26T17:53:01,880.84,ed101e266315213d1ad0a423c49bade6ff5df172,1417003
autoland,5098902,1,73391afd9fc940be1e03519c3ee38089272b621e,macosx1015-64-shippable-qr,True,False,,,102210fe594ee9b33d82058545b1ed14f4c8206e,issue14562.pdf,pdfpaint,True,pdfpaint issue14562.pdf opt e10s fission stylo webrender,4774762,77,ms,firefox,456079967,1653496,2024-04-26T22:54:36,917.97,7b85c82d731ddab976c6abe7e54685cacaebba41,1417188
autoland,5098902,1,73391afd9fc940be1e03519c3ee38089272b621e,macosx1015-64-shippable-qr,True,False,,,102210fe594ee9b33d82058545b1ed14f4c8206e,issue14562.pdf,pdfpaint,True,pdfpaint issue14562.pdf opt e10s fission stylo webrender,4774762,77,ms,firefox,456093744,1733810,2024-04-27T03:46:15,883.14,45defed78aafc90410c68310027bf771bcfc5968,1417229
autoland,5098902,1,73391afd9fc940be1e03519c3ee38089272b621e,macosx1015-64-shippable-qr,True,False,,,102210fe594ee9b33d82058545b1ed14f4c8206e,issue14562.pdf,pdfpaint,True,pdfpaint issue14562.pdf opt e10s fission stylo webrender,4774762,77,ms,firefox,456113128,1826971,2024-04-27T10:47:32,880.44,b694b588a2936a5c99a0ecf2d9d8fb6382a2bff4,1417256
autoland,5098902,1,73391afd9fc940be1e03519c3ee38089272b621e,macosx1015-64-shippable-qr,True,False,,,102210fe594ee9b33d82058545b1ed14f4c8206e,issue14562.pdf,pdfpaint,True,pdfpaint issue14562.pdf opt e10s fission stylo webrender,4774762,77,ms,firefox,456136180,1938387,2024-04-27T18:43:51,882.1,69bb72420e433fa8d66fff354e5ce90402289ac1,1417294
autoland,5098902,1,73391afd9fc940be1e03519c3ee38089272b621e,macosx1015-64-shippable-qr,True,False,,,102210fe594ee9b33d82058545b1ed14f4c8206e,issue14562.pdf,pdfpaint,True,pdfpaint issue14562.pdf opt e10s fission stylo webrender,4774762,77,ms,firefox,456150605,2006102,2024-04-27T22:45:22,865.25,8256dde0533523666a60914881f81717e1705f8a,1417317
autoland,5098902,1,73391afd9fc940be1e03519c3ee38089272b621e,macosx1015-64-shippable-qr,True,False,,,102210fe594ee9b33d82058545b1ed14f4c8206e,issue14562.pdf,pdfpaint,True,pdfpaint issue14562.pdf opt e10s fission stylo webrender,4774762,77,ms,firefox,456157018,2041522,2024-04-28T03:23:06,867.8299999999999,d1651fe33156a2aab5884ab1eaaaa8c5dd64631d,1417329
autoland,5098902,1,73391afd9fc940be1e03519c3ee38089272b621e,macosx1015-64-shippable-qr,True,False,,,102210fe594ee9b33d82058545b1ed14f4c8206e,issue14562.pdf,pdfpaint,True,pdfpaint issue14562.pdf opt e10s fission stylo webrender,4774762,77,ms,firefox,456177653,2121005,2024-04-28T10:04:44,927.09,e479324bc8bb9135d7a48ad8ebc677725f27de37,1417378
autoland,5098902,1,73391afd9fc940be1e03519c3ee38089272b621e,macosx1015-64-shippable-qr,True,False,,,102210fe594ee9b33d82058545b1ed14f4c8206e,issue14562.pdf,pdfpaint,True,pdfpaint issue14562.pdf opt e10s fission stylo webrender,4774762,77,ms,firefox,456186521,2172948,2024-04-28T14:13:44,890.89,f157e5d64220507743654737cdd9b5e74f4f3ed5,1417383
autoland,5098902,1,73391afd9fc940be1e03519c3ee38089272b621e,macosx1015-64-shippable-qr,True,False,,,102210fe594ee9b33d82058545b1ed14f4c8206e,issue14562.pdf,pdfpaint,True,pdfpaint issue14562.pdf opt e10s fission stylo webrender,4774762,77,ms,firefox,456191808,2207997,2024-04-28T19:02:33,876.73,717a883474bedbbf5f420ffd52c76d3f6d4b910d,1417402
autoland,5098902,1,73391afd9fc940be1e03519c3ee38089272b621e,macosx1015-64-shippable-qr,True,False,,,102210fe594ee9b33d82058545b1ed14f4c8206e,issue14562.pdf,pdfpaint,True,pdfpaint issue14562.pdf opt e10s fission stylo webrender,4774762,77,ms,firefox,456207966,2277188,2024-04-29T00:22:43,876.15,0481d43263e16ab0b359e3c85888197704857817,1417434
autoland,5098902,1,73391afd9fc940be1e03519c3ee38089272b621e,macosx1015-64-shippable-qr,True,False,,,102210fe594ee9b33d82058545b1ed14f4c8206e,issue14562.pdf,pdfpaint,True,pdfpaint issue14562.pdf opt e10s fission stylo webrender,4774762,77,ms,firefox,456215811,2343071,2024-04-29T06:17:09,1011.91,6b17c605c084e2db078b234e703a176d3b427fe1,1417456
autoland,5098902,1,73391afd9fc940be1e03519c3ee38089272b621e,macosx1015-64-shippable-qr,True,False,,,102210fe594ee9b33d82058545b1ed14f4c8206e,issue14562.pdf,pdfpaint,True,pdfpaint issue14562.pdf opt e10s fission stylo webrender,4774762,77,ms,firefox,456246494,2515510,2024-04-29T10:38:34,874.15,04a668ef9c909b54153526f6b4e28b4287e80664,1417565
autoland,5098902,1,73391afd9fc940be1e03519c3ee38089272b621e,macosx1015-64-shippable-qr,True,False,,,102210fe594ee9b33d82058545b1ed14f4c8206e,issue14562.pdf,pdfpaint,True,pdfpaint issue14562.pdf opt e10s fission stylo webrender,4774762,77,ms,firefox,456296881,2712038,2024-04-29T14:46:23,1016.54,650dda9187436a12c66c2e81441e68e1d481e164,1417768
autoland,5098902,1,73391afd9fc940be1e03519c3ee38089272b621e,macosx1015-64-shippable-qr,True,False,,,102210fe594ee9b33d82058545b1ed14f4c8206e,issue14562.pdf,pdfpaint,True,pdfpaint issue14562.pdf opt e10s fission stylo webrender,4774762,77,ms,firefox,456758867,5050682,2024-04-29T16:10:32,859.8199999999999,b3f29ecc3e0d4f939b6fb58778081591817a7622,1417859
autoland,5098902,1,73391afd9fc940be1e03519c3ee38089272b621e,macosx1015-64-shippable-qr,True,False,,,102210fe594ee9b33d82058545b1ed14f4c8206e,issue14562.pdf,pdfpaint,True,pdfpaint issue14562.pdf opt e10s fission stylo webrender,4774762,77,ms,firefox,456748935,5027595,2024-04-29T16:29:28,888.69,6794b5674ee4681394a51066fb9100a243057a87,1417871
autoland,5098902,1,73391afd9fc940be1e03519c3ee38089272b621e,macosx1015-64-shippable-qr,True,False,,,102210fe594ee9b33d82058545b1ed14f4c8206e,issue14562.pdf,pdfpaint,True,pdfpaint issue14562.pdf opt e10s fission stylo webrender,4774762,77,ms,firefox,456758291,5048810,2024-04-29T17:13:07,996.73,2218b1b338de9dcdf57a7baa5deb83c70efff23b,1417909
autoland,5098902,1,73391afd9fc940be1e03519c3ee38089272b621e,macosx1015-64-shippable-qr,True,False,,,102210fe594ee9b33d82058545b1ed14f4c8206e,issue14562.pdf,pdfpaint,True,pdfpaint issue14562.pdf opt e10s fission stylo webrender,4774762,77,ms,firefox,456764867,5080851,2024-04-29T17:13:57,877.27,b685d0db42484d74a9c5ecdbf0a136d095d43f85,1417911
autoland,5098902,1,73391afd9fc940be1e03519c3ee38089272b621e,macosx1015-64-shippable-qr,True,False,,,102210fe594ee9b33d82058545b1ed14f4c8206e,issue14562.pdf,pdfpaint,True,pdfpaint issue14562.pdf opt e10s fission stylo webrender,4774762,77,ms,firefox,456778520,5144594,2024-04-29T17:14:44,1014.38,ad731b28ba0c7ff6dcd202c4d6d5f40c43f5d315,1417912
autoland,5098902,1,73391afd9fc940be1e03519c3ee38089272b621e,macosx1015-64-shippable-qr,True,False,,,102210fe594ee9b33d82058545b1ed14f4c8206e,issue14562.pdf,pdfpaint,True,pdfpaint issue14562.pdf opt e10s fission stylo webrender,4774762,77,ms,firefox,456885909,5736404,2024-04-29T17:14:44,1012.6800000000001,ad731b28ba0c7ff6dcd202c4d6d5f40c43f5d315,1417912
autoland,5098902,1,73391afd9fc940be1e03519c3ee38089272b621e,macosx1015-64-shippable-qr,True,False,,,102210fe594ee9b33d82058545b1ed14f4c8206e,issue14562.pdf,pdfpaint,True,pdfpaint issue14562.pdf opt e10s fission stylo webrender,4774762,77,ms,firefox,456758545,5049404,2024-04-29T17:15:33,881.48,6d6b80ebc023d7e0afacbdf9d265f3cc81b969ca,1417914
autoland,5098902,1,73391afd9fc940be1e03519c3ee38089272b621e,macosx1015-64-shippable-qr,True,False,,,102210fe594ee9b33d82058545b1ed14f4c8206e,issue14562.pdf,pdfpaint,True,pdfpaint issue14562.pdf opt e10s fission stylo webrender,4774762,77,ms,firefox,456885907,5735445,2024-04-29T17:15:33,863.72,6d6b80ebc023d7e0afacbdf9d265f3cc81b969ca,1417914
autoland,5098902,1,73391afd9fc940be1e03519c3ee38089272b621e,macosx1015-64-shippable-qr,True,False,,,102210fe594ee9b33d82058545b1ed14f4c8206e,issue14562.pdf,pdfpaint,True,pdfpaint issue14562.pdf opt e10s fission stylo webrender,4774762,77,ms,firefox,456760280,5054831,2024-04-29T17:16:21,821.4000000000001,e11258e505c1fdc71392f9cc4645f50e77715116,1417915
autoland,5098902,1,73391afd9fc940be1e03519c3ee38089272b621e,macosx1015-64-shippable-qr,True,False,,,102210fe594ee9b33d82058545b1ed14f4c8206e,issue14562.pdf,pdfpaint,True,pdfpaint issue14562.pdf opt e10s fission stylo webrender,4774762,77,ms,firefox,456885911,5735547,2024-04-29T17:16:21,889.23,e11258e505c1fdc71392f9cc4645f50e77715116,1417915
autoland,5098902,1,73391afd9fc940be1e03519c3ee38089272b621e,macosx1015-64-shippable-qr,True,False,,,102210fe594ee9b33d82058545b1ed14f4c8206e,issue14562.pdf,pdfpaint,True,pdfpaint issue14562.pdf opt e10s fission stylo webrender,4774762,77,ms,firefox,456744323,4999062,2024-04-29T17:17:34,926.36,ce0c34e548fa0a7299d1299ad04ffefda2fd908e,1417918
autoland,5098902,1,73391afd9fc940be1e03519c3ee38089272b621e,macosx1015-64-shippable-qr,True,False,,,102210fe594ee9b33d82058545b1ed14f4c8206e,issue14562.pdf,pdfpaint,True,pdfpaint issue14562.pdf opt e10s fission stylo webrender,4774762,77,ms,firefox,456885910,5736787,2024-04-29T17:17:34,887.2,ce0c34e548fa0a7299d1299ad04ffefda2fd908e,1417918
autoland,5098902,1,73391afd9fc940be1e03519c3ee38089272b621e,macosx1015-64-shippable-qr,True,False,,,102210fe594ee9b33d82058545b1ed14f4c8206e,issue14562.pdf,pdfpaint,True,pdfpaint issue14562.pdf opt e10s fission stylo webrender,4774762,77,ms,firefox,456738845,4972491,2024-04-29T17:18:26,995.22,18d19413472fa83236e4d6d0259ad3d9e7b72137,1417919
autoland,5098902,1,73391afd9fc940be1e03519c3ee38089272b621e,macosx1015-64-shippable-qr,True,False,,,102210fe594ee9b33d82058545b1ed14f4c8206e,issue14562.pdf,pdfpaint,True,pdfpaint issue14562.pdf opt e10s fission stylo webrender,4774762,77,ms,firefox,456885908,5736835,2024-04-29T17:18:26,869.49,18d19413472fa83236e4d6d0259ad3d9e7b72137,1417919
autoland,5098902,1,73391afd9fc940be1e03519c3ee38089272b621e,macosx1015-64-shippable-qr,True,False,,,102210fe594ee9b33d82058545b1ed14f4c8206e,issue14562.pdf,pdfpaint,True,pdfpaint issue14562.pdf opt e10s fission stylo webrender,4774762,77,ms,firefox,456319024,2840600,2024-04-29T17:19:25,1001.98,fb9d21d9a3f911f1748f03b323b8358292a5588c,1417921
autoland,5098902,1,73391afd9fc940be1e03519c3ee38089272b621e,macosx1015-64-shippable-qr,True,False,,,102210fe594ee9b33d82058545b1ed14f4c8206e,issue14562.pdf,pdfpaint,True,pdfpaint issue14562.pdf opt e10s fission stylo webrender,4774762,77,ms,firefox,456885912,5736532,2024-04-29T17:19:25,882.97,fb9d21d9a3f911f1748f03b323b8358292a5588c,1417921
autoland,5098902,1,73391afd9fc940be1e03519c3ee38089272b621e,macosx1015-64-shippable-qr,True,False,,,102210fe594ee9b33d82058545b1ed14f4c8206e,issue14562.pdf,pdfpaint,True,pdfpaint issue14562.pdf opt e10s fission stylo webrender,4774762,77,ms,firefox,456906023,5889036,2024-04-29T17:20:23,895.1,f9b51076bd38d912309c64ae5e2d0f80780f737b,1417923
autoland,5098902,1,73391afd9fc940be1e03519c3ee38089272b621e,macosx1015-64-shippable-qr,True,False,,,102210fe594ee9b33d82058545b1ed14f4c8206e,issue14562.pdf,pdfpaint,True,pdfpaint issue14562.pdf opt e10s fission stylo webrender,4774762,77,ms,firefox,456907100,5904296,2024-04-29T17:21:11,881.38,5b17aae879ee7956354e908629da8c7cdcd4e513,1417924
autoland,5098902,1,73391afd9fc940be1e03519c3ee38089272b621e,macosx1015-64-shippable-qr,True,False,,,102210fe594ee9b33d82058545b1ed14f4c8206e,issue14562.pdf,pdfpaint,True,pdfpaint issue14562.pdf opt e10s fission stylo webrender,4774762,77,ms,firefox,456907596,5908424,2024-04-29T17:29:31,898.23,ef3bdd9b5d95305feceac04a3799a9da52ddebe7,1417930
autoland,5098902,1,73391afd9fc940be1e03519c3ee38089272b621e,macosx1015-64-shippable-qr,True,False,,,102210fe594ee9b33d82058545b1ed14f4c8206e,issue14562.pdf,pdfpaint,True,pdfpaint issue14562.pdf opt e10s fission stylo webrender,4774762,77,ms,firefox,456911753,5935025,2024-04-29T17:37:31,882.11,b7267d41be4cb8388bfd6b8cfb09416cff2c52f6,1417934
autoland,5098902,1,73391afd9fc940be1e03519c3ee38089272b621e,macosx1015-64-shippable-qr,True,False,,,102210fe594ee9b33d82058545b1ed14f4c8206e,issue14562.pdf,pdfpaint,True,pdfpaint issue14562.pdf opt e10s fission stylo webrender,4774762,77,ms,firefox,456913268,5944701,2024-04-29T17:38:18,1006.16,6b3704a51804d30714671650c24fe676a8c7d46b,1417935
autoland,5098902,1,73391afd9fc940be1e03519c3ee38089272b621e,macosx1015-64-shippable-qr,True,False,,,102210fe594ee9b33d82058545b1ed14f4c8206e,issue14562.pdf,pdfpaint,True,pdfpaint issue14562.pdf opt e10s fission stylo webrender,4774762,77,ms,firefox,456911658,5934436,2024-04-29T17:39:50,873.05,39ea829f93550d8fe36e5f384c53bd8f651cc2d3,1417937
autoland,5098902,1,73391afd9fc940be1e03519c3ee38089272b621e,macosx1015-64-shippable-qr,True,False,,,102210fe594ee9b33d82058545b1ed14f4c8206e,issue14562.pdf,pdfpaint,True,pdfpaint issue14562.pdf opt e10s fission stylo webrender,4774762,77,ms,firefox,456913433,5945224,2024-04-29T17:43:51,877.51,23e01cbf3fa0a365ca55bd601f5d13995ce52d98,1417944
autoland,5098902,1,73391afd9fc940be1e03519c3ee38089272b621e,macosx1015-64-shippable-qr,True,False,,,102210fe594ee9b33d82058545b1ed14f4c8206e,issue14562.pdf,pdfpaint,True,pdfpaint issue14562.pdf opt e10s fission stylo webrender,4774762,77,ms,firefox,456909146,5918816,2024-04-29T17:45:57,1012.97,3a94256f6e7c69555d68716cf1b3fc37c63531c0,1417947
autoland,5098902,1,73391afd9fc940be1e03519c3ee38089272b621e,macosx1015-64-shippable-qr,True,False,,,102210fe594ee9b33d82058545b1ed14f4c8206e,issue14562.pdf,pdfpaint,True,pdfpaint issue14562.pdf opt e10s fission stylo webrender,4774762,77,ms,firefox,456914167,5949419,2024-04-29T17:49:29,868.79,8352f97210102f1f39d14f9eed18f30a9bdc72c2,1417953
autoland,5098902,1,73391afd9fc940be1e03519c3ee38089272b621e,macosx1015-64-shippable-qr,True,False,,,102210fe594ee9b33d82058545b1ed14f4c8206e,issue14562.pdf,pdfpaint,True,pdfpaint issue14562.pdf opt e10s fission stylo webrender,4774762,77,ms,firefox,456906576,5898859,2024-04-29T18:02:14,878.06,6c3008cdfd7185db052d11255089eed68df60fcb,1417960
autoland,5098902,1,73391afd9fc940be1e03519c3ee38089272b621e,macosx1015-64-shippable-qr,True,False,,,102210fe594ee9b33d82058545b1ed14f4c8206e,issue14562.pdf,pdfpaint,True,pdfpaint issue14562.pdf opt e10s fission stylo webrender,4774762,77,ms,firefox,456764242,5077102,2024-04-29T18:06:54,871.03,070ecf81208b3efb8e07c9052f8e7f384c846b7d,1417962
autoland,5098902,1,73391afd9fc940be1e03519c3ee38089272b621e,macosx1015-64-shippable-qr,True,False,,,102210fe594ee9b33d82058545b1ed14f4c8206e,issue14562.pdf,pdfpaint,True,pdfpaint issue14562.pdf opt e10s fission stylo webrender,4774762,77,ms,firefox,456885931,5737174,2024-04-29T18:06:54,1013.11,070ecf81208b3efb8e07c9052f8e7f384c846b7d,1417962
autoland,5098902,1,73391afd9fc940be1e03519c3ee38089272b621e,macosx1015-64-shippable-qr,True,False,,,102210fe594ee9b33d82058545b1ed14f4c8206e,issue14562.pdf,pdfpaint,True,pdfpaint issue14562.pdf opt e10s fission stylo webrender,4774762,77,ms,firefox,456752904,5042554,2024-04-29T18:15:11,1011.59,a2ec4e1379a8551e5fa0a6ae1027f7c4cecbab8f,1417964
autoland,5098902,1,73391afd9fc940be1e03519c3ee38089272b621e,macosx1015-64-shippable-qr,True,False,,,102210fe594ee9b33d82058545b1ed14f4c8206e,issue14562.pdf,pdfpaint,True,pdfpaint issue14562.pdf opt e10s fission stylo webrender,4774762,77,ms,firefox,456885936,5736960,2024-04-29T18:15:11,885.3599999999999,a2ec4e1379a8551e5fa0a6ae1027f7c4cecbab8f,1417964
autoland,5098902,1,73391afd9fc940be1e03519c3ee38089272b621e,macosx1015-64-shippable-qr,True,False,,,102210fe594ee9b33d82058545b1ed14f4c8206e,issue14562.pdf,pdfpaint,True,pdfpaint issue14562.pdf opt e10s fission stylo webrender,4774762,77,ms,firefox,456763065,5073272,2024-04-29T18:27:22,895.96,4903efa8315999c48fbbf604ebb87ec2934a6718,1417973
autoland,5098902,1,73391afd9fc940be1e03519c3ee38089272b621e,macosx1015-64-shippable-qr,True,False,,,102210fe594ee9b33d82058545b1ed14f4c8206e,issue14562.pdf,pdfpaint,True,pdfpaint issue14562.pdf opt e10s fission stylo webrender,4774762,77,ms,firefox,456885937,5735918,2024-04-29T18:27:22,872.04,4903efa8315999c48fbbf604ebb87ec2934a6718,1417973
autoland,5098902,1,73391afd9fc940be1e03519c3ee38089272b621e,macosx1015-64-shippable-qr,True,False,,,102210fe594ee9b33d82058545b1ed14f4c8206e,issue14562.pdf,pdfpaint,True,pdfpaint issue14562.pdf opt e10s fission stylo webrender,4774762,77,ms,firefox,456766663,5088325,2024-04-29T18:53:40,1006.54,f1190bf9a503dfc632eca473b7b09fec74d44b7b,1417990
autoland,5098902,1,73391afd9fc940be1e03519c3ee38089272b621e,macosx1015-64-shippable-qr,True,False,,,102210fe594ee9b33d82058545b1ed14f4c8206e,issue14562.pdf,pdfpaint,True,pdfpaint issue14562.pdf opt e10s fission stylo webrender,4774762,77,ms,firefox,456886000,5737836,2024-04-29T18:53:40,867.8399999999999,f1190bf9a503dfc632eca473b7b09fec74d44b7b,1417990
autoland,5098902,1,73391afd9fc940be1e03519c3ee38089272b621e,macosx1015-64-shippable-qr,True,False,,,102210fe594ee9b33d82058545b1ed14f4c8206e,issue14562.pdf,pdfpaint,True,pdfpaint issue14562.pdf opt e10s fission stylo webrender,4774762,77,ms,firefox,456779459,5152233,2024-04-29T19:02:31,881.5799999999999,cc67b2e73fe8b78a9c1f1f8e10d88f3e7b301e2d,1417998
autoland,5098902,1,73391afd9fc940be1e03519c3ee38089272b621e,macosx1015-64-shippable-qr,True,False,,,102210fe594ee9b33d82058545b1ed14f4c8206e,issue14562.pdf,pdfpaint,True,pdfpaint issue14562.pdf opt e10s fission stylo webrender,4774762,77,ms,firefox,456885996,5737066,2024-04-29T19:02:31,884.4300000000001,cc67b2e73fe8b78a9c1f1f8e10d88f3e7b301e2d,1417998
autoland,5098902,1,73391afd9fc940be1e03519c3ee38089272b621e,macosx1015-64-shippable-qr,True,False,,,102210fe594ee9b33d82058545b1ed14f4c8206e,issue14562.pdf,pdfpaint,True,pdfpaint issue14562.pdf opt e10s fission stylo webrender,4774762,77,ms,firefox,456730226,4923187,2024-04-29T19:09:18,883.47,7ee587aa5a8a0142c3a61e23e34f819b0d2ff8f7,1417999
autoland,5098902,1,73391afd9fc940be1e03519c3ee38089272b621e,macosx1015-64-shippable-qr,True,False,,,102210fe594ee9b33d82058545b1ed14f4c8206e,issue14562.pdf,pdfpaint,True,pdfpaint issue14562.pdf opt e10s fission stylo webrender,4774762,77,ms,firefox,456885997,5737317,2024-04-29T19:09:18,877.8299999999999,7ee587aa5a8a0142c3a61e23e34f819b0d2ff8f7,1417999
autoland,5098902,1,73391afd9fc940be1e03519c3ee38089272b621e,macosx1015-64-shippable-qr,True,False,,,102210fe594ee9b33d82058545b1ed14f4c8206e,issue14562.pdf,pdfpaint,True,pdfpaint issue14562.pdf opt e10s fission stylo webrender,4774762,77,ms,firefox,456719325,4858705,2024-04-29T19:23:36,765.17,296069b0c24b4d16e632f820e0fc09bdf1d0fccb,1418005
autoland,5098902,1,73391afd9fc940be1e03519c3ee38089272b621e,macosx1015-64-shippable-qr,True,False,,,102210fe594ee9b33d82058545b1ed14f4c8206e,issue14562.pdf,pdfpaint,True,pdfpaint issue14562.pdf opt e10s fission stylo webrender,4774762,77,ms,firefox,456886002,5737985,2024-04-29T19:23:36,1013.03,296069b0c24b4d16e632f820e0fc09bdf1d0fccb,1418005
autoland,5098902,1,73391afd9fc940be1e03519c3ee38089272b621e,macosx1015-64-shippable-qr,True,False,,,102210fe594ee9b33d82058545b1ed14f4c8206e,issue14562.pdf,pdfpaint,True,pdfpaint issue14562.pdf opt e10s fission stylo webrender,4774762,77,ms,firefox,456750355,5034284,2024-04-29T19:24:23,1012.94,3bcfd592501d7983b82c42b32de3f890b23c30ef,1418006
autoland,5098902,1,73391afd9fc940be1e03519c3ee38089272b621e,macosx1015-64-shippable-qr,True,False,,,102210fe594ee9b33d82058545b1ed14f4c8206e,issue14562.pdf,pdfpaint,True,pdfpaint issue14562.pdf opt e10s fission stylo webrender,4774762,77,ms,firefox,456885999,5737820,2024-04-29T19:24:23,878.1400000000001,3bcfd592501d7983b82c42b32de3f890b23c30ef,1418006
autoland,5098902,1,73391afd9fc940be1e03519c3ee38089272b621e,macosx1015-64-shippable-qr,True,False,,,102210fe594ee9b33d82058545b1ed14f4c8206e,issue14562.pdf,pdfpaint,True,pdfpaint issue14562.pdf opt e10s fission stylo webrender,4774762,77,ms,firefox,456743604,4998933,2024-04-29T19:37:18,885.15,d0fdb7981e5f21a94050bfc81b01ea7c81083f82,1418014
autoland,5098902,1,73391afd9fc940be1e03519c3ee38089272b621e,macosx1015-64-shippable-qr,True,False,,,102210fe594ee9b33d82058545b1ed14f4c8206e,issue14562.pdf,pdfpaint,True,pdfpaint issue14562.pdf opt e10s fission stylo webrender,4774762,77,ms,firefox,456886004,5737761,2024-04-29T19:37:18,855.4300000000001,d0fdb7981e5f21a94050bfc81b01ea7c81083f82,1418014
autoland,5098902,1,73391afd9fc940be1e03519c3ee38089272b621e,macosx1015-64-shippable-qr,True,False,,,102210fe594ee9b33d82058545b1ed14f4c8206e,issue14562.pdf,pdfpaint,True,pdfpaint issue14562.pdf opt e10s fission stylo webrender,4774762,77,ms,firefox,456335335,2946752,2024-04-29T19:52:22,899.73,e9cdeeb2f957d210479897325c1d72ded8f512a4,1418020
autoland,5098902,1,73391afd9fc940be1e03519c3ee38089272b621e,macosx1015-64-shippable-qr,True,False,,,102210fe594ee9b33d82058545b1ed14f4c8206e,issue14562.pdf,pdfpaint,True,pdfpaint issue14562.pdf opt e10s fission stylo webrender,4774762,77,ms,firefox,456369041,3078829,2024-04-30T00:02:50,860.3599999999999,660a39c9cdc7fc3c728c5da5ccaa8856854fa346,1418169
autoland,5098902,1,73391afd9fc940be1e03519c3ee38089272b621e,macosx1015-64-shippable-qr,True,False,,,102210fe594ee9b33d82058545b1ed14f4c8206e,issue14562.pdf,pdfpaint,True,pdfpaint issue14562.pdf opt e10s fission stylo webrender,4774762,77,ms,firefox,456379625,3138343,2024-04-30T05:00:53,869.8199999999999,0c6cd807867dbaf592b3c7db4eef81220fe03acf,1418256
autoland,5098902,1,73391afd9fc940be1e03519c3ee38089272b621e,macosx1015-64-shippable-qr,True,False,,,102210fe594ee9b33d82058545b1ed14f4c8206e,issue14562.pdf,pdfpaint,True,pdfpaint issue14562.pdf opt e10s fission stylo webrender,4774762,77,ms,firefox,456412715,3295169,2024-04-30T09:02:30,879.74,5502377f2629549b2b7c5368c980d0487ed281d4,1418348
autoland,5098902,1,73391afd9fc940be1e03519c3ee38089272b621e,macosx1015-64-shippable-qr,True,False,,,102210fe594ee9b33d82058545b1ed14f4c8206e,issue14562.pdf,pdfpaint,True,pdfpaint issue14562.pdf opt e10s fission stylo webrender,4774762,77,ms,firefox,456438939,3376628,2024-04-30T13:09:55,881.0999999999999,df31c6244c03bc65932fec706fefedf091587459,1418487
autoland,5098902,1,73391afd9fc940be1e03519c3ee38089272b621e,macosx1015-64-shippable-qr,True,False,,,102210fe594ee9b33d82058545b1ed14f4c8206e,issue14562.pdf,pdfpaint,True,pdfpaint issue14562.pdf opt e10s fission stylo webrender,4774762,77,ms,firefox,456462262,3527628,2024-04-30T16:26:23,872.73,8f7500d7e530d9db7e5101922db97ea633705f4e,1418685
autoland,5098902,1,73391afd9fc940be1e03519c3ee38089272b621e,macosx1015-64-shippable-qr,True,False,,,102210fe594ee9b33d82058545b1ed14f4c8206e,issue14562.pdf,pdfpaint,True,pdfpaint issue14562.pdf opt e10s fission stylo webrender,4774762,77,ms,firefox,456481528,3607647,2024-04-30T19:24:53,1012.02,ec8f015d7e7237118cd2c9633310bf3b43bc902b,1418797
autoland,5098902,1,73391afd9fc940be1e03519c3ee38089272b621e,macosx1015-64-shippable-qr,True,False,,,102210fe594ee9b33d82058545b1ed14f4c8206e,issue14562.pdf,pdfpaint,True,pdfpaint issue14562.pdf opt e10s fission stylo webrender,4774762,77,ms,firefox,456515988,3756730,2024-04-30T23:32:26,881.48,cd22a3f9463d7df724c7e17c83b6f9d8fe0dd54e,1418926
autoland,5098902,1,73391afd9fc940be1e03519c3ee38089272b621e,macosx1015-64-shippable-qr,True,False,,,102210fe594ee9b33d82058545b1ed14f4c8206e,issue14562.pdf,pdfpaint,True,pdfpaint issue14562.pdf opt e10s fission stylo webrender,4774762,77,ms,firefox,456524335,3824575,2024-05-01T03:47:22,862.96,5801de1f3daa092cf721149dc96e7b073c172a92,1419018
autoland,5098902,1,73391afd9fc940be1e03519c3ee38089272b621e,macosx1015-64-shippable-qr,True,False,,,102210fe594ee9b33d82058545b1ed14f4c8206e,issue14562.pdf,pdfpaint,True,pdfpaint issue14562.pdf opt e10s fission stylo webrender,4774762,77,ms,firefox,456531630,3879030,2024-05-01T07:50:28,931.81,287f670c824ebf9c8dbde990f795f92c94af4882,1419058
autoland,5098902,1,73391afd9fc940be1e03519c3ee38089272b621e,macosx1015-64-shippable-qr,True,False,,,102210fe594ee9b33d82058545b1ed14f4c8206e,issue14562.pdf,pdfpaint,True,pdfpaint issue14562.pdf opt e10s fission stylo webrender,4774762,77,ms,firefox,456577769,4052765,2024-05-01T18:27:07,866.76,0c09216614e40f92d253d63a3699eb680be6773a,1419281
autoland,5098902,1,73391afd9fc940be1e03519c3ee38089272b621e,macosx1015-64-shippable-qr,True,False,,,102210fe594ee9b33d82058545b1ed14f4c8206e,issue14562.pdf,pdfpaint,True,pdfpaint issue14562.pdf opt e10s fission stylo webrender,4774762,77,ms,firefox,456602629,4203804,2024-05-01T20:27:27,919.75,b8f4a7d4d873dccbf25b9bc2f3510753c2b3fde7,1419379
autoland,5098902,1,73391afd9fc940be1e03519c3ee38089272b621e,macosx1015-64-shippable-qr,True,False,,,102210fe594ee9b33d82058545b1ed14f4c8206e,issue14562.pdf,pdfpaint,True,pdfpaint issue14562.pdf opt e10s fission stylo webrender,4774762,77,ms,firefox,456615008,4282704,2024-05-01T23:13:57,1013.4100000000001,533fbd9c5056d0b2611e332cddafd7337193d64f,1419453
autoland,5098902,1,73391afd9fc940be1e03519c3ee38089272b621e,macosx1015-64-shippable-qr,True,False,,,102210fe594ee9b33d82058545b1ed14f4c8206e,issue14562.pdf,pdfpaint,True,pdfpaint issue14562.pdf opt e10s fission stylo webrender,4774762,77,ms,firefox,456637129,4387737,2024-05-02T04:22:12,865.85,dda5d5286866494223d6cc52382d52032d961218,1419529
autoland,5098902,1,73391afd9fc940be1e03519c3ee38089272b621e,macosx1015-64-shippable-qr,True,False,,,102210fe594ee9b33d82058545b1ed14f4c8206e,issue14562.pdf,pdfpaint,True,pdfpaint issue14562.pdf opt e10s fission stylo webrender,4774762,77,ms,firefox,456779527,5161053,2024-05-02T08:48:43,879.03,8f1e622a3413df009913d856f603c77b8e637efc,1419618
autoland,5098902,1,73391afd9fc940be1e03519c3ee38089272b621e,macosx1015-64-shippable-qr,True,False,,,102210fe594ee9b33d82058545b1ed14f4c8206e,issue14562.pdf,pdfpaint,True,pdfpaint issue14562.pdf opt e10s fission stylo webrender,4774762,77,ms,firefox,456780291,5172225,2024-05-02T12:53:32,866.6700000000001,ea25d02dac47e6880ab5b936adc308c24cbeab32,1419765
autoland,5098902,1,73391afd9fc940be1e03519c3ee38089272b621e,macosx1015-64-shippable-qr,True,False,,,102210fe594ee9b33d82058545b1ed14f4c8206e,issue14562.pdf,pdfpaint,True,pdfpaint issue14562.pdf opt e10s fission stylo webrender,4774762,77,ms,firefox,456782073,5187638,2024-05-02T15:44:03,870.92,91cfcfc5935b5ac51c36c1a08a064c33a2d96fd5,1419950
autoland,5098902,1,73391afd9fc940be1e03519c3ee38089272b621e,macosx1015-64-shippable-qr,True,False,,,102210fe594ee9b33d82058545b1ed14f4c8206e,issue14562.pdf,pdfpaint,True,pdfpaint issue14562.pdf opt e10s fission stylo webrender,4774762,77,ms,firefox,456783037,5195608,2024-05-02T17:57:36,758.37,3a0b95c0a8b3e334c5811a26420f39aaba7e5be3,1420053
autoland,5098902,1,73391afd9fc940be1e03519c3ee38089272b621e,macosx1015-64-shippable-qr,True,False,,,102210fe594ee9b33d82058545b1ed14f4c8206e,issue14562.pdf,pdfpaint,True,pdfpaint issue14562.pdf opt e10s fission stylo webrender,4774762,77,ms,firefox,456784079,5206393,2024-05-02T23:51:01,777.7,f5cfc0ea73926b119ca193381efffbfa5859d867,1420328
autoland,5098902,1,73391afd9fc940be1e03519c3ee38089272b621e,macosx1015-64-shippable-qr,True,False,,,102210fe594ee9b33d82058545b1ed14f4c8206e,issue14562.pdf,pdfpaint,True,pdfpaint issue14562.pdf opt e10s fission stylo webrender,4774762,77,ms,firefox,456806704,5340866,2024-05-03T04:04:06,806.0799999999999,c5c13444d9afc38f2ee8d567a1a17f26a9b6659b,1420386
autoland,5098902,1,73391afd9fc940be1e03519c3ee38089272b621e,macosx1015-64-shippable-qr,True,False,,,102210fe594ee9b33d82058545b1ed14f4c8206e,issue14562.pdf,pdfpaint,True,pdfpaint issue14562.pdf opt e10s fission stylo webrender,4774762,77,ms,firefox,456813081,5354993,2024-05-03T08:10:40,767.18,fd534101970b397f34b099196fabc43b927c7fcf,1420452
autoland,5098902,1,73391afd9fc940be1e03519c3ee38089272b621e,macosx1015-64-shippable-qr,True,False,,,102210fe594ee9b33d82058545b1ed14f4c8206e,issue14562.pdf,pdfpaint,True,pdfpaint issue14562.pdf opt e10s fission stylo webrender,4774762,77,ms,firefox,456853654,5519500,2024-05-03T12:18:12,764.9200000000001,e91d8e436dcc57f87d15822b1dc5b12644cb980e,1420590
autoland,5098902,1,73391afd9fc940be1e03519c3ee38089272b621e,macosx1015-64-shippable-qr,True,False,,,102210fe594ee9b33d82058545b1ed14f4c8206e,issue14562.pdf,pdfpaint,True,pdfpaint issue14562.pdf opt e10s fission stylo webrender,4774762,77,ms,firefox,456888334,5760855,2024-05-03T16:29:14,747.1800000000001,0a8a8f84140a331e815f8520a76a3c928e4486ea,1420823
autoland,5098902,1,73391afd9fc940be1e03519c3ee38089272b621e,macosx1015-64-shippable-qr,True,False,,,102210fe594ee9b33d82058545b1ed14f4c8206e,issue14562.pdf,pdfpaint,True,pdfpaint issue14562.pdf opt e10s fission stylo webrender,4774762,77,ms,firefox,456921865,6045740,2024-05-03T19:41:01,752.21,1e88e24f01e40c6d9b7e3f222f4fbb0d55c9639d,1420975
autoland,5098902,1,73391afd9fc940be1e03519c3ee38089272b621e,macosx1015-64-shippable-qr,True,False,,,102210fe594ee9b33d82058545b1ed14f4c8206e,issue14562.pdf,pdfpaint,True,pdfpaint issue14562.pdf opt e10s fission stylo webrender,4774762,77,ms,firefox,456936740,6108728,2024-05-04T00:06:35,766.6600000000001,b5ebcaf20c9cca5a0f4b965c398f0f26296df1b5,1421120
autoland,5098902,1,73391afd9fc940be1e03519c3ee38089272b621e,macosx1015-64-shippable-qr,True,False,,,102210fe594ee9b33d82058545b1ed14f4c8206e,issue14562.pdf,pdfpaint,True,pdfpaint issue14562.pdf opt e10s fission stylo webrender,4774762,77,ms,firefox,456967279,6290227,2024-05-04T09:19:48,745.0799999999999,a546ec29a8018c8e98e738460e9bdfd5d4003690,1421174
autoland,5098902,1,73391afd9fc940be1e03519c3ee38089272b621e,macosx1015-64-shippable-qr,True,False,,,102210fe594ee9b33d82058545b1ed14f4c8206e,issue14562.pdf,pdfpaint,True,pdfpaint issue14562.pdf opt e10s fission stylo webrender,4774762,77,ms,firefox,456979077,6337612,2024-05-04T19:44:42,762.17,422a6a673019bc0e2dfd459eceee9594246a0a9d,1421318
autoland,5098902,1,73391afd9fc940be1e03519c3ee38089272b621e,macosx1015-64-shippable-qr,True,False,,,102210fe594ee9b33d82058545b1ed14f4c8206e,issue14562.pdf,pdfpaint,True,pdfpaint issue14562.pdf opt e10s fission stylo webrender,4774762,77,ms,firefox,456995861,6407604,2024-05-05T00:17:27,753.34,1343ec609dea28acb4b297bebd481211e1742b11,1421344
autoland,5098902,1,73391afd9fc940be1e03519c3ee38089272b621e,macosx1015-64-shippable-qr,True,False,,,102210fe594ee9b33d82058545b1ed14f4c8206e,issue14562.pdf,pdfpaint,True,pdfpaint issue14562.pdf opt e10s fission stylo webrender,4774762,77,ms,firefox,457031089,6606335,2024-05-05T08:06:08,745.77,5c3e0ef9b916432dfc42f800c3c7997f58ae5a63,1421422
autoland,5098902,1,73391afd9fc940be1e03519c3ee38089272b621e,macosx1015-64-shippable-qr,True,False,,,102210fe594ee9b33d82058545b1ed14f4c8206e,issue14562.pdf,pdfpaint,True,pdfpaint issue14562.pdf opt e10s fission stylo webrender,4774762,77,ms,firefox,457031556,6622511,2024-05-05T13:09:56,779.4200000000001,286a373804e5360a54d51ec691ba7bfd02def155,1421444
autoland,5098902,1,73391afd9fc940be1e03519c3ee38089272b621e,macosx1015-64-shippable-qr,True,False,,,102210fe594ee9b33d82058545b1ed14f4c8206e,issue14562.pdf,pdfpaint,True,pdfpaint issue14562.pdf opt e10s fission stylo webrender,4774762,77,ms,firefox,457036161,6670339,2024-05-05T17:38:00,762.87,a6cb5ac7a79af000e99bf48f04ecb2943fcd3c68,1421459
autoland,5098902,1,73391afd9fc940be1e03519c3ee38089272b621e,macosx1015-64-shippable-qr,True,False,,,102210fe594ee9b33d82058545b1ed14f4c8206e,issue14562.pdf,pdfpaint,True,pdfpaint issue14562.pdf opt e10s fission stylo webrender,4774762,77,ms,firefox,457055750,6785759,2024-05-05T22:09:52,750.16,ea67e3b59c22cea8a2c797ce9a6608d3ddeaeca9,1421479
autoland,5098902,1,73391afd9fc940be1e03519c3ee38089272b621e,macosx1015-64-shippable-qr,True,False,,,102210fe594ee9b33d82058545b1ed14f4c8206e,issue14562.pdf,pdfpaint,True,pdfpaint issue14562.pdf opt e10s fission stylo webrender,4774762,77,ms,firefox,457060563,6826969,2024-05-06T03:19:39,776.41,ab041350c7569b831b00994a96625b9354dcf6b6,1421502
autoland,5098902,1,73391afd9fc940be1e03519c3ee38089272b621e,macosx1015-64-shippable-qr,True,False,,,102210fe594ee9b33d82058545b1ed14f4c8206e,issue14562.pdf,pdfpaint,True,pdfpaint issue14562.pdf opt e10s fission stylo webrender,4774762,77,ms,firefox,457069816,6890833,2024-05-06T07:31:35,758.13,65e120a9c1dcb9c8f1c8930e808b03aa149eaf40,1421524
autoland,5098902,1,73391afd9fc940be1e03519c3ee38089272b621e,macosx1015-64-shippable-qr,True,False,,,102210fe594ee9b33d82058545b1ed14f4c8206e,issue14562.pdf,pdfpaint,True,pdfpaint issue14562.pdf opt e10s fission stylo webrender,4774762,77,ms,firefox,457101840,7025375,2024-05-06T11:33:14,805.1800000000001,13b26e8e0e39998b30b388bb6f5d84c0e8067c03,1421623
autoland,5098902,1,73391afd9fc940be1e03519c3ee38089272b621e,macosx1015-64-shippable-qr,True,False,,,102210fe594ee9b33d82058545b1ed14f4c8206e,issue14562.pdf,pdfpaint,True,pdfpaint issue14562.pdf opt e10s fission stylo webrender,4774762,77,ms,firefox,457135155,7187621,2024-05-06T15:35:21,836.03,26e8012d5da938871783505e3753b681ab8cb186,1421812
autoland,5098902,1,73391afd9fc940be1e03519c3ee38089272b621e,macosx1015-64-shippable-qr,True,False,,,102210fe594ee9b33d82058545b1ed14f4c8206e,issue14562.pdf,pdfpaint,True,pdfpaint issue14562.pdf opt e10s fission stylo webrender,4774762,77,ms,firefox,457151045,7250296,2024-05-06T17:44:25,747.02,eb10b86b18adfc70952409e13993f834d33fa099,1421908
autoland,5098902,1,73391afd9fc940be1e03519c3ee38089272b621e,macosx1015-64-shippable-qr,True,False,,,102210fe594ee9b33d82058545b1ed14f4c8206e,issue14562.pdf,pdfpaint,True,pdfpaint issue14562.pdf opt e10s fission stylo webrender,4774762,77,ms,firefox,457174055,7334755,2024-05-06T20:39:16,762.45,4c7b1942b455d9c365693e5584f7ea86c5b33615,1422073
autoland,5098902,1,73391afd9fc940be1e03519c3ee38089272b621e,macosx1015-64-shippable-qr,True,False,,,102210fe594ee9b33d82058545b1ed14f4c8206e,issue14562.pdf,pdfpaint,True,pdfpaint issue14562.pdf opt e10s fission stylo webrender,4774762,77,ms,firefox,457212342,7518349,2024-05-07T01:41:54,753.73,945bbd356b57424bcdb359e6d88c48cd03ff2c10,1422278
autoland,5098902,1,73391afd9fc940be1e03519c3ee38089272b621e,macosx1015-64-shippable-qr,True,False,,,102210fe594ee9b33d82058545b1ed14f4c8206e,issue14562.pdf,pdfpaint,True,pdfpaint issue14562.pdf opt e10s fission stylo webrender,4774762,77,ms,firefox,457227331,7585522,2024-05-07T06:04:59,744.6800000000001,80150ac16109a11457c3103e68bf1c7ac29270c0,1422341
autoland,5098902,1,73391afd9fc940be1e03519c3ee38089272b621e,macosx1015-64-shippable-qr,True,False,,,102210fe594ee9b33d82058545b1ed14f4c8206e,issue14562.pdf,pdfpaint,True,pdfpaint issue14562.pdf opt e10s fission stylo webrender,4774762,77,ms,firefox,457275443,7760221,2024-05-07T10:41:19,838.6700000000001,641e15621e7bd2e0e8a2fab82d2b9838e386c3c4,1422484
autoland,5098902,1,73391afd9fc940be1e03519c3ee38089272b621e,macosx1015-64-shippable-qr,True,False,,,102210fe594ee9b33d82058545b1ed14f4c8206e,issue14562.pdf,pdfpaint,True,pdfpaint issue14562.pdf opt e10s fission stylo webrender,4774762,77,ms,firefox,457310046,7910156,2024-05-07T14:42:49,803.4,0041f761ddff5c598852d2b5cc41772a3a11cd0b,1422671
autoland,5098902,1,73391afd9fc940be1e03519c3ee38089272b621e,macosx1015-64-shippable-qr,True,False,,,102210fe594ee9b33d82058545b1ed14f4c8206e,issue14562.pdf,pdfpaint,True,pdfpaint issue14562.pdf opt e10s fission stylo webrender,4774762,77,ms,firefox,457343254,8102635,2024-05-07T18:25:44,754.37,425b44586178edae02872c1fbc0220a0b4ff4c1d,1422943
autoland,5098902,1,73391afd9fc940be1e03519c3ee38089272b621e,macosx1015-64-shippable-qr,True,False,,,102210fe594ee9b33d82058545b1ed14f4c8206e,issue14562.pdf,pdfpaint,True,pdfpaint issue14562.pdf opt e10s fission stylo webrender,4774762,77,ms,firefox,457378600,8315921,2024-05-07T22:14:58,748.24,149e752fdb3fa75a3a02f55e7c7c91f7f704cf8a,1423124
autoland,5098902,1,73391afd9fc940be1e03519c3ee38089272b621e,macosx1015-64-shippable-qr,True,False,,,102210fe594ee9b33d82058545b1ed14f4c8206e,issue14562.pdf,pdfpaint,True,pdfpaint issue14562.pdf opt e10s fission stylo webrender,4774762,77,ms,firefox,457409361,8458718,2024-05-08T04:41:52,747.9000000000001,a0b3e2669a2dc49c467521cb9b7966ca05e3dbc3,1423269
autoland,5098902,1,73391afd9fc940be1e03519c3ee38089272b621e,macosx1015-64-shippable-qr,True,False,,,102210fe594ee9b33d82058545b1ed14f4c8206e,issue14562.pdf,pdfpaint,True,pdfpaint issue14562.pdf opt e10s fission stylo webrender,4774762,77,ms,firefox,457422056,8532953,2024-05-08T08:48:11,746.49,bec816ef2f2c29ed86b08bb592d6283618418e16,1423316
autoland,5098902,1,73391afd9fc940be1e03519c3ee38089272b621e,macosx1015-64-shippable-qr,True,False,,,102210fe594ee9b33d82058545b1ed14f4c8206e,issue14562.pdf,pdfpaint,True,pdfpaint issue14562.pdf opt e10s fission stylo webrender,4774762,77,ms,firefox,457458665,8679478,2024-05-08T13:09:13,758.65,ed7b6f65910afcd687ef5aaa25605666805796bb,1423417
autoland,5098902,1,73391afd9fc940be1e03519c3ee38089272b621e,macosx1015-64-shippable-qr,True,False,,,102210fe594ee9b33d82058545b1ed14f4c8206e,issue14562.pdf,pdfpaint,True,pdfpaint issue14562.pdf opt e10s fission stylo webrender,4774762,77,ms,firefox,457477806,8751641,2024-05-08T15:06:56,775.74,1ebb69c4b2f06a5c589775b3bb2855e58164a487,1423517
autoland,5098902,1,73391afd9fc940be1e03519c3ee38089272b621e,macosx1015-64-shippable-qr,True,False,,,102210fe594ee9b33d82058545b1ed14f4c8206e,issue14562.pdf,pdfpaint,True,pdfpaint issue14562.pdf opt e10s fission stylo webrender,4774762,77,ms,firefox,457504243,8901393,2024-05-08T18:58:38,759.9300000000001,c07ec5ce9aa1d890134ffb93e07d7d0335f27378,1423722
autoland,5098902,1,73391afd9fc940be1e03519c3ee38089272b621e,macosx1015-64-shippable-qr,True,False,,,102210fe594ee9b33d82058545b1ed14f4c8206e,issue14562.pdf,pdfpaint,True,pdfpaint issue14562.pdf opt e10s fission stylo webrender,4774762,77,ms,firefox,457542547,9083706,2024-05-08T23:49:41,746.51,01861e5e1b98806940ababc254bb686f52623b40,1423919
autoland,5098902,1,73391afd9fc940be1e03519c3ee38089272b621e,macosx1015-64-shippable-qr,True,False,,,102210fe594ee9b33d82058545b1ed14f4c8206e,issue14562.pdf,pdfpaint,True,pdfpaint issue14562.pdf opt e10s fission stylo webrender,4774762,77,ms,firefox,457561923,9215166,2024-05-09T04:11:38,838.38,c0f58fd74e56b24f67fccae08097d151e21a0f80,1423993
autoland,5098902,1,73391afd9fc940be1e03519c3ee38089272b621e,macosx1015-64-shippable-qr,True,False,,,102210fe594ee9b33d82058545b1ed14f4c8206e,issue14562.pdf,pdfpaint,True,pdfpaint issue14562.pdf opt e10s fission stylo webrender,4774762,77,ms,firefox,457574092,9298616,2024-05-09T08:49:31,751.85,92274e732410e980f3458a3c592415924a307260,1424041
autoland,5098902,1,73391afd9fc940be1e03519c3ee38089272b621e,macosx1015-64-shippable-qr,True,False,,,102210fe594ee9b33d82058545b1ed14f4c8206e,issue14562.pdf,pdfpaint,True,pdfpaint issue14562.pdf opt e10s fission stylo webrender,4774762,77,ms,firefox,457601232,9390649,2024-05-09T13:14:57,804.97,63503ccafb0395402807ed1da634fa38b3e626ce,1424113
autoland,5098902,1,73391afd9fc940be1e03519c3ee38089272b621e,macosx1015-64-shippable-qr,True,False,,,102210fe594ee9b33d82058545b1ed14f4c8206e,issue14562.pdf,pdfpaint,True,pdfpaint issue14562.pdf opt e10s fission stylo webrender,4774762,77,ms,firefox,457636565,9577530,2024-05-09T16:49:06,772.31,8f49349eeb0ec5df0e1dd3ddd98423138921a029,1424236
autoland,5098902,1,73391afd9fc940be1e03519c3ee38089272b621e,macosx1015-64-shippable-qr,True,False,,,102210fe594ee9b33d82058545b1ed14f4c8206e,issue14562.pdf,pdfpaint,True,pdfpaint issue14562.pdf opt e10s fission stylo webrender,4774762,77,ms,firefox,457673072,9702869,2024-05-10T01:48:09,803.38,63c1eada944ca4fb581301f40dcf9f8c71a72faf,1424449
autoland,5098902,1,73391afd9fc940be1e03519c3ee38089272b621e,macosx1015-64-shippable-qr,True,False,,,102210fe594ee9b33d82058545b1ed14f4c8206e,issue14562.pdf,pdfpaint,True,pdfpaint issue14562.pdf opt e10s fission stylo webrender,4774762,77,ms,firefox,457682325,9795383,2024-05-10T06:24:19,800.46,4df4e109202ff67836eaa61c66a7c65a2f712e11,1424496
autoland,5098902,1,73391afd9fc940be1e03519c3ee38089272b621e,macosx1015-64-shippable-qr,True,False,,,102210fe594ee9b33d82058545b1ed14f4c8206e,issue14562.pdf,pdfpaint,True,pdfpaint issue14562.pdf opt e10s fission stylo webrender,4774762,77,ms,firefox,457705429,9914554,2024-05-10T10:32:58,803.33,16c706919fcf22df1fae8499d4c05d7c88de5109,1424596
autoland,5098902,1,73391afd9fc940be1e03519c3ee38089272b621e,macosx1015-64-shippable-qr,True,False,,,102210fe594ee9b33d82058545b1ed14f4c8206e,issue14562.pdf,pdfpaint,True,pdfpaint issue14562.pdf opt e10s fission stylo webrender,4774762,77,ms,firefox,457724446,10045596,2024-05-10T14:42:49,759.12,77947807186b6fdeb6a22175f148b4de75f0c13f,1424715
autoland,5098902,1,73391afd9fc940be1e03519c3ee38089272b621e,macosx1015-64-shippable-qr,True,False,,,102210fe594ee9b33d82058545b1ed14f4c8206e,issue14562.pdf,pdfpaint,True,pdfpaint issue14562.pdf opt e10s fission stylo webrender,4774762,77,ms,firefox,457752544,10138970,2024-05-10T19:04:52,756.77,b09dd768d80e3ba321a5db4a0d534ea0c5385465,1424880
autoland,5098902,1,73391afd9fc940be1e03519c3ee38089272b621e,macosx1015-64-shippable-qr,True,False,,,102210fe594ee9b33d82058545b1ed14f4c8206e,issue14562.pdf,pdfpaint,True,pdfpaint issue14562.pdf opt e10s fission stylo webrender,4774762,77,ms,firefox,457774193,10271068,2024-05-11T00:21:09,775.74,b97e78c73256d2eb8509d13957dcc69a01a42524,1425017
autoland,5098902,1,73391afd9fc940be1e03519c3ee38089272b621e,macosx1015-64-shippable-qr,True,False,,,102210fe594ee9b33d82058545b1ed14f4c8206e,issue14562.pdf,pdfpaint,True,pdfpaint issue14562.pdf opt e10s fission stylo webrender,4774762,77,ms,firefox,457798849,10376176,2024-05-11T14:45:49,754.19,bb523bc0c70b92a37aa40712e0a1943e32ed6292,1425080
autoland,5098902,1,73391afd9fc940be1e03519c3ee38089272b621e,macosx1015-64-shippable-qr,True,False,,,102210fe594ee9b33d82058545b1ed14f4c8206e,issue14562.pdf,pdfpaint,True,pdfpaint issue14562.pdf opt e10s fission stylo webrender,4774762,77,ms,firefox,457814192,10454565,2024-05-12T00:21:54,767.95,6d2805dd61cb37ade292b230f9ffe14f956f1708,1425090
autoland,5098902,1,73391afd9fc940be1e03519c3ee38089272b621e,macosx1015-64-shippable-qr,True,False,,,102210fe594ee9b33d82058545b1ed14f4c8206e,issue14562.pdf,pdfpaint,True,pdfpaint issue14562.pdf opt e10s fission stylo webrender,4774762,77,ms,firefox,457838028,10541846,2024-05-12T16:46:56,756.75,45d7400ced7eab36c5e094eabc83333b77bd5212,1425114
autoland,5098902,1,73391afd9fc940be1e03519c3ee38089272b621e,macosx1015-64-shippable-qr,True,False,,,102210fe594ee9b33d82058545b1ed14f4c8206e,issue14562.pdf,pdfpaint,True,pdfpaint issue14562.pdf opt e10s fission stylo webrender,4774762,77,ms,firefox,457857424,10621662,2024-05-13T00:18:21,745.31,7d78cd997aff7a651b50b19b4a95117acc7fbd5e,1425138
autoland,5098902,1,73391afd9fc940be1e03519c3ee38089272b621e,macosx1015-64-shippable-qr,True,False,,,102210fe594ee9b33d82058545b1ed14f4c8206e,issue14562.pdf,pdfpaint,True,pdfpaint issue14562.pdf opt e10s fission stylo webrender,4774762,77,ms,firefox,457868481,10695372,2024-05-13T05:40:34,837.6700000000001,028d6e7dae26137f7e83b675a467248c1b7e7459,1425171
autoland,5098902,1,73391afd9fc940be1e03519c3ee38089272b621e,macosx1015-64-shippable-qr,True,False,,,102210fe594ee9b33d82058545b1ed14f4c8206e,issue14562.pdf,pdfpaint,True,pdfpaint issue14562.pdf opt e10s fission stylo webrender,4774762,77,ms,firefox,457926728,10960555,2024-05-13T09:49:27,806.8499999999999,1aba283a0c10087922e138bf0eb8169fe0fb0453,1425313
autoland,5098902,1,73391afd9fc940be1e03519c3ee38089272b621e,macosx1015-64-shippable-qr,True,False,,,102210fe594ee9b33d82058545b1ed14f4c8206e,issue14562.pdf,pdfpaint,True,pdfpaint issue14562.pdf opt e10s fission stylo webrender,4774762,77,ms,firefox,457931391,10980172,2024-05-13T13:39:35,757.88,b6d210063e2361ddf8016764d5686fb759cdc959,1425441
autoland,5098902,1,73391afd9fc940be1e03519c3ee38089272b621e,macosx1015-64-shippable-qr,True,False,,,102210fe594ee9b33d82058545b1ed14f4c8206e,issue14562.pdf,pdfpaint,True,pdfpaint issue14562.pdf opt e10s fission stylo webrender,4774762,77,ms,firefox,457952613,11077862,2024-05-13T16:41:34,755.96,08e4ca828755427c47e151c8afc2cec380e31a9e,1425593
autoland,5098902,1,73391afd9fc940be1e03519c3ee38089272b621e,macosx1015-64-shippable-qr,True,False,,,102210fe594ee9b33d82058545b1ed14f4c8206e,issue14562.pdf,pdfpaint,True,pdfpaint issue14562.pdf opt e10s fission stylo webrender,4774762,77,ms,firefox,457992577,11300525,2024-05-13T20:35:48,755.7,080acbd234b3d95bed203c9e575f7841db819f01,1425765
autoland,5098902,1,73391afd9fc940be1e03519c3ee38089272b621e,macosx1015-64-shippable-qr,True,False,,,102210fe594ee9b33d82058545b1ed14f4c8206e,issue14562.pdf,pdfpaint,True,pdfpaint issue14562.pdf opt e10s fission stylo webrender,4774762,77,ms,firefox,458017213,11445710,2024-05-13T23:27:47,761.7,7dcf45990771541f86bb277f9bb02a5eed4fea03,1425894
autoland,5098902,1,73391afd9fc940be1e03519c3ee38089272b621e,macosx1015-64-shippable-qr,True,False,,,102210fe594ee9b33d82058545b1ed14f4c8206e,issue14562.pdf,pdfpaint,True,pdfpaint issue14562.pdf opt e10s fission stylo webrender,4774762,77,ms,firefox,458095220,11846475,2024-05-14T03:39:07,752.05,d16ac4c1714c9c7e11450a9e92c001aed043d0d4,1425986
autoland,5098902,1,73391afd9fc940be1e03519c3ee38089272b621e,macosx1015-64-shippable-qr,True,False,,,102210fe594ee9b33d82058545b1ed14f4c8206e,issue14562.pdf,pdfpaint,True,pdfpaint issue14562.pdf opt e10s fission stylo webrender,4774762,77,ms,firefox,458112043,11932042,2024-05-14T07:54:52,774.81,f0390136ebbeef553f7b365c19300ce28d4179c4,1426102
autoland,5098902,1,73391afd9fc940be1e03519c3ee38089272b621e,macosx1015-64-shippable-qr,True,False,,,102210fe594ee9b33d82058545b1ed14f4c8206e,issue14562.pdf,pdfpaint,True,pdfpaint issue14562.pdf opt e10s fission stylo webrender,4774762,77,ms,firefox,458113282,11942602,2024-05-14T11:57:58,746.63,8d7fe48731d96d8dd803d469596ddaca6cb5a0ec,1426247
autoland,5098902,1,73391afd9fc940be1e03519c3ee38089272b621e,macosx1015-64-shippable-qr,True,False,,,102210fe594ee9b33d82058545b1ed14f4c8206e,issue14562.pdf,pdfpaint,True,pdfpaint issue14562.pdf opt e10s fission stylo webrender,4774762,77,ms,firefox,458123942,11974670,2024-05-14T15:33:27,751.27,caca40032c919be5b69aade7259c79cecd91b1a2,1426417
autoland,5098902,1,73391afd9fc940be1e03519c3ee38089272b621e,macosx1015-64-shippable-qr,True,False,,,102210fe594ee9b33d82058545b1ed14f4c8206e,issue14562.pdf,pdfpaint,True,pdfpaint issue14562.pdf opt e10s fission stylo webrender,4774762,77,ms,firefox,458198296,12290157,2024-05-14T19:46:37,750.87,b2c1906d3f6e950d783cb681442333a5cea96d8f,1426621
autoland,5098902,1,73391afd9fc940be1e03519c3ee38089272b621e,macosx1015-64-shippable-qr,True,False,,,102210fe594ee9b33d82058545b1ed14f4c8206e,issue14562.pdf,pdfpaint,True,pdfpaint issue14562.pdf opt e10s fission stylo webrender,4774762,77,ms,firefox,458200095,12308933,2024-05-14T21:03:17,802.98,9db188aa6dacbe8e499de5f808c00c672de477a3,1426701
autoland,5098902,1,73391afd9fc940be1e03519c3ee38089272b621e,macosx1015-64-shippable-qr,True,False,,,102210fe594ee9b33d82058545b1ed14f4c8206e,issue14562.pdf,pdfpaint,True,pdfpaint issue14562.pdf opt e10s fission stylo webrender,4774762,77,ms,firefox,458203526,12331519,2024-05-14T21:35:52,750.56,8f2cbb280731a94a6c9281f99425c40858de6a3f,1426752
autoland,5098902,1,73391afd9fc940be1e03519c3ee38089272b621e,macosx1015-64-shippable-qr,True,False,,,102210fe594ee9b33d82058545b1ed14f4c8206e,issue14562.pdf,pdfpaint,True,pdfpaint issue14562.pdf opt e10s fission stylo webrender,4774762,77,ms,firefox,458226753,12462258,2024-05-15T03:28:49,745.98,d1e48e814ff55a857965d9acb56baf1f3c5c1b9a,1426897
autoland,5098902,1,73391afd9fc940be1e03519c3ee38089272b621e,macosx1015-64-shippable-qr,True,False,,,102210fe594ee9b33d82058545b1ed14f4c8206e,issue14562.pdf,pdfpaint,True,pdfpaint issue14562.pdf opt e10s fission stylo webrender,4774762,77,ms,firefox,458247723,12606669,2024-05-15T05:56:14,803.51,7a03e71dc0a13a5213cac25a053dd7ef56ea33ad,1426953
autoland,5098902,1,73391afd9fc940be1e03519c3ee38089272b621e,macosx1015-64-shippable-qr,True,False,,,102210fe594ee9b33d82058545b1ed14f4c8206e,issue14562.pdf,pdfpaint,True,pdfpaint issue14562.pdf opt e10s fission stylo webrender,4774762,77,ms,firefox,458307581,12765953,2024-05-15T10:31:04,763.24,32e2d80f1703e05cced1b86c6a3fce6034763816,1427130
autoland,5098902,1,73391afd9fc940be1e03519c3ee38089272b621e,macosx1015-64-shippable-qr,True,False,,,102210fe594ee9b33d82058545b1ed14f4c8206e,issue14562.pdf,pdfpaint,True,pdfpaint issue14562.pdf opt e10s fission stylo webrender,4774762,77,ms,firefox,458307967,12765815,2024-05-15T12:49:26,745.1,d0e5aee15a6aed29eb8bc65a0af90b963d967526,1427226
autoland,5098902,1,73391afd9fc940be1e03519c3ee38089272b621e,macosx1015-64-shippable-qr,True,False,,,102210fe594ee9b33d82058545b1ed14f4c8206e,issue14562.pdf,pdfpaint,True,pdfpaint issue14562.pdf opt e10s fission stylo webrender,4774762,77,ms,firefox,458342597,12913590,2024-05-15T16:49:59,754.5899999999999,5859e06f261afa608d8033428609bdbd4bfab5fe,1427464
autoland,5098902,1,73391afd9fc940be1e03519c3ee38089272b621e,macosx1015-64-shippable-qr,True,False,,,102210fe594ee9b33d82058545b1ed14f4c8206e,issue14562.pdf,pdfpaint,True,pdfpaint issue14562.pdf opt e10s fission stylo webrender,4774762,77,ms,firefox,458360270,13002875,2024-05-15T19:23:39,764.01,6459cc1b5bbf309f81d99ed4f39bb0017c58c872,1427624
autoland,5098902,1,73391afd9fc940be1e03519c3ee38089272b621e,macosx1015-64-shippable-qr,True,False,,,102210fe594ee9b33d82058545b1ed14f4c8206e,issue14562.pdf,pdfpaint,True,pdfpaint issue14562.pdf opt e10s fission stylo webrender,4774762,77,ms,firefox,458380865,13084602,2024-05-15T21:33:46,808.06,4cf620b67822db457052e7baef70556c509161dc,1427719
autoland,5098902,1,73391afd9fc940be1e03519c3ee38089272b621e,macosx1015-64-shippable-qr,True,False,,,102210fe594ee9b33d82058545b1ed14f4c8206e,issue14562.pdf,pdfpaint,True,pdfpaint issue14562.pdf opt e10s fission stylo webrender,4774762,77,ms,firefox,458390253,13139142,2024-05-15T23:55:24,745.0,886703fab6d0a65511ef1eb95df0b1dc134bfe90,1427802
autoland,5098902,1,73391afd9fc940be1e03519c3ee38089272b621e,macosx1015-64-shippable-qr,True,False,,,102210fe594ee9b33d82058545b1ed14f4c8206e,issue14562.pdf,pdfpaint,True,pdfpaint issue14562.pdf opt e10s fission stylo webrender,4774762,77,ms,firefox,458398582,13204122,2024-05-16T04:18:06,801.96,1a3eb3733a05c61fee90fbd2325013c0b6672817,1427876
autoland,5098902,1,73391afd9fc940be1e03519c3ee38089272b621e,macosx1015-64-shippable-qr,True,False,,,102210fe594ee9b33d82058545b1ed14f4c8206e,issue14562.pdf,pdfpaint,True,pdfpaint issue14562.pdf opt e10s fission stylo webrender,4774762,77,ms,firefox,458455576,13465382,2024-05-16T08:25:07,753.44,b2831e0fe4b6f9dfa55a63f1b3a010089037a20e,1427953
autoland,5098902,1,73391afd9fc940be1e03519c3ee38089272b621e,macosx1015-64-shippable-qr,True,False,,,102210fe594ee9b33d82058545b1ed14f4c8206e,issue14562.pdf,pdfpaint,True,pdfpaint issue14562.pdf opt e10s fission stylo webrender,4774762,77,ms,firefox,458515127,13688036,2024-05-16T12:27:23,762.0,f956d7e03a822a09fbb84e9b474db8e0167095f1,1428125
autoland,5098902,1,73391afd9fc940be1e03519c3ee38089272b621e,macosx1015-64-shippable-qr,True,False,,,102210fe594ee9b33d82058545b1ed14f4c8206e,issue14562.pdf,pdfpaint,True,pdfpaint issue14562.pdf opt e10s fission stylo webrender,4774762,77,ms,firefox,458543457,13830089,2024-05-16T15:34:48,801.1800000000001,0bf6bf2b89215ce4dfa2eec4b0f33414c25fb677,1428335
autoland,5098902,1,73391afd9fc940be1e03519c3ee38089272b621e,macosx1015-64-shippable-qr,True,False,,,102210fe594ee9b33d82058545b1ed14f4c8206e,issue14562.pdf,pdfpaint,True,pdfpaint issue14562.pdf opt e10s fission stylo webrender,4774762,77,ms,firefox,458547067,13843619,2024-05-16T19:22:25,757.74,3c10888bfd6a7774b3c7e7a7b0fef9861728b3d1,1428534
autoland,5098902,1,73391afd9fc940be1e03519c3ee38089272b621e,macosx1015-64-shippable-qr,True,False,,,102210fe594ee9b33d82058545b1ed14f4c8206e,issue14562.pdf,pdfpaint,True,pdfpaint issue14562.pdf opt e10s fission stylo webrender,4774762,77,ms,firefox,458551831,13881132,2024-05-16T23:54:47,768.9,f8c3cb93acca412025e1f410c530193b416a488e,1428660
autoland,5098902,1,73391afd9fc940be1e03519c3ee38089272b621e,macosx1015-64-shippable-qr,True,False,,,102210fe594ee9b33d82058545b1ed14f4c8206e,issue14562.pdf,pdfpaint,True,pdfpaint issue14562.pdf opt e10s fission stylo webrender,4774762,77,ms,firefox,458578843,14083085,2024-05-17T06:23:39,753.4,87127891d2401aaf9f6aa65bff25f9f6952131a2,1428776
autoland,5098902,1,73391afd9fc940be1e03519c3ee38089272b621e,macosx1015-64-shippable-qr,True,False,,,102210fe594ee9b33d82058545b1ed14f4c8206e,issue14562.pdf,pdfpaint,True,pdfpaint issue14562.pdf opt e10s fission stylo webrender,4774762,77,ms,firefox,458677813,14497503,2024-05-17T13:29:16,760.6600000000001,76f8ca9a4f69b4a5c6c95975f31db9f94c534bb7,1429038
autoland,5098902,1,73391afd9fc940be1e03519c3ee38089272b621e,macosx1015-64-shippable-qr,True,False,,,102210fe594ee9b33d82058545b1ed14f4c8206e,issue14562.pdf,pdfpaint,True,pdfpaint issue14562.pdf opt e10s fission stylo webrender,4774762,77,ms,firefox,458685677,14531480,2024-05-17T16:28:32,745.62,f35859c2fd56665ad31bcc859c08cca0d52ee800,1429195
autoland,5098902,1,73391afd9fc940be1e03519c3ee38089272b621e,macosx1015-64-shippable-qr,True,False,,,102210fe594ee9b33d82058545b1ed14f4c8206e,issue14562.pdf,pdfpaint,True,pdfpaint issue14562.pdf opt e10s fission stylo webrender,4774762,77,ms,firefox,458688301,14548419,2024-05-17T20:54:26,759.1800000000001,c3684190adbc44f6a677655b9094e9873c858dad,1429356
autoland,5098902,1,73391afd9fc940be1e03519c3ee38089272b621e,macosx1015-64-shippable-qr,True,False,,,102210fe594ee9b33d82058545b1ed14f4c8206e,issue14562.pdf,pdfpaint,True,pdfpaint issue14562.pdf opt e10s fission stylo webrender,4774762,77,ms,firefox,458709430,14635093,2024-05-18T01:00:41,745.6500000000001,c27d5c9ab44203673cf253307414a515b32e1e6d,1429422
autoland,5098902,1,73391afd9fc940be1e03519c3ee38089272b621e,macosx1015-64-shippable-qr,True,False,,,102210fe594ee9b33d82058545b1ed14f4c8206e,issue14562.pdf,pdfpaint,True,pdfpaint issue14562.pdf opt e10s fission stylo webrender,4774762,77,ms,firefox,458718537,14745611,2024-05-18T06:51:49,804.0999999999999,9740ed99a9e5a25524915ab324b8110b2b998873,1429461
autoland,5098902,1,73391afd9fc940be1e03519c3ee38089272b621e,macosx1015-64-shippable-qr,True,False,,,102210fe594ee9b33d82058545b1ed14f4c8206e,issue14562.pdf,pdfpaint,True,pdfpaint issue14562.pdf opt e10s fission stylo webrender,4774762,77,ms,firefox,458747889,14859988,2024-05-18T12:19:37,758.15,8b79b70511d76ab73ec7a45851ca71cf9a4eabc0,1429485
autoland,5098902,1,73391afd9fc940be1e03519c3ee38089272b621e,macosx1015-64-shippable-qr,True,False,,,102210fe594ee9b33d82058545b1ed14f4c8206e,issue14562.pdf,pdfpaint,True,pdfpaint issue14562.pdf opt e10s fission stylo webrender,4774762,77,ms,firefox,458753290,14889493,2024-05-18T16:50:22,742.69,45fdca469c57e83b966c98bdb9cd62d7b38c841e,1429522
autoland,5098902,1,73391afd9fc940be1e03519c3ee38089272b621e,macosx1015-64-shippable-qr,True,False,,,102210fe594ee9b33d82058545b1ed14f4c8206e,issue14562.pdf,pdfpaint,True,pdfpaint issue14562.pdf opt e10s fission stylo webrender,4774762,77,ms,firefox,458773001,14972777,2024-05-19T00:22:14,758.1800000000001,185fc83e1e895146858126be053b4208ffd3bbcf,1429576
autoland,5098902,1,73391afd9fc940be1e03519c3ee38089272b621e,macosx1015-64-shippable-qr,True,False,,,102210fe594ee9b33d82058545b1ed14f4c8206e,issue14562.pdf,pdfpaint,True,pdfpaint issue14562.pdf opt e10s fission stylo webrender,4774762,77,ms,firefox,458803609,15135384,2024-05-19T18:53:48,766.15,b4ee96f483f29890ab46ebd291e34040c716dcff,1429650
autoland,5098902,1,73391afd9fc940be1e03519c3ee38089272b621e,macosx1015-64-shippable-qr,True,False,,,102210fe594ee9b33d82058545b1ed14f4c8206e,issue14562.pdf,pdfpaint,True,pdfpaint issue14562.pdf opt e10s fission stylo webrender,4774762,77,ms,firefox,458824488,15221035,2024-05-19T23:03:30,749.52,bf7ada75a309d1bf064046c029cd884846540599,1429677
autoland,5098902,1,73391afd9fc940be1e03519c3ee38089272b621e,macosx1015-64-shippable-qr,True,False,,,102210fe594ee9b33d82058545b1ed14f4c8206e,issue14562.pdf,pdfpaint,True,pdfpaint issue14562.pdf opt e10s fission stylo webrender,4774762,77,ms,firefox,458830400,15273443,2024-05-20T03:13:12,751.1800000000001,9142f728c689228ac4b5a2f55b2d50a3c5440d1b,1429694
autoland,5098902,1,73391afd9fc940be1e03519c3ee38089272b621e,macosx1015-64-shippable-qr,True,False,,,102210fe594ee9b33d82058545b1ed14f4c8206e,issue14562.pdf,pdfpaint,True,pdfpaint issue14562.pdf opt e10s fission stylo webrender,4774762,77,ms,firefox,458846311,15401739,2024-05-20T08:40:09,748.84,c732a1a31a39e28193867c3a6de83cab644345f7,1429741
autoland,5098902,1,73391afd9fc940be1e03519c3ee38089272b621e,macosx1015-64-shippable-qr,True,False,,,102210fe594ee9b33d82058545b1ed14f4c8206e,issue14562.pdf,pdfpaint,True,pdfpaint issue14562.pdf opt e10s fission stylo webrender,4774762,77,ms,firefox,458924529,15735781,2024-05-20T12:49:29,749.8399999999999,daa6ef79820feaf04f4d2f8319c42e613170a955,1429816
autoland,5098902,1,73391afd9fc940be1e03519c3ee38089272b621e,macosx1015-64-shippable-qr,True,False,,,102210fe594ee9b33d82058545b1ed14f4c8206e,issue14562.pdf,pdfpaint,True,pdfpaint issue14562.pdf opt e10s fission stylo webrender,4774762,77,ms,firefox,458925273,15747407,2024-05-20T17:09:38,755.7,f8896c7e1f0e021d1afc9e6075779e6a19816eee,1430008
autoland,5098902,1,73391afd9fc940be1e03519c3ee38089272b621e,macosx1015-64-shippable-qr,True,False,,,102210fe594ee9b33d82058545b1ed14f4c8206e,issue14562.pdf,pdfpaint,True,pdfpaint issue14562.pdf opt e10s fission stylo webrender,4774762,77,ms,firefox,458926306,15761092,2024-05-20T19:25:17,769.87,bcf84db0ae30bc4d2f32dc5978791710401b7f74,1430088
autoland,5098902,1,73391afd9fc940be1e03519c3ee38089272b621e,macosx1015-64-shippable-qr,True,False,,,102210fe594ee9b33d82058545b1ed14f4c8206e,issue14562.pdf,pdfpaint,True,pdfpaint issue14562.pdf opt e10s fission stylo webrender,4774762,77,ms,firefox,458953517,15932354,2024-05-21T00:44:36,763.3199999999999,6919ad3b088665854fe77e203c556b51c8043a19,1430230
autoland,5098902,1,73391afd9fc940be1e03519c3ee38089272b621e,macosx1015-64-shippable-qr,True,False,,,102210fe594ee9b33d82058545b1ed14f4c8206e,issue14562.pdf,pdfpaint,True,pdfpaint issue14562.pdf opt e10s fission stylo webrender,4774762,77,ms,firefox,458966080,16040418,2024-05-21T05:46:38,771.75,09318e94742ecb1dfa27855d03d6acea7465a237,1430275
autoland,5098902,1,73391afd9fc940be1e03519c3ee38089272b621e,macosx1015-64-shippable-qr,True,False,,,102210fe594ee9b33d82058545b1ed14f4c8206e,issue14562.pdf,pdfpaint,True,pdfpaint issue14562.pdf opt e10s fission stylo webrender,4774762,77,ms,firefox,459016302,16337059,2024-05-21T09:51:03,764.48,2c85e75f63a911c3aafc7099c431d16d690afd69,1430376
autoland,5098902,1,73391afd9fc940be1e03519c3ee38089272b621e,macosx1015-64-shippable-qr,True,False,,,102210fe594ee9b33d82058545b1ed14f4c8206e,issue14562.pdf,pdfpaint,True,pdfpaint issue14562.pdf opt e10s fission stylo webrender,4774762,77,ms,firefox,459045216,16547062,2024-05-21T14:27:45,759.58,10c1e15b136a2ddea929ddb6bac978a2197f0990,1430566
autoland,5098902,1,73391afd9fc940be1e03519c3ee38089272b621e,macosx1015-64-shippable-qr,True,False,,,102210fe594ee9b33d82058545b1ed14f4c8206e,issue14562.pdf,pdfpaint,True,pdfpaint issue14562.pdf opt e10s fission stylo webrender,4774762,77,ms,firefox,459074408,16697686,2024-05-21T18:17:13,801.19,d5973c82a614aacd1c24df2ec76d8539bd40238d,1430753
autoland,5098902,1,73391afd9fc940be1e03519c3ee38089272b621e,macosx1015-64-shippable-qr,True,False,,,102210fe594ee9b33d82058545b1ed14f4c8206e,issue14562.pdf,pdfpaint,True,pdfpaint issue14562.pdf opt e10s fission stylo webrender,4774762,77,ms,firefox,459089583,16800655,2024-05-21T21:02:30,797.54,c1b0539b81b478faa5861fe40dddb61f7c27e539,1430863
autoland,5098902,1,73391afd9fc940be1e03519c3ee38089272b621e,macosx1015-64-shippable-qr,True,False,,,102210fe594ee9b33d82058545b1ed14f4c8206e,issue14562.pdf,pdfpaint,True,pdfpaint issue14562.pdf opt e10s fission stylo webrender,4774762,77,ms,firefox,459114587,16904964,2024-05-22T01:04:42,752.89,80ae2c7908e4cc558336a6f6a78097d9c2c9317d,1430997
autoland,5098902,1,73391afd9fc940be1e03519c3ee38089272b621e,macosx1015-64-shippable-qr,True,False,,,102210fe594ee9b33d82058545b1ed14f4c8206e,issue14562.pdf,pdfpaint,True,pdfpaint issue14562.pdf opt e10s fission stylo webrender,4774762,77,ms,firefox,459140554,17084777,2024-05-22T06:04:16,763.13,3eacabfd2f53de306d070d5407b9123cdb54403f,1431071
autoland,5098902,1,73391afd9fc940be1e03519c3ee38089272b621e,macosx1015-64-shippable-qr,True,False,,,102210fe594ee9b33d82058545b1ed14f4c8206e,issue14562.pdf,pdfpaint,True,pdfpaint issue14562.pdf opt e10s fission stylo webrender,4774762,77,ms,firefox,459185713,17269224,2024-05-22T10:45:41,750.6700000000001,23e74f68a670b162cd96bafbf45ea1bc1c62e754,1431245
autoland,5098902,1,73391afd9fc940be1e03519c3ee38089272b621e,macosx1015-64-shippable-qr,True,False,,,102210fe594ee9b33d82058545b1ed14f4c8206e,issue14562.pdf,pdfpaint,True,pdfpaint issue14562.pdf opt e10s fission stylo webrender,4774762,77,ms,firefox,459227427,17411629,2024-05-22T15:11:59,747.53,d51657b0bbcc7a297d7e69af51844e07f5bc7ccc,1431449
autoland,5098902,1,73391afd9fc940be1e03519c3ee38089272b621e,macosx1015-64-shippable-qr,True,False,,,102210fe594ee9b33d82058545b1ed14f4c8206e,issue14562.pdf,pdfpaint,True,pdfpaint issue14562.pdf opt e10s fission stylo webrender,4774762,77,ms,firefox,459263808,17638088,2024-05-22T19:42:05,763.0699999999999,e8f156027b8630baf5944740a80ef83d3694f0ab,1431719
autoland,5098902,1,73391afd9fc940be1e03519c3ee38089272b621e,macosx1015-64-shippable-qr,True,False,,,102210fe594ee9b33d82058545b1ed14f4c8206e,issue14562.pdf,pdfpaint,True,pdfpaint issue14562.pdf opt e10s fission stylo webrender,4774762,77,ms,firefox,459296632,17824844,2024-05-22T23:17:46,756.0699999999999,25b8ec912ef6cca7c6dbd1ddf6927aaa7494aaf1,1431837
autoland,5098902,1,73391afd9fc940be1e03519c3ee38089272b621e,macosx1015-64-shippable-qr,True,False,,,102210fe594ee9b33d82058545b1ed14f4c8206e,issue14562.pdf,pdfpaint,True,pdfpaint issue14562.pdf opt e10s fission stylo webrender,4774762,77,ms,firefox,459302164,17882251,2024-05-23T03:34:39,755.4200000000001,9b1a6927a89c8cf7997737b09f85c69d260daf7e,1431902
autoland,5098902,1,73391afd9fc940be1e03519c3ee38089272b621e,macosx1015-64-shippable-qr,True,False,,,102210fe594ee9b33d82058545b1ed14f4c8206e,issue14562.pdf,pdfpaint,True,pdfpaint issue14562.pdf opt e10s fission stylo webrender,4774762,77,ms,firefox,459322053,18074580,2024-05-23T07:36:30,754.9200000000001,3202a06939c4312c17408f78f9cb0fa5caca1350,1431962
autoland,5098902,1,73391afd9fc940be1e03519c3ee38089272b621e,macosx1015-64-shippable-qr,True,False,,,102210fe594ee9b33d82058545b1ed14f4c8206e,issue14562.pdf,pdfpaint,True,pdfpaint issue14562.pdf opt e10s fission stylo webrender,4774762,77,ms,firefox,459362266,18272992,2024-05-23T11:55:12,752.73,42f8b13731a592d1a25e662692cbd82cee5012e0,1432088
autoland,5098902,1,73391afd9fc940be1e03519c3ee38089272b621e,macosx1015-64-shippable-qr,True,False,,,102210fe594ee9b33d82058545b1ed14f4c8206e,issue14562.pdf,pdfpaint,True,pdfpaint issue14562.pdf opt e10s fission stylo webrender,4774762,77,ms,firefox,459400211,18451052,2024-05-23T16:05:29,766.03,f6745f7b07d46db22b923031edac8ab24b1b6825,1432216
autoland,5098902,1,73391afd9fc940be1e03519c3ee38089272b621e,macosx1015-64-shippable-qr,True,False,,,102210fe594ee9b33d82058545b1ed14f4c8206e,issue14562.pdf,pdfpaint,True,pdfpaint issue14562.pdf opt e10s fission stylo webrender,4774762,77,ms,firefox,459405858,18503088,2024-05-23T17:53:40,755.87,001fbc2ff43017578828adce0c9b3ad4b7e3076d,1432303
autoland,5098902,1,73391afd9fc940be1e03519c3ee38089272b621e,macosx1015-64-shippable-qr,True,False,,,102210fe594ee9b33d82058545b1ed14f4c8206e,issue14562.pdf,pdfpaint,True,pdfpaint issue14562.pdf opt e10s fission stylo webrender,4774762,77,ms,firefox,459435465,18664264,2024-05-23T21:11:24,744.44,4593c7cfe72ecf9919bfe10c5334e0a398d6b367,1432466
