{
    "name": "3892113",
    "longname": "3892113 timeseries",
    "n_obs": 780,
    "n_dim": 1,
    "time": {
        "type": "string",
        "format": "%Y-%m-%d %H:%M:%S",
        "index": [
            0,
            1,
            2,
            3,
            4,
            5,
            6,
            7,
            8,
            9,
            10,
            11,
            12,
            13,
            14,
            15,
            16,
            17,
            18,
            19,
            20,
            21,
            22,
            23,
            24,
            25,
            26,
            27,
            28,
            29,
            30,
            31,
            32,
            33,
            34,
            35,
            36,
            37,
            38,
            39,
            40,
            41,
            42,
            43,
            44,
            45,
            46,
            47,
            48,
            49,
            50,
            51,
            52,
            53,
            54,
            55,
            56,
            57,
            58,
            59,
            60,
            61,
            62,
            63,
            64,
            65,
            66,
            67,
            68,
            69,
            70,
            71,
            72,
            73,
            74,
            75,
            76,
            77,
            78,
            79,
            80,
            81,
            82,
            83,
            84,
            85,
            86,
            87,
            88,
            89,
            90,
            91,
            92,
            93,
            94,
            95,
            96,
            97,
            98,
            99,
            100,
            101,
            102,
            103,
            104,
            105,
            106,
            107,
            108,
            109,
            110,
            111,
            112,
            113,
            114,
            115,
            116,
            117,
            118,
            119,
            120,
            121,
            122,
            123,
            124,
            125,
            126,
            127,
            128,
            129,
            130,
            131,
            132,
            133,
            134,
            135,
            136,
            137,
            138,
            139,
            140,
            141,
            142,
            143,
            144,
            145,
            146,
            147,
            148,
            149,
            150,
            151,
            152,
            153,
            154,
            155,
            156,
            157,
            158,
            159,
            160,
            161,
            162,
            163,
            164,
            165,
            166,
            167,
            168,
            169,
            170,
            171,
            172,
            173,
            174,
            175,
            176,
            177,
            178,
            179,
            180,
            181,
            182,
            183,
            184,
            185,
            186,
            187,
            188,
            189,
            190,
            191,
            192,
            193,
            194,
            195,
            196,
            197,
            198,
            199,
            200,
            201,
            202,
            203,
            204,
            205,
            206,
            207,
            208,
            209,
            210,
            211,
            212,
            213,
            214,
            215,
            216,
            217,
            218,
            219,
            220,
            221,
            222,
            223,
            224,
            225,
            226,
            227,
            228,
            229,
            230,
            231,
            232,
            233,
            234,
            235,
            236,
            237,
            238,
            239,
            240,
            241,
            242,
            243,
            244,
            245,
            246,
            247,
            248,
            249,
            250,
            251,
            252,
            253,
            254,
            255,
            256,
            257,
            258,
            259,
            260,
            261,
            262,
            263,
            264,
            265,
            266,
            267,
            268,
            269,
            270,
            271,
            272,
            273,
            274,
            275,
            276,
            277,
            278,
            279,
            280,
            281,
            282,
            283,
            284,
            285,
            286,
            287,
            288,
            289,
            290,
            291,
            292,
            293,
            294,
            295,
            296,
            297,
            298,
            299,
            300,
            301,
            302,
            303,
            304,
            305,
            306,
            307,
            308,
            309,
            310,
            311,
            312,
            313,
            314,
            315,
            316,
            317,
            318,
            319,
            320,
            321,
            322,
            323,
            324,
            325,
            326,
            327,
            328,
            329,
            330,
            331,
            332,
            333,
            334,
            335,
            336,
            337,
            338,
            339,
            340,
            341,
            342,
            343,
            344,
            345,
            346,
            347,
            348,
            349,
            350,
            351,
            352,
            353,
            354,
            355,
            356,
            357,
            358,
            359,
            360,
            361,
            362,
            363,
            364,
            365,
            366,
            367,
            368,
            369,
            370,
            371,
            372,
            373,
            374,
            375,
            376,
            377,
            378,
            379,
            380,
            381,
            382,
            383,
            384,
            385,
            386,
            387,
            388,
            389,
            390,
            391,
            392,
            393,
            394,
            395,
            396,
            397,
            398,
            399,
            400,
            401,
            402,
            403,
            404,
            405,
            406,
            407,
            408,
            409,
            410,
            411,
            412,
            413,
            414,
            415,
            416,
            417,
            418,
            419,
            420,
            421,
            422,
            423,
            424,
            425,
            426,
            427,
            428,
            429,
            430,
            431,
            432,
            433,
            434,
            435,
            436,
            437,
            438,
            439,
            440,
            441,
            442,
            443,
            444,
            445,
            446,
            447,
            448,
            449,
            450,
            451,
            452,
            453,
            454,
            455,
            456,
            457,
            458,
            459,
            460,
            461,
            462,
            463,
            464,
            465,
            466,
            467,
            468,
            469,
            470,
            471,
            472,
            473,
            474,
            475,
            476,
            477,
            478,
            479,
            480,
            481,
            482,
            483,
            484,
            485,
            486,
            487,
            488,
            489,
            490,
            491,
            492,
            493,
            494,
            495,
            496,
            497,
            498,
            499,
            500,
            501,
            502,
            503,
            504,
            505,
            506,
            507,
            508,
            509,
            510,
            511,
            512,
            513,
            514,
            515,
            516,
            517,
            518,
            519,
            520,
            521,
            522,
            523,
            524,
            525,
            526,
            527,
            528,
            529,
            530,
            531,
            532,
            533,
            534,
            535,
            536,
            537,
            538,
            539,
            540,
            541,
            542,
            543,
            544,
            545,
            546,
            547,
            548,
            549,
            550,
            551,
            552,
            553,
            554,
            555,
            556,
            557,
            558,
            559,
            560,
            561,
            562,
            563,
            564,
            565,
            566,
            567,
            568,
            569,
            570,
            571,
            572,
            573,
            574,
            575,
            576,
            577,
            578,
            579,
            580,
            581,
            582,
            583,
            584,
            585,
            586,
            587,
            588,
            589,
            590,
            591,
            592,
            593,
            594,
            595,
            596,
            597,
            598,
            599,
            600,
            601,
            602,
            603,
            604,
            605,
            606,
            607,
            608,
            609,
            610,
            611,
            612,
            613,
            614,
            615,
            616,
            617,
            618,
            619,
            620,
            621,
            622,
            623,
            624,
            625,
            626,
            627,
            628,
            629,
            630,
            631,
            632,
            633,
            634,
            635,
            636,
            637,
            638,
            639,
            640,
            641,
            642,
            643,
            644,
            645,
            646,
            647,
            648,
            649,
            650,
            651,
            652,
            653,
            654,
            655,
            656,
            657,
            658,
            659,
            660,
            661,
            662,
            663,
            664,
            665,
            666,
            667,
            668,
            669,
            670,
            671,
            672,
            673,
            674,
            675,
            676,
            677,
            678,
            679,
            680,
            681,
            682,
            683,
            684,
            685,
            686,
            687,
            688,
            689,
            690,
            691,
            692,
            693,
            694,
            695,
            696,
            697,
            698,
            699,
            700,
            701,
            702,
            703,
            704,
            705,
            706,
            707,
            708,
            709,
            710,
            711,
            712,
            713,
            714,
            715,
            716,
            717,
            718,
            719,
            720,
            721,
            722,
            723,
            724,
            725,
            726,
            727,
            728,
            729,
            730,
            731,
            732,
            733,
            734,
            735,
            736,
            737,
            738,
            739,
            740,
            741,
            742,
            743,
            744,
            745,
            746,
            747,
            748,
            749,
            750,
            751,
            752,
            753,
            754,
            755,
            756,
            757,
            758,
            759,
            760,
            761,
            762,
            763,
            764,
            765,
            766,
            767,
            768,
            769,
            770,
            771,
            772,
            773,
            774,
            775,
            776,
            777,
            778,
            779
        ],
        "raw": [
            "2023-05-22 10:20:25",
            "2023-05-22 12:50:35",
            "2023-05-22 18:02:38",
            "2023-05-23 09:18:46",
            "2023-05-23 13:09:04",
            "2023-05-23 16:30:53",
            "2023-05-23 16:49:14",
            "2023-05-23 17:46:44",
            "2023-05-23 18:02:01",
            "2023-05-23 18:36:58",
            "2023-05-24 06:14:16",
            "2023-05-24 17:59:27",
            "2023-05-25 08:53:12",
            "2023-05-25 12:01:03",
            "2023-05-25 16:17:59",
            "2023-05-25 18:01:43",
            "2023-05-26 18:00:45",
            "2023-05-27 09:49:02",
            "2023-05-27 18:01:21",
            "2023-05-28 17:59:00",
            "2023-06-05 14:23:29",
            "2023-06-05 15:57:01",
            "2023-06-05 17:59:24",
            "2023-06-05 21:08:31",
            "2023-06-06 09:09:48",
            "2023-06-06 16:19:01",
            "2023-06-06 18:01:12",
            "2023-06-07 16:41:52",
            "2023-06-07 17:56:51",
            "2023-06-08 13:18:16",
            "2023-06-08 17:59:52",
            "2023-06-08 21:41:16",
            "2023-06-09 13:50:39",
            "2023-06-09 18:01:58",
            "2023-06-10 18:00:11",
            "2023-06-11 14:48:42",
            "2023-06-11 18:03:00",
            "2023-06-12 13:25:59",
            "2023-06-12 17:59:34",
            "2023-06-12 21:24:58",
            "2023-06-13 13:44:08",
            "2023-06-13 17:45:06",
            "2023-06-13 18:00:33",
            "2023-06-13 19:54:13",
            "2023-06-14 12:30:00",
            "2023-06-14 16:03:12",
            "2023-06-14 16:07:57",
            "2023-06-14 18:02:29",
            "2023-06-14 18:51:27",
            "2023-06-14 19:16:52",
            "2023-06-14 21:35:27",
            "2023-06-15 12:50:03",
            "2023-06-15 13:23:28",
            "2023-06-15 16:46:36",
            "2023-06-15 17:58:02",
            "2023-06-16 12:17:47",
            "2023-06-16 14:00:16",
            "2023-06-16 16:25:38",
            "2023-06-16 17:26:28",
            "2023-06-16 18:00:51",
            "2023-06-16 18:38:48",
            "2023-06-17 14:26:16",
            "2023-06-17 17:58:30",
            "2023-06-18 18:02:18",
            "2023-06-18 21:21:10",
            "2023-06-18 21:28:03",
            "2023-06-19 00:01:20",
            "2023-06-19 00:10:17",
            "2023-06-19 13:34:03",
            "2023-06-19 18:00:07",
            "2023-06-20 13:15:48",
            "2023-06-20 14:20:56",
            "2023-06-20 16:59:19",
            "2023-06-20 17:24:22",
            "2023-06-20 18:00:51",
            "2023-06-21 13:26:34",
            "2023-06-21 18:11:33",
            "2023-06-21 20:07:35",
            "2023-06-22 11:20:57",
            "2023-06-22 12:38:03",
            "2023-06-22 13:03:32",
            "2023-06-22 13:08:25",
            "2023-06-22 13:37:22",
            "2023-06-22 16:12:21",
            "2023-06-23 13:38:03",
            "2023-06-23 18:03:44",
            "2023-06-23 18:52:54",
            "2023-06-24 13:12:41",
            "2023-06-24 18:00:33",
            "2023-06-24 22:36:22",
            "2023-06-25 17:59:55",
            "2023-06-26 13:12:41",
            "2023-06-26 14:05:49",
            "2023-07-04 08:05:00",
            "2023-07-04 08:13:20",
            "2023-07-04 17:59:10",
            "2023-07-04 20:50:41",
            "2023-07-05 18:01:37",
            "2023-07-05 22:18:29",
            "2023-07-06 14:26:52",
            "2023-07-06 15:48:00",
            "2023-07-06 18:02:11",
            "2023-07-06 19:39:12",
            "2023-07-07 17:59:16",
            "2023-07-07 18:52:45",
            "2023-07-08 14:56:49",
            "2023-07-08 17:59:20",
            "2023-07-09 15:07:05",
            "2023-07-09 17:59:49",
            "2023-07-10 13:57:38",
            "2023-07-10 18:02:54",
            "2023-07-11 00:09:58",
            "2023-07-11 12:10:33",
            "2023-07-11 13:49:09",
            "2023-07-11 17:59:23",
            "2023-07-11 18:30:52",
            "2023-07-12 18:58:21",
            "2023-07-13 14:00:45",
            "2023-07-13 14:21:58",
            "2023-07-13 16:48:18",
            "2023-07-13 17:59:05",
            "2023-07-14 13:29:22",
            "2023-07-14 14:18:32",
            "2023-07-14 17:59:09",
            "2023-07-15 18:04:22",
            "2023-07-16 13:41:25",
            "2023-07-16 18:03:34",
            "2023-07-17 15:06:07",
            "2023-07-17 17:57:13",
            "2023-07-17 18:13:26",
            "2023-07-18 12:20:04",
            "2023-07-18 17:47:25",
            "2023-07-18 18:01:35",
            "2023-07-18 18:53:23",
            "2023-07-19 12:20:45",
            "2023-07-19 18:07:09",
            "2023-07-19 19:46:06",
            "2023-07-20 15:57:45",
            "2023-07-20 17:59:27",
            "2023-07-20 20:00:12",
            "2023-07-21 16:06:45",
            "2023-07-21 18:01:34",
            "2023-07-22 18:01:26",
            "2023-07-23 15:25:49",
            "2023-07-23 17:59:43",
            "2023-07-24 00:28:48",
            "2023-07-24 12:18:38",
            "2023-07-31 15:02:16",
            "2023-08-01 17:41:49",
            "2023-08-01 18:01:59",
            "2023-08-02 15:58:45",
            "2023-08-02 18:03:06",
            "2023-08-03 00:35:45",
            "2023-08-03 02:40:36",
            "2023-08-03 15:42:06",
            "2023-08-03 16:45:02",
            "2023-08-03 18:02:21",
            "2023-08-04 01:00:05",
            "2023-08-04 01:46:46",
            "2023-08-04 14:18:49",
            "2023-08-04 18:01:22",
            "2023-08-05 00:48:58",
            "2023-08-05 18:00:42",
            "2023-08-06 18:01:10",
            "2023-08-07 00:18:16",
            "2023-08-07 14:27:22",
            "2023-08-07 18:00:13",
            "2023-08-08 17:20:55",
            "2023-08-08 18:01:14",
            "2023-08-08 18:43:39",
            "2023-08-08 21:55:02",
            "2023-08-09 18:01:13",
            "2023-08-09 19:20:20",
            "2023-08-10 15:15:03",
            "2023-08-10 17:30:49",
            "2023-08-10 17:48:51",
            "2023-08-10 18:00:04",
            "2023-08-10 18:18:19",
            "2023-08-11 15:21:13",
            "2023-08-11 16:51:16",
            "2023-08-11 17:58:53",
            "2023-08-11 19:35:29",
            "2023-08-12 16:03:48",
            "2023-08-12 18:00:10",
            "2023-08-13 16:52:58",
            "2023-08-13 17:23:23",
            "2023-08-13 18:01:42",
            "2023-08-14 15:56:31",
            "2023-08-14 17:35:08",
            "2023-08-14 18:01:52",
            "2023-08-15 02:26:03",
            "2023-08-15 14:12:37",
            "2023-08-15 14:31:22",
            "2023-08-15 17:55:25",
            "2023-08-15 18:00:41",
            "2023-08-16 17:40:45",
            "2023-08-16 18:00:54",
            "2023-08-16 18:52:19",
            "2023-08-17 14:25:18",
            "2023-08-17 17:00:22",
            "2023-08-17 17:58:56",
            "2023-08-18 17:58:43",
            "2023-08-18 18:03:36",
            "2023-08-19 18:03:16",
            "2023-08-20 18:00:02",
            "2023-08-21 11:07:09",
            "2023-08-28 13:34:39",
            "2023-08-28 18:00:55",
            "2023-08-29 16:17:46",
            "2023-08-29 18:01:58",
            "2023-08-30 16:02:19",
            "2023-08-30 18:00:05",
            "2023-08-31 13:48:52",
            "2023-08-31 16:20:56",
            "2023-08-31 18:00:26",
            "2023-09-01 14:41:46",
            "2023-09-01 17:59:08",
            "2023-09-02 18:02:24",
            "2023-09-03 14:47:55",
            "2023-09-03 18:02:19",
            "2023-09-04 10:55:38",
            "2023-09-04 12:18:03",
            "2023-09-04 18:05:52",
            "2023-09-05 08:42:26",
            "2023-09-05 17:59:53",
            "2023-09-06 09:15:15",
            "2023-09-06 14:00:22",
            "2023-09-06 14:02:17",
            "2023-09-06 18:01:29",
            "2023-09-07 08:55:31",
            "2023-09-07 12:18:53",
            "2023-09-07 18:02:12",
            "2023-09-07 21:24:46",
            "2023-09-07 21:35:37",
            "2023-09-07 23:54:25",
            "2023-09-08 00:01:27",
            "2023-09-08 08:23:52",
            "2023-09-08 09:27:27",
            "2023-09-08 14:37:17",
            "2023-09-08 18:02:35",
            "2023-09-09 14:33:38",
            "2023-09-09 18:01:37",
            "2023-09-10 17:59:34",
            "2023-09-11 18:00:35",
            "2023-09-12 01:33:58",
            "2023-09-12 09:08:04",
            "2023-09-12 13:16:28",
            "2023-09-12 17:59:28",
            "2023-09-13 16:12:36",
            "2023-09-13 18:01:47",
            "2023-09-14 09:48:47",
            "2023-09-14 12:23:01",
            "2023-09-14 15:23:47",
            "2023-09-14 16:08:26",
            "2023-09-14 18:00:32",
            "2023-09-15 12:36:32",
            "2023-09-15 17:59:24",
            "2023-09-16 17:59:47",
            "2023-09-17 08:58:12",
            "2023-09-17 11:54:43",
            "2023-09-17 18:02:18",
            "2023-09-18 07:34:42",
            "2023-09-18 07:59:31",
            "2023-09-18 11:42:33",
            "2023-09-25 13:24:00",
            "2023-09-26 09:15:49",
            "2023-09-26 22:39:03",
            "2023-09-27 02:39:08",
            "2023-09-27 09:15:17",
            "2023-09-27 18:36:07",
            "2023-09-27 18:57:18",
            "2023-09-27 23:22:04",
            "2023-09-28 09:16:00",
            "2023-09-28 15:32:59",
            "2023-09-28 15:47:16",
            "2023-09-28 16:33:19",
            "2023-09-28 19:13:44",
            "2023-09-29 09:14:27",
            "2023-09-29 16:56:36",
            "2023-09-29 17:03:59",
            "2023-09-29 18:35:51",
            "2023-09-30 09:18:18",
            "2023-10-01 09:15:55",
            "2023-10-01 13:43:42",
            "2023-10-02 09:17:55",
            "2023-10-02 13:51:16",
            "2023-10-02 20:49:05",
            "2023-10-03 09:17:20",
            "2023-10-03 12:49:30",
            "2023-10-04 00:57:47",
            "2023-10-04 01:13:33",
            "2023-10-04 02:01:13",
            "2023-10-04 04:09:15",
            "2023-10-04 09:16:11",
            "2023-10-04 19:05:37",
            "2023-10-05 09:16:59",
            "2023-10-05 12:14:20",
            "2023-10-05 13:10:58",
            "2023-10-05 18:10:23",
            "2023-10-06 09:15:09",
            "2023-10-06 17:47:24",
            "2023-10-06 18:35:27",
            "2023-10-07 09:16:25",
            "2023-10-08 09:15:29",
            "2023-10-08 14:12:09",
            "2023-10-08 14:18:48",
            "2023-10-09 09:21:20",
            "2023-10-09 11:16:45",
            "2023-10-09 20:58:43",
            "2023-10-10 09:17:32",
            "2023-10-10 12:36:38",
            "2023-10-10 14:42:07",
            "2023-10-10 21:51:45",
            "2023-10-11 09:15:28",
            "2023-10-11 19:41:14",
            "2023-10-11 22:55:04",
            "2023-10-12 02:52:01",
            "2023-10-12 09:16:52",
            "2023-10-12 13:44:47",
            "2023-10-12 17:47:43",
            "2023-10-13 04:28:09",
            "2023-10-13 09:14:12",
            "2023-10-13 21:13:24",
            "2023-10-14 09:18:12",
            "2023-10-15 09:18:27",
            "2023-10-15 14:26:14",
            "2023-10-16 09:17:28",
            "2023-10-16 12:10:58",
            "2023-10-16 15:50:14",
            "2023-10-16 20:09:52",
            "2023-10-23 13:54:43",
            "2023-10-23 20:46:52",
            "2023-10-24 09:16:29",
            "2023-10-24 18:16:48",
            "2023-10-24 18:50:37",
            "2023-10-24 19:08:21",
            "2023-10-24 19:19:30",
            "2023-10-25 09:17:56",
            "2023-10-25 20:12:08",
            "2023-10-26 01:42:12",
            "2023-10-26 01:59:39",
            "2023-10-26 09:18:57",
            "2023-10-26 14:06:49",
            "2023-10-26 18:12:41",
            "2023-10-26 21:02:35",
            "2023-10-26 21:13:50",
            "2023-10-27 02:28:31",
            "2023-10-27 09:19:01",
            "2023-10-27 18:38:39",
            "2023-10-27 18:54:25",
            "2023-10-28 09:15:28",
            "2023-10-28 20:17:56",
            "2023-10-29 09:16:21",
            "2023-10-30 02:36:04",
            "2023-10-30 09:16:20",
            "2023-10-30 17:02:01",
            "2023-10-30 17:47:02",
            "2023-10-30 18:00:17",
            "2023-10-30 18:48:30",
            "2023-10-30 19:00:54",
            "2023-10-31 09:17:48",
            "2023-10-31 13:58:47",
            "2023-10-31 14:24:53",
            "2023-10-31 16:19:48",
            "2023-10-31 17:25:12",
            "2023-10-31 19:29:15",
            "2023-11-01 03:02:04",
            "2023-11-01 09:28:03",
            "2023-11-01 13:22:55",
            "2023-11-01 13:31:00",
            "2023-11-01 16:52:13",
            "2023-11-01 19:55:10",
            "2023-11-01 20:19:53",
            "2023-11-02 09:16:17",
            "2023-11-02 13:26:23",
            "2023-11-02 15:52:03",
            "2023-11-02 16:31:23",
            "2023-11-02 19:37:31",
            "2023-11-02 20:40:12",
            "2023-11-03 02:09:01",
            "2023-11-03 09:17:43",
            "2023-11-03 20:10:06",
            "2023-11-03 20:37:38",
            "2023-11-03 22:57:26",
            "2023-11-04 09:15:24",
            "2023-11-05 09:16:57",
            "2023-11-05 16:06:30",
            "2023-11-06 00:47:38",
            "2023-11-06 09:16:14",
            "2023-11-06 17:07:28",
            "2023-11-07 09:17:03",
            "2023-11-07 13:33:14",
            "2023-11-07 14:02:57",
            "2023-11-07 17:18:39",
            "2023-11-07 19:16:33",
            "2023-11-08 01:34:51",
            "2023-11-08 03:37:05",
            "2023-11-08 03:58:18",
            "2023-11-08 09:19:43",
            "2023-11-08 19:02:24",
            "2023-11-08 19:22:35",
            "2023-11-09 09:18:08",
            "2023-11-09 13:29:14",
            "2023-11-09 13:41:54",
            "2023-11-09 15:05:03",
            "2023-11-09 16:40:47",
            "2023-11-09 17:22:31",
            "2023-11-09 18:22:53",
            "2023-11-09 20:58:42",
            "2023-11-09 21:16:58",
            "2023-11-09 23:34:01",
            "2023-11-10 03:58:58",
            "2023-11-10 08:26:24",
            "2023-11-10 09:17:50",
            "2023-11-11 09:17:06",
            "2023-11-12 09:16:19",
            "2023-11-13 09:20:35",
            "2023-11-13 14:12:00",
            "2023-11-20 15:49:37",
            "2023-11-21 09:16:19",
            "2023-11-21 15:08:03",
            "2023-11-21 15:10:55",
            "2023-11-21 15:26:40",
            "2023-11-22 09:19:04",
            "2023-11-22 13:34:24",
            "2023-11-22 16:57:36",
            "2023-11-22 17:08:05",
            "2023-11-22 19:21:33",
            "2023-11-22 20:38:02",
            "2023-11-23 09:18:18",
            "2023-11-23 15:17:32",
            "2023-11-23 16:48:11",
            "2023-11-23 18:38:27",
            "2023-11-23 19:14:24",
            "2023-11-23 19:59:59",
            "2023-11-24 09:15:12",
            "2023-11-24 13:24:06",
            "2023-11-24 13:31:33",
            "2023-11-24 16:01:31",
            "2023-11-24 16:08:55",
            "2023-11-24 16:49:36",
            "2023-11-24 19:26:24",
            "2023-11-25 09:17:02",
            "2023-11-25 14:39:21",
            "2023-11-26 09:14:56",
            "2023-11-26 19:05:04",
            "2023-11-26 19:58:34",
            "2023-11-27 09:17:58",
            "2023-11-27 17:32:57",
            "2023-11-27 22:16:43",
            "2023-11-27 22:27:53",
            "2023-11-28 09:16:16",
            "2023-11-28 14:06:18",
            "2023-11-28 18:01:37",
            "2023-11-28 18:56:38",
            "2023-11-29 01:18:21",
            "2023-11-29 06:49:04",
            "2023-11-29 09:18:15",
            "2023-11-29 18:19:02",
            "2023-11-29 19:19:47",
            "2023-11-29 22:50:54",
            "2023-11-30 09:17:04",
            "2023-11-30 16:11:24",
            "2023-11-30 16:34:04",
            "2023-11-30 16:43:33",
            "2023-11-30 18:34:41",
            "2023-11-30 21:01:12",
            "2023-12-01 00:27:30",
            "2023-12-01 00:39:11",
            "2023-12-01 00:47:04",
            "2023-12-01 09:17:38",
            "2023-12-01 17:19:46",
            "2023-12-01 17:50:39",
            "2023-12-01 21:01:48",
            "2023-12-02 09:21:37",
            "2023-12-02 15:29:47",
            "2023-12-02 15:34:35",
            "2023-12-03 09:17:20",
            "2023-12-03 18:26:48",
            "2023-12-03 18:27:35",
            "2023-12-03 18:40:01",
            "2023-12-03 18:57:23",
            "2023-12-04 09:21:59",
            "2023-12-04 20:17:46",
            "2023-12-04 20:26:14",
            "2023-12-04 20:40:00",
            "2023-12-04 20:44:16",
            "2023-12-04 22:24:42",
            "2023-12-05 09:19:15",
            "2023-12-05 17:04:28",
            "2023-12-05 17:06:05",
            "2023-12-05 17:26:05",
            "2023-12-05 18:50:17",
            "2023-12-05 21:13:36",
            "2023-12-05 22:10:23",
            "2023-12-06 09:17:31",
            "2023-12-06 18:02:06",
            "2023-12-06 18:11:10",
            "2023-12-06 22:31:31",
            "2023-12-07 01:23:09",
            "2023-12-07 09:16:02",
            "2023-12-07 16:19:45",
            "2023-12-07 17:47:37",
            "2023-12-07 17:53:52",
            "2023-12-07 19:14:40",
            "2023-12-08 00:59:51",
            "2023-12-08 02:53:28",
            "2023-12-08 02:54:11",
            "2023-12-08 03:24:16",
            "2023-12-08 05:24:13",
            "2023-12-08 09:18:59",
            "2023-12-08 13:28:59",
            "2023-12-08 13:37:58",
            "2023-12-08 16:52:32",
            "2023-12-08 17:11:03",
            "2023-12-08 21:11:28",
            "2023-12-09 09:16:34",
            "2023-12-09 20:09:11",
            "2023-12-10 09:18:35",
            "2023-12-11 09:17:58",
            "2023-12-11 13:31:00",
            "2023-12-11 17:02:26",
            "2023-12-18 15:32:01",
            "2023-12-18 20:14:14",
            "2023-12-18 20:21:59",
            "2023-12-19 09:15:36",
            "2023-12-19 14:05:23",
            "2023-12-19 17:44:05",
            "2023-12-19 20:10:25",
            "2023-12-19 22:08:30",
            "2023-12-19 23:29:52",
            "2023-12-20 00:43:23",
            "2023-12-20 09:15:47",
            "2023-12-20 18:29:59",
            "2023-12-21 09:13:55",
            "2023-12-21 14:05:30",
            "2023-12-21 15:57:13",
            "2023-12-22 02:23:11",
            "2023-12-22 09:19:04",
            "2023-12-23 09:18:03",
            "2023-12-23 13:08:04",
            "2023-12-24 09:20:14",
            "2023-12-24 14:21:21",
            "2023-12-24 18:08:55",
            "2023-12-25 09:20:40",
            "2023-12-26 09:17:04",
            "2023-12-27 09:15:52",
            "2023-12-27 15:04:24",
            "2023-12-28 09:18:43",
            "2023-12-28 13:58:06",
            "2023-12-28 16:36:48",
            "2023-12-29 09:15:51",
            "2023-12-29 16:44:10",
            "2023-12-30 09:19:21",
            "2023-12-30 16:43:07",
            "2023-12-31 09:19:49",
            "2023-12-31 16:07:45",
            "2024-01-01 09:16:50",
            "2024-01-02 09:17:57",
            "2024-01-02 14:35:27",
            "2024-01-02 17:25:43",
            "2024-01-02 18:54:52",
            "2024-01-03 09:14:24",
            "2024-01-04 09:15:57",
            "2024-01-04 14:58:07",
            "2024-01-04 16:53:04",
            "2024-01-04 20:03:49",
            "2024-01-05 01:09:39",
            "2024-01-05 09:16:09",
            "2024-01-05 18:22:11",
            "2024-01-05 20:49:22",
            "2024-01-06 01:09:09",
            "2024-01-06 09:15:28",
            "2024-01-06 15:19:54",
            "2024-01-07 09:17:56",
            "2024-01-07 18:28:43",
            "2024-01-08 09:17:55",
            "2024-01-08 22:54:52",
            "2024-01-08 23:52:49",
            "2024-01-09 09:17:15",
            "2024-01-09 13:49:14",
            "2024-01-09 15:29:01",
            "2024-01-09 17:28:56",
            "2024-01-09 21:35:52",
            "2024-01-10 09:14:43",
            "2024-01-10 17:59:27",
            "2024-01-10 20:48:24",
            "2024-01-11 09:17:43",
            "2024-01-11 13:18:39",
            "2024-01-11 14:26:20",
            "2024-01-11 16:43:59",
            "2024-01-11 17:41:16",
            "2024-01-11 19:01:33",
            "2024-01-11 21:09:26",
            "2024-01-12 09:19:33",
            "2024-01-12 13:27:37",
            "2024-01-12 13:35:00",
            "2024-01-12 16:07:08",
            "2024-01-12 16:45:22",
            "2024-01-13 09:16:07",
            "2024-01-13 16:02:48",
            "2024-01-13 22:16:30",
            "2024-01-14 09:15:54",
            "2024-01-14 15:27:17",
            "2024-01-15 09:20:30",
            "2024-01-15 13:24:03",
            "2024-01-15 15:47:42",
            "2024-01-22 11:29:22",
            "2024-01-22 15:46:15",
            "2024-01-22 17:47:55",
            "2024-01-23 09:18:19",
            "2024-01-23 16:21:35",
            "2024-01-23 16:37:03",
            "2024-01-23 17:01:05",
            "2024-01-24 07:46:30",
            "2024-01-24 09:17:45",
            "2024-01-24 10:10:04",
            "2024-01-24 10:20:23",
            "2024-01-25 08:17:18",
            "2024-01-25 09:16:24",
            "2024-01-25 11:40:50",
            "2024-01-25 19:55:43",
            "2024-01-26 08:22:35",
            "2024-01-26 08:30:00",
            "2024-01-26 09:16:53",
            "2024-01-27 09:16:18",
            "2024-01-28 09:14:37",
            "2024-01-28 10:21:01",
            "2024-01-28 10:22:49",
            "2024-01-28 10:36:00",
            "2024-01-28 11:02:29",
            "2024-01-28 13:59:26",
            "2024-01-28 17:17:02",
            "2024-01-29 06:52:42",
            "2024-01-29 09:17:30",
            "2024-01-30 09:17:42",
            "2024-01-30 12:12:36",
            "2024-01-30 12:18:29",
            "2024-01-30 12:47:52",
            "2024-01-30 14:42:31",
            "2024-01-30 14:46:49",
            "2024-01-30 14:50:42",
            "2024-01-30 15:32:30",
            "2024-01-30 17:06:51",
            "2024-01-30 17:22:21",
            "2024-01-31 09:16:40",
            "2024-01-31 19:51:02",
            "2024-01-31 19:52:12",
            "2024-02-01 09:17:30",
            "2024-02-01 09:55:18",
            "2024-02-01 11:40:29",
            "2024-02-01 14:02:56",
            "2024-02-01 14:13:24",
            "2024-02-01 14:19:11",
            "2024-02-01 14:35:28",
            "2024-02-01 14:45:34",
            "2024-02-01 14:55:52",
            "2024-02-01 15:13:15",
            "2024-02-01 15:45:31",
            "2024-02-01 16:34:05",
            "2024-02-02 09:03:54",
            "2024-02-02 09:16:30",
            "2024-02-02 18:17:20",
            "2024-02-03 09:17:37",
            "2024-02-04 07:01:15",
            "2024-02-04 07:10:52",
            "2024-02-04 09:20:23",
            "2024-02-05 08:56:25",
            "2024-02-05 09:17:25",
            "2024-02-06 08:23:02",
            "2024-02-06 09:14:55",
            "2024-02-06 09:19:06",
            "2024-02-06 10:09:38",
            "2024-02-06 11:38:33",
            "2024-02-06 12:51:40",
            "2024-02-06 12:53:03",
            "2024-02-06 12:54:32",
            "2024-02-06 13:21:23",
            "2024-02-06 14:10:46",
            "2024-02-06 14:28:58",
            "2024-02-06 17:18:58",
            "2024-02-06 17:25:35",
            "2024-02-06 18:19:27",
            "2024-02-06 19:41:20",
            "2024-02-06 19:56:07",
            "2024-02-06 20:12:27",
            "2024-02-06 20:35:55",
            "2024-02-07 07:29:13",
            "2024-02-07 08:18:56",
            "2024-02-07 09:19:58",
            "2024-02-07 17:29:11",
            "2024-02-07 17:31:28",
            "2024-02-07 18:08:14",
            "2024-02-07 23:59:27",
            "2024-02-08 08:14:23",
            "2024-02-08 09:19:05",
            "2024-02-08 11:27:56",
            "2024-02-08 12:17:00",
            "2024-02-08 13:22:33",
            "2024-02-08 17:32:32",
            "2024-02-08 19:44:44",
            "2024-02-08 20:39:56",
            "2024-02-09 08:31:04",
            "2024-02-09 09:18:12",
            "2024-02-09 10:24:25",
            "2024-02-09 14:42:41",
            "2024-02-10 09:17:14",
            "2024-02-11 09:17:32",
            "2024-02-11 11:34:20",
            "2024-02-12 09:17:44",
            "2024-02-19 09:25:31",
            "2024-02-20 09:20:55",
            "2024-02-21 09:15:58",
            "2024-02-22 09:17:41",
            "2024-02-23 09:17:06",
            "2024-02-24 09:17:22",
            "2024-02-25 09:17:37",
            "2024-02-26 09:19:39",
            "2024-02-27 09:15:26",
            "2024-02-28 09:17:14",
            "2024-02-29 09:18:56",
            "2024-03-01 09:18:52",
            "2024-03-02 09:17:43",
            "2024-03-03 09:19:05",
            "2024-03-04 09:17:53",
            "2024-03-05 09:18:16",
            "2024-03-06 10:47:56",
            "2024-03-07 09:17:51",
            "2024-03-08 09:16:26",
            "2024-03-09 09:18:50",
            "2024-03-10 09:17:47",
            "2024-03-11 09:18:41",
            "2024-03-11 14:13:13",
            "2024-03-18 08:55:08",
            "2024-03-19 09:38:35",
            "2024-03-20 09:17:24",
            "2024-03-21 09:16:03",
            "2024-03-22 09:16:22",
            "2024-03-23 09:19:32",
            "2024-03-24 09:20:06",
            "2024-03-25 09:14:08",
            "2024-03-26 09:15:47",
            "2024-03-27 09:22:50",
            "2024-03-28 09:19:58",
            "2024-03-29 09:19:18",
            "2024-03-30 09:18:58",
            "2024-03-31 09:17:23",
            "2024-04-01 09:16:00",
            "2024-04-02 09:18:04",
            "2024-04-03 09:16:02",
            "2024-04-04 09:18:18",
            "2024-04-05 09:18:28",
            "2024-04-06 09:20:39",
            "2024-04-07 09:17:44",
            "2024-04-08 09:22:27",
            "2024-04-08 15:33:15",
            "2024-04-15 10:01:36",
            "2024-04-16 09:39:32",
            "2024-04-17 09:19:40",
            "2024-04-18 09:20:53",
            "2024-04-19 09:26:09",
            "2024-04-20 09:20:43",
            "2024-04-21 09:21:28",
            "2024-04-22 09:19:40",
            "2024-04-23 11:56:00",
            "2024-04-24 09:17:56",
            "2024-04-25 09:21:28",
            "2024-04-26 09:17:20",
            "2024-04-27 09:17:32",
            "2024-04-28 09:20:44",
            "2024-04-29 09:17:43",
            "2024-04-30 09:14:45",
            "2024-05-01 02:27:18",
            "2024-05-02 09:18:48",
            "2024-05-03 09:17:35",
            "2024-05-04 09:19:04",
            "2024-05-05 09:16:13",
            "2024-05-06 09:19:25",
            "2024-05-07 02:26:25",
            "2024-05-08 02:26:13"
        ]
    },
    "series": [
        {
            "label": "Timeseries",
            "type": "float",
            "raw": [
                1185.5,
                1088.5,
                1090.0,
                1139.5,
                1054.0,
                1133.5,
                1226.5,
                1065.0,
                1089.0,
                1193.0,
                1277.0,
                1083.0,
                1087.5,
                1145.5,
                1068.5,
                1045.0,
                1096.5,
                1084.0,
                1090.0,
                1254.5,
                1122.0,
                1111.0,
                1095.0,
                1077.5,
                1128.0,
                1082.5,
                1088.0,
                1126.5,
                1071.5,
                1166.0,
                1127.5,
                1101.5,
                1093.0,
                1109.5,
                1153.5,
                1122.5,
                1105.5,
                1144.5,
                1081.0,
                1127.5,
                1367.0,
                1193.5,
                1141.0,
                1396.0,
                1082.0,
                1073.5,
                1077.0,
                1200.5,
                1144.5,
                1106.5,
                1068.0,
                1106.5,
                1126.0,
                1101.0,
                1123.0,
                1060.5,
                1084.0,
                1232.0,
                1302.0,
                1276.5,
                1214.0,
                1086.5,
                1119.0,
                1082.5,
                1261.0,
                1297.5,
                1372.5,
                1262.25,
                1095.0,
                1332.5,
                1283.0,
                1290.5,
                1260.0,
                1264.5,
                1223.5,
                1382.5,
                1289.0,
                1306.5,
                1170.0,
                1305.5,
                1292.5,
                1272.0,
                1216.0,
                1256.0,
                1117.5,
                1109.5,
                1076.5,
                1159.0,
                1173.0,
                1140.5,
                1257.5,
                1124.5,
                1234.0,
                1246.9,
                1289.7,
                1219.7,
                1307.7,
                1323.1,
                1313.8,
                1312.8,
                1212.9,
                1237.5,
                1290.0,
                1391.2,
                1388.6,
                1228.0,
                1335.9,
                1293.1,
                1362.4,
                1331.6,
                1226.9,
                1270.1,
                1302.6,
                1317.3,
                1227.0,
                1253.7,
                1227.0,
                1220.4,
                1338.4,
                1323.0,
                1328.9,
                1394.9,
                1293.0,
                1334.3,
                1388.8,
                1336.4,
                1289.0,
                1266.0,
                1384.7,
                1297.5,
                1337.7,
                1349.5,
                1272.1,
                1364.9,
                1207.5,
                1310.0,
                1288.8,
                1360.8,
                1310.4,
                1292.1,
                1233.3,
                1280.4,
                1359.8,
                1380.5,
                1291.6,
                1368.9,
                1309.1,
                1321.6,
                1386.9,
                1280.8,
                1269.2,
                1308.8,
                1345.9,
                1263.7,
                1399.1,
                1348.4,
                1346.8,
                1301.1,
                1254.8,
                1289.3,
                1351.9,
                1288.1,
                1294.5,
                1328.8,
                1394.3,
                1584.2,
                1351.1,
                1329.8,
                1275.0,
                1283.4,
                1342.3,
                1331.4,
                1435.6,
                1329.3,
                1309.1,
                1382.0,
                1270.0,
                1358.4,
                1261.7,
                1265.2,
                1303.6,
                1368.9,
                1347.6,
                1359.0,
                1319.3,
                1325.0,
                1265.9,
                1470.5,
                1218.6,
                1354.0,
                1229.8,
                1333.6,
                1398.5,
                1271.4,
                1309.0,
                1337.6,
                1379.0,
                1366.4,
                1303.5,
                1316.2,
                1393.5,
                1268.8,
                1312.5,
                1273.3,
                1337.0,
                1253.5,
                1218.3,
                1361.6,
                1353.1,
                1295.4,
                1395.6,
                1245.6,
                1753.4,
                1260.2,
                1290.2,
                1323.5,
                1192.3,
                1444.2,
                1352.7,
                1354.3,
                1302.0,
                1320.5,
                1337.0,
                1329.1,
                1437.1,
                1262.9,
                1272.9,
                1263.2,
                1248.3,
                1324.0,
                1286.0,
                1338.6,
                1252.9,
                1216.35,
                1240.4499999999998,
                1240.15,
                1284.9,
                1362.3,
                1305.4,
                1260.6,
                1273.7,
                1293.9,
                1258.4,
                1281.6,
                1176.7,
                1257.8,
                1276.8,
                1201.1,
                1184.8,
                1304.1,
                1268.4,
                1220.1,
                1289.3,
                1261.0,
                1238.7,
                1313.9,
                1223.4,
                1354.3,
                1347.5,
                1376.3,
                1300.6,
                1271.9,
                1298.0,
                1225.5,
                1252.3,
                1199.0,
                1262.9,
                1261.3,
                1312.0,
                1268.2,
                1218.7,
                1303.8,
                1330.3,
                1279.4,
                1258.4,
                1218.1,
                1284.9,
                1438.5,
                1275.1,
                1293.3,
                1299.0,
                1283.5,
                1255.2,
                1260.1,
                1335.6,
                1210.3,
                1264.4,
                1328.3,
                1274.9,
                1266.9,
                1259.5,
                1274.2,
                1321.0,
                1225.5,
                1225.3,
                1264.7,
                1323.7,
                1271.7,
                1254.3,
                1218.1,
                1281.0,
                1337.4,
                1232.0,
                1223.9,
                1253.9,
                1244.3,
                1242.9,
                1352.0,
                1318.6,
                1196.8,
                1254.4,
                1236.5,
                1294.5,
                1266.9,
                1367.2,
                1268.2,
                1280.7,
                1398.6,
                1272.1,
                1222.9,
                1212.1,
                1201.3,
                1233.9,
                1305.5,
                1380.6,
                1249.2,
                1291.0,
                1345.0,
                1225.7,
                1259.8,
                1225.6,
                1317.2,
                1265.1,
                1238.4,
                1208.7,
                1279.8,
                1263.3,
                1240.8,
                1267.7,
                1266.5,
                1264.6,
                1265.0,
                1177.5,
                1237.0,
                1282.6,
                1379.1,
                1299.2,
                1262.6,
                1239.4,
                1292.5,
                1292.5,
                1329.3,
                1365.4,
                1233.8,
                1242.1,
                1267.1,
                1274.7,
                1218.2,
                1190.5,
                1288.9,
                1261.1,
                1290.4,
                1295.1,
                1260.1,
                1300.0,
                1233.28,
                1251.58,
                1240.84,
                1241.1,
                1223.9,
                1257.2,
                1220.8,
                1243.2,
                1271.3,
                1311.8,
                1314.3,
                1258.54,
                1275.12,
                1257.78,
                1244.72,
                1344.9,
                1268.2,
                1295.8,
                1379.9,
                1271.6,
                1274.0,
                1262.6,
                1236.1,
                1183.8,
                1192.7,
                1235.6,
                1274.1,
                1299.8,
                1277.7,
                1229.4,
                1298.8,
                1259.6,
                1303.4,
                1213.8,
                1291.7,
                1172.0,
                1286.2,
                1384.2,
                1363.4,
                1250.9,
                1323.4,
                1222.8,
                1255.6,
                1248.8,
                1244.2,
                1303.2,
                1353.7,
                1261.0,
                1219.3,
                1227.4,
                1233.8,
                1250.3,
                1279.9,
                1134.6,
                1221.3,
                1122.1,
                1128.5,
                1114.3,
                1181.4,
                1228.0,
                1309.3200000000002,
                1292.0,
                1282.9,
                1239.58,
                1304.5,
                1282.1625,
                1263.8444444444444,
                1256.8666666666666,
                1256.0111111111112,
                1269.9222222222224,
                1270.9,
                1255.4777777777776,
                1267.9444444444443,
                1251.1888888888889,
                1262.3666666666666,
                1275.1333333333334,
                1312.3,
                1222.2,
                1290.9,
                1302.3,
                1194.7,
                1339.1,
                1217.2,
                1287.6,
                1295.2,
                1276.9,
                1259.5,
                1273.7,
                1234.4,
                1344.6,
                1298.5,
                1250.4,
                1272.0,
                1295.1,
                1304.5,
                1257.9,
                1325.5,
                1298.8,
                1334.6,
                1268.3,
                1329.0,
                1316.6,
                1334.9,
                1329.7,
                1343.4,
                1322.1,
                1287.7,
                1401.0,
                1233.5,
                1357.0,
                1235.4,
                1382.2,
                1239.3,
                1313.7,
                1286.2,
                1306.5,
                1312.3,
                1284.5,
                1300.5,
                1300.2,
                1328.2,
                1342.7,
                1288.3,
                1206.8,
                1327.1,
                1303.9,
                1297.4,
                1219.5,
                1294.4,
                1283.4,
                1273.3,
                1275.2,
                1352.2,
                1335.4,
                1352.2,
                1264.4,
                1272.4,
                1324.9,
                1188.7,
                1281.8,
                1331.3,
                1203.9,
                1279.8,
                1240.9,
                1208.8,
                1268.5,
                1320.8,
                1351.0,
                1292.9,
                1299.1,
                1289.5,
                1200.1,
                1332.4,
                1275.45,
                1295.0166666666669,
                1271.45,
                1308.4599999999998,
                1274.7,
                1283.16,
                1278.7400000000002,
                1310.0,
                1410.6,
                1228.2,
                1185.8,
                1236.3,
                1297.2,
                1250.6,
                1353.1,
                1236.4,
                1318.5,
                1324.4,
                1290.6,
                1337.6,
                1222.7,
                1344.2,
                1249.0,
                1326.5,
                1307.2,
                1285.9,
                1261.1,
                1241.5,
                1245.3,
                1255.8,
                1330.7,
                1213.4,
                1269.4,
                1360.7,
                1443.0,
                1356.7,
                1254.5,
                1336.9,
                1286.2,
                1365.7,
                1304.7,
                1285.8,
                1287.1,
                1308.6,
                1256.8,
                1328.2,
                1350.1,
                1278.4,
                1234.1,
                1427.1,
                1359.7,
                1241.3,
                1239.9,
                1388.2,
                1311.6,
                1450.3,
                1359.6,
                1297.6,
                1236.0,
                1312.0,
                1206.0,
                1264.2,
                1309.3,
                1318.7,
                1288.4,
                1390.5,
                1208.0,
                1342.3,
                1286.8,
                1269.3,
                1241.3,
                1328.8,
                1246.2,
                1360.3,
                1220.6,
                1210.1,
                1267.7,
                1296.7,
                1205.0,
                1326.4,
                1363.3,
                1319.8,
                1382.9,
                1307.8,
                1316.9,
                1288.2,
                1229.2666666666669,
                1204.8333333333333,
                1307.8,
                1317.88,
                1339.2,
                1294.4,
                1184.4,
                1213.8,
                1172.4,
                1296.7,
                1330.2,
                1283.6,
                1257.8,
                1330.1,
                1350.2,
                1300.7,
                1283.2,
                1368.5,
                1265.4,
                1287.7,
                1271.6,
                1199.6,
                1284.0,
                1249.6,
                1232.4,
                1245.3,
                1257.5,
                1258.9,
                1347.0,
                1230.7,
                1264.3,
                1385.1,
                1214.8,
                1286.4,
                1300.5,
                1245.1,
                1211.9,
                1340.8,
                1287.3,
                1296.1,
                1245.1,
                1381.7,
                1272.8,
                1266.6,
                1319.6,
                1222.9,
                1282.6,
                1303.6,
                1244.9,
                1322.8,
                1314.8,
                1293.2,
                1265.7,
                1180.7,
                1233.1,
                1290.4,
                1323.7,
                1265.4,
                1353.9,
                1362.36,
                1180.2,
                1161.5,
                1215.2,
                1325.85,
                1270.1,
                1230.38,
                1173.8,
                1158.0,
                1143.5,
                1192.2,
                1107.8,
                1200.2,
                1231.2,
                1200.0,
                1265.75,
                1179.9,
                1244.4,
                1198.4,
                1223.0,
                1143.8,
                1166.5,
                1094.9,
                1228.3200000000002,
                1240.7166666666667,
                1351.5333333333333,
                1365.8,
                1211.0,
                1296.1,
                1273.9,
                1218.3,
                1312.6,
                1353.8,
                1255.2,
                1286.0,
                1287.9,
                1382.7,
                1376.0,
                1393.3,
                1290.6,
                1289.0,
                1268.5,
                1298.4,
                1310.3,
                1228.1,
                1268.9,
                1215.3,
                1279.3,
                1232.1,
                1305.8,
                1373.9,
                1474.2,
                1314.1,
                1261.6,
                1362.4,
                1306.2,
                1356.7,
                1245.1,
                1233.3,
                1271.0,
                1342.4,
                1291.1,
                1338.1,
                1257.5,
                1364.0,
                1411.6,
                1306.7,
                1314.3,
                1242.0,
                1324.5,
                1280.5,
                1362.5,
                1230.1,
                1177.7,
                1235.1,
                1238.4,
                1200.7,
                1264.2,
                1254.0,
                1171.7,
                1130.1,
                1171.3,
                1095.4,
                1190.4,
                1125.7,
                1100.0,
                1279.6,
                1267.2,
                1224.2,
                1174.9,
                1202.5,
                1255.7,
                1550.1,
                907.0,
                905.5,
                882.8,
                861.8,
                918.6,
                959.7,
                904.2,
                898.3,
                903.8,
                900.8,
                935.8,
                926.9,
                893.1,
                897.1,
                891.4,
                881.6,
                892.7,
                883.3,
                912.9,
                904.1,
                836.6,
                887.0,
                898.3,
                897.3
            ]
        }
    ]
}