{
    "name": "4167866",
    "longname": "4167866 timeseries",
    "n_obs": 807,
    "n_dim": 1,
    "time": {
        "type": "string",
        "format": "%Y-%m-%d %H:%M:%S",
        "index": [
            0,
            1,
            2,
            3,
            4,
            5,
            6,
            7,
            8,
            9,
            10,
            11,
            12,
            13,
            14,
            15,
            16,
            17,
            18,
            19,
            20,
            21,
            22,
            23,
            24,
            25,
            26,
            27,
            28,
            29,
            30,
            31,
            32,
            33,
            34,
            35,
            36,
            37,
            38,
            39,
            40,
            41,
            42,
            43,
            44,
            45,
            46,
            47,
            48,
            49,
            50,
            51,
            52,
            53,
            54,
            55,
            56,
            57,
            58,
            59,
            60,
            61,
            62,
            63,
            64,
            65,
            66,
            67,
            68,
            69,
            70,
            71,
            72,
            73,
            74,
            75,
            76,
            77,
            78,
            79,
            80,
            81,
            82,
            83,
            84,
            85,
            86,
            87,
            88,
            89,
            90,
            91,
            92,
            93,
            94,
            95,
            96,
            97,
            98,
            99,
            100,
            101,
            102,
            103,
            104,
            105,
            106,
            107,
            108,
            109,
            110,
            111,
            112,
            113,
            114,
            115,
            116,
            117,
            118,
            119,
            120,
            121,
            122,
            123,
            124,
            125,
            126,
            127,
            128,
            129,
            130,
            131,
            132,
            133,
            134,
            135,
            136,
            137,
            138,
            139,
            140,
            141,
            142,
            143,
            144,
            145,
            146,
            147,
            148,
            149,
            150,
            151,
            152,
            153,
            154,
            155,
            156,
            157,
            158,
            159,
            160,
            161,
            162,
            163,
            164,
            165,
            166,
            167,
            168,
            169,
            170,
            171,
            172,
            173,
            174,
            175,
            176,
            177,
            178,
            179,
            180,
            181,
            182,
            183,
            184,
            185,
            186,
            187,
            188,
            189,
            190,
            191,
            192,
            193,
            194,
            195,
            196,
            197,
            198,
            199,
            200,
            201,
            202,
            203,
            204,
            205,
            206,
            207,
            208,
            209,
            210,
            211,
            212,
            213,
            214,
            215,
            216,
            217,
            218,
            219,
            220,
            221,
            222,
            223,
            224,
            225,
            226,
            227,
            228,
            229,
            230,
            231,
            232,
            233,
            234,
            235,
            236,
            237,
            238,
            239,
            240,
            241,
            242,
            243,
            244,
            245,
            246,
            247,
            248,
            249,
            250,
            251,
            252,
            253,
            254,
            255,
            256,
            257,
            258,
            259,
            260,
            261,
            262,
            263,
            264,
            265,
            266,
            267,
            268,
            269,
            270,
            271,
            272,
            273,
            274,
            275,
            276,
            277,
            278,
            279,
            280,
            281,
            282,
            283,
            284,
            285,
            286,
            287,
            288,
            289,
            290,
            291,
            292,
            293,
            294,
            295,
            296,
            297,
            298,
            299,
            300,
            301,
            302,
            303,
            304,
            305,
            306,
            307,
            308,
            309,
            310,
            311,
            312,
            313,
            314,
            315,
            316,
            317,
            318,
            319,
            320,
            321,
            322,
            323,
            324,
            325,
            326,
            327,
            328,
            329,
            330,
            331,
            332,
            333,
            334,
            335,
            336,
            337,
            338,
            339,
            340,
            341,
            342,
            343,
            344,
            345,
            346,
            347,
            348,
            349,
            350,
            351,
            352,
            353,
            354,
            355,
            356,
            357,
            358,
            359,
            360,
            361,
            362,
            363,
            364,
            365,
            366,
            367,
            368,
            369,
            370,
            371,
            372,
            373,
            374,
            375,
            376,
            377,
            378,
            379,
            380,
            381,
            382,
            383,
            384,
            385,
            386,
            387,
            388,
            389,
            390,
            391,
            392,
            393,
            394,
            395,
            396,
            397,
            398,
            399,
            400,
            401,
            402,
            403,
            404,
            405,
            406,
            407,
            408,
            409,
            410,
            411,
            412,
            413,
            414,
            415,
            416,
            417,
            418,
            419,
            420,
            421,
            422,
            423,
            424,
            425,
            426,
            427,
            428,
            429,
            430,
            431,
            432,
            433,
            434,
            435,
            436,
            437,
            438,
            439,
            440,
            441,
            442,
            443,
            444,
            445,
            446,
            447,
            448,
            449,
            450,
            451,
            452,
            453,
            454,
            455,
            456,
            457,
            458,
            459,
            460,
            461,
            462,
            463,
            464,
            465,
            466,
            467,
            468,
            469,
            470,
            471,
            472,
            473,
            474,
            475,
            476,
            477,
            478,
            479,
            480,
            481,
            482,
            483,
            484,
            485,
            486,
            487,
            488,
            489,
            490,
            491,
            492,
            493,
            494,
            495,
            496,
            497,
            498,
            499,
            500,
            501,
            502,
            503,
            504,
            505,
            506,
            507,
            508,
            509,
            510,
            511,
            512,
            513,
            514,
            515,
            516,
            517,
            518,
            519,
            520,
            521,
            522,
            523,
            524,
            525,
            526,
            527,
            528,
            529,
            530,
            531,
            532,
            533,
            534,
            535,
            536,
            537,
            538,
            539,
            540,
            541,
            542,
            543,
            544,
            545,
            546,
            547,
            548,
            549,
            550,
            551,
            552,
            553,
            554,
            555,
            556,
            557,
            558,
            559,
            560,
            561,
            562,
            563,
            564,
            565,
            566,
            567,
            568,
            569,
            570,
            571,
            572,
            573,
            574,
            575,
            576,
            577,
            578,
            579,
            580,
            581,
            582,
            583,
            584,
            585,
            586,
            587,
            588,
            589,
            590,
            591,
            592,
            593,
            594,
            595,
            596,
            597,
            598,
            599,
            600,
            601,
            602,
            603,
            604,
            605,
            606,
            607,
            608,
            609,
            610,
            611,
            612,
            613,
            614,
            615,
            616,
            617,
            618,
            619,
            620,
            621,
            622,
            623,
            624,
            625,
            626,
            627,
            628,
            629,
            630,
            631,
            632,
            633,
            634,
            635,
            636,
            637,
            638,
            639,
            640,
            641,
            642,
            643,
            644,
            645,
            646,
            647,
            648,
            649,
            650,
            651,
            652,
            653,
            654,
            655,
            656,
            657,
            658,
            659,
            660,
            661,
            662,
            663,
            664,
            665,
            666,
            667,
            668,
            669,
            670,
            671,
            672,
            673,
            674,
            675,
            676,
            677,
            678,
            679,
            680,
            681,
            682,
            683,
            684,
            685,
            686,
            687,
            688,
            689,
            690,
            691,
            692,
            693,
            694,
            695,
            696,
            697,
            698,
            699,
            700,
            701,
            702,
            703,
            704,
            705,
            706,
            707,
            708,
            709,
            710,
            711,
            712,
            713,
            714,
            715,
            716,
            717,
            718,
            719,
            720,
            721,
            722,
            723,
            724,
            725,
            726,
            727,
            728,
            729,
            730,
            731,
            732,
            733,
            734,
            735,
            736,
            737,
            738,
            739,
            740,
            741,
            742,
            743,
            744,
            745,
            746,
            747,
            748,
            749,
            750,
            751,
            752,
            753,
            754,
            755,
            756,
            757,
            758,
            759,
            760,
            761,
            762,
            763,
            764,
            765,
            766,
            767,
            768,
            769,
            770,
            771,
            772,
            773,
            774,
            775,
            776,
            777,
            778,
            779,
            780,
            781,
            782,
            783,
            784,
            785,
            786,
            787,
            788,
            789,
            790,
            791,
            792,
            793,
            794,
            795,
            796,
            797,
            798,
            799,
            800,
            801,
            802,
            803,
            804,
            805,
            806
        ],
        "raw": [
            "2023-05-22 10:20:25",
            "2023-05-22 12:50:35",
            "2023-05-22 18:02:38",
            "2023-05-23 09:18:46",
            "2023-05-23 13:09:04",
            "2023-05-23 16:30:53",
            "2023-05-23 16:49:14",
            "2023-05-23 17:46:44",
            "2023-05-23 18:02:01",
            "2023-05-23 18:36:58",
            "2023-05-24 06:14:16",
            "2023-05-24 17:59:27",
            "2023-05-25 08:53:12",
            "2023-05-25 12:01:03",
            "2023-05-25 16:17:59",
            "2023-05-25 18:01:43",
            "2023-05-26 18:00:45",
            "2023-05-27 09:49:02",
            "2023-05-27 18:01:21",
            "2023-05-28 17:59:00",
            "2023-06-05 14:23:29",
            "2023-06-05 15:57:01",
            "2023-06-05 17:59:24",
            "2023-06-05 21:08:31",
            "2023-06-06 09:09:48",
            "2023-06-06 16:19:01",
            "2023-06-06 18:01:12",
            "2023-06-07 16:41:52",
            "2023-06-07 17:56:51",
            "2023-06-08 13:18:16",
            "2023-06-08 17:59:52",
            "2023-06-08 21:41:16",
            "2023-06-09 13:50:39",
            "2023-06-09 18:01:58",
            "2023-06-10 18:00:11",
            "2023-06-11 14:48:42",
            "2023-06-11 18:03:00",
            "2023-06-12 13:25:59",
            "2023-06-12 17:59:34",
            "2023-06-12 21:24:58",
            "2023-06-13 13:44:08",
            "2023-06-13 17:45:06",
            "2023-06-13 18:00:33",
            "2023-06-13 19:54:13",
            "2023-06-14 01:17:32",
            "2023-06-14 12:30:00",
            "2023-06-14 16:03:12",
            "2023-06-14 16:07:57",
            "2023-06-14 18:02:29",
            "2023-06-14 18:51:27",
            "2023-06-14 21:35:27",
            "2023-06-15 12:50:03",
            "2023-06-15 13:23:28",
            "2023-06-15 16:46:36",
            "2023-06-15 17:58:02",
            "2023-06-15 21:25:04",
            "2023-06-15 21:31:47",
            "2023-06-16 00:18:37",
            "2023-06-16 00:29:37",
            "2023-06-16 12:17:47",
            "2023-06-16 14:00:16",
            "2023-06-16 16:25:38",
            "2023-06-16 17:26:28",
            "2023-06-16 18:00:51",
            "2023-06-16 18:38:48",
            "2023-06-17 14:26:16",
            "2023-06-17 17:58:30",
            "2023-06-18 18:02:18",
            "2023-06-19 13:34:03",
            "2023-06-19 18:00:07",
            "2023-06-20 13:15:48",
            "2023-06-20 14:20:56",
            "2023-06-20 16:59:19",
            "2023-06-20 17:24:22",
            "2023-06-20 18:00:51",
            "2023-06-21 13:26:34",
            "2023-06-21 18:11:33",
            "2023-06-21 20:07:35",
            "2023-06-22 11:20:57",
            "2023-06-22 12:38:03",
            "2023-06-22 13:03:32",
            "2023-06-22 13:08:25",
            "2023-06-22 13:37:22",
            "2023-06-22 16:12:21",
            "2023-06-23 13:38:03",
            "2023-06-23 18:03:44",
            "2023-06-23 18:52:54",
            "2023-06-24 13:12:41",
            "2023-06-24 18:00:33",
            "2023-06-24 22:36:22",
            "2023-06-25 17:59:55",
            "2023-06-26 13:12:41",
            "2023-06-26 14:05:49",
            "2023-07-04 08:05:00",
            "2023-07-04 08:13:20",
            "2023-07-04 17:59:10",
            "2023-07-04 20:50:41",
            "2023-07-05 18:01:37",
            "2023-07-05 22:18:29",
            "2023-07-06 14:26:52",
            "2023-07-06 15:48:00",
            "2023-07-06 18:02:11",
            "2023-07-06 19:39:12",
            "2023-07-07 17:59:16",
            "2023-07-07 18:52:45",
            "2023-07-08 14:56:49",
            "2023-07-08 17:59:20",
            "2023-07-09 15:07:05",
            "2023-07-09 17:59:49",
            "2023-07-10 13:57:38",
            "2023-07-10 18:02:54",
            "2023-07-11 00:09:58",
            "2023-07-11 12:10:33",
            "2023-07-11 13:49:09",
            "2023-07-11 17:59:23",
            "2023-07-11 18:30:52",
            "2023-07-12 18:58:21",
            "2023-07-13 14:00:45",
            "2023-07-13 14:21:58",
            "2023-07-13 16:48:18",
            "2023-07-13 17:59:05",
            "2023-07-13 21:23:54",
            "2023-07-13 21:32:11",
            "2023-07-14 00:24:41",
            "2023-07-14 00:43:09",
            "2023-07-14 13:29:22",
            "2023-07-14 14:18:32",
            "2023-07-14 17:59:09",
            "2023-07-15 18:04:22",
            "2023-07-16 13:41:25",
            "2023-07-16 18:03:34",
            "2023-07-17 15:06:07",
            "2023-07-17 17:57:13",
            "2023-07-17 18:13:26",
            "2023-07-18 12:20:04",
            "2023-07-18 17:47:25",
            "2023-07-18 18:01:35",
            "2023-07-18 18:53:23",
            "2023-07-19 12:20:45",
            "2023-07-19 18:07:09",
            "2023-07-19 19:46:06",
            "2023-07-20 15:57:45",
            "2023-07-20 17:59:27",
            "2023-07-20 20:00:12",
            "2023-07-21 16:06:45",
            "2023-07-21 18:01:34",
            "2023-07-22 18:01:26",
            "2023-07-23 15:25:49",
            "2023-07-23 17:59:43",
            "2023-07-24 00:28:48",
            "2023-07-24 12:18:38",
            "2023-07-31 15:02:16",
            "2023-08-01 17:41:49",
            "2023-08-01 18:01:59",
            "2023-08-02 15:58:45",
            "2023-08-02 18:03:06",
            "2023-08-03 00:35:45",
            "2023-08-03 02:40:36",
            "2023-08-03 15:42:06",
            "2023-08-03 16:45:02",
            "2023-08-03 18:02:21",
            "2023-08-04 01:00:05",
            "2023-08-04 01:46:46",
            "2023-08-04 14:18:49",
            "2023-08-04 18:01:22",
            "2023-08-05 00:48:58",
            "2023-08-05 18:00:42",
            "2023-08-06 18:01:10",
            "2023-08-07 00:18:16",
            "2023-08-07 01:52:13",
            "2023-08-07 02:02:36",
            "2023-08-07 06:11:47",
            "2023-08-07 06:44:25",
            "2023-08-07 14:27:22",
            "2023-08-07 18:00:13",
            "2023-08-08 17:20:55",
            "2023-08-08 18:01:14",
            "2023-08-08 18:43:39",
            "2023-08-08 21:26:50",
            "2023-08-08 21:55:02",
            "2023-08-08 22:35:16",
            "2023-08-08 23:48:06",
            "2023-08-09 04:06:03",
            "2023-08-09 18:01:13",
            "2023-08-09 19:20:20",
            "2023-08-10 15:15:03",
            "2023-08-10 17:30:49",
            "2023-08-10 17:48:51",
            "2023-08-10 18:00:04",
            "2023-08-10 18:18:19",
            "2023-08-10 21:27:10",
            "2023-08-10 21:34:07",
            "2023-08-11 00:44:05",
            "2023-08-11 01:08:38",
            "2023-08-11 15:21:13",
            "2023-08-11 16:51:16",
            "2023-08-11 17:58:53",
            "2023-08-11 19:35:29",
            "2023-08-12 16:03:48",
            "2023-08-12 18:00:10",
            "2023-08-13 16:52:58",
            "2023-08-13 17:23:23",
            "2023-08-13 18:01:42",
            "2023-08-13 21:28:29",
            "2023-08-13 21:35:36",
            "2023-08-14 00:08:40",
            "2023-08-14 15:56:31",
            "2023-08-14 17:35:08",
            "2023-08-14 18:01:52",
            "2023-08-15 02:26:03",
            "2023-08-15 14:12:37",
            "2023-08-15 14:31:22",
            "2023-08-15 17:55:25",
            "2023-08-15 18:00:41",
            "2023-08-16 17:40:45",
            "2023-08-16 18:00:54",
            "2023-08-16 18:52:19",
            "2023-08-17 14:25:18",
            "2023-08-17 17:00:22",
            "2023-08-17 17:58:56",
            "2023-08-18 17:58:43",
            "2023-08-18 18:03:36",
            "2023-08-19 18:03:16",
            "2023-08-20 18:00:02",
            "2023-08-21 11:07:09",
            "2023-08-28 13:34:39",
            "2023-08-28 18:00:55",
            "2023-08-29 16:17:46",
            "2023-08-29 18:01:58",
            "2023-08-30 16:02:19",
            "2023-08-30 18:00:05",
            "2023-08-31 13:48:52",
            "2023-08-31 16:20:56",
            "2023-08-31 18:00:26",
            "2023-09-01 14:41:46",
            "2023-09-01 17:59:08",
            "2023-09-02 18:02:24",
            "2023-09-03 14:47:55",
            "2023-09-03 18:02:19",
            "2023-09-04 10:55:38",
            "2023-09-04 12:18:03",
            "2023-09-04 18:05:52",
            "2023-09-05 08:42:26",
            "2023-09-05 17:59:53",
            "2023-09-06 00:34:54",
            "2023-09-06 00:53:42",
            "2023-09-06 09:15:15",
            "2023-09-06 14:00:22",
            "2023-09-06 14:02:17",
            "2023-09-06 18:01:29",
            "2023-09-07 08:55:31",
            "2023-09-07 12:18:53",
            "2023-09-07 18:02:12",
            "2023-09-07 21:24:46",
            "2023-09-07 21:35:37",
            "2023-09-07 23:54:25",
            "2023-09-08 00:01:27",
            "2023-09-08 08:23:52",
            "2023-09-08 09:27:27",
            "2023-09-08 14:37:17",
            "2023-09-08 18:02:35",
            "2023-09-09 14:33:38",
            "2023-09-09 18:01:37",
            "2023-09-10 17:59:34",
            "2023-09-11 18:00:35",
            "2023-09-12 01:33:58",
            "2023-09-12 09:08:04",
            "2023-09-12 13:16:28",
            "2023-09-12 17:59:28",
            "2023-09-13 16:12:36",
            "2023-09-13 18:01:47",
            "2023-09-14 09:48:47",
            "2023-09-14 12:23:01",
            "2023-09-14 15:23:47",
            "2023-09-14 16:08:26",
            "2023-09-14 18:00:32",
            "2023-09-15 12:36:32",
            "2023-09-15 17:59:24",
            "2023-09-16 17:59:47",
            "2023-09-17 08:58:12",
            "2023-09-17 11:54:43",
            "2023-09-17 18:02:18",
            "2023-09-18 07:34:42",
            "2023-09-18 07:59:31",
            "2023-09-18 11:42:33",
            "2023-09-25 13:24:00",
            "2023-09-26 09:15:49",
            "2023-09-26 22:39:03",
            "2023-09-27 02:39:08",
            "2023-09-27 09:15:17",
            "2023-09-27 18:36:07",
            "2023-09-27 18:57:18",
            "2023-09-27 23:22:04",
            "2023-09-28 09:16:00",
            "2023-09-28 15:32:59",
            "2023-09-28 15:47:16",
            "2023-09-28 16:33:19",
            "2023-09-28 19:13:44",
            "2023-09-29 09:14:27",
            "2023-09-29 16:56:36",
            "2023-09-29 17:03:59",
            "2023-09-29 18:35:51",
            "2023-09-30 09:18:18",
            "2023-10-01 09:15:55",
            "2023-10-01 13:43:42",
            "2023-10-02 09:17:55",
            "2023-10-02 13:51:16",
            "2023-10-02 20:49:05",
            "2023-10-03 09:17:20",
            "2023-10-03 12:49:30",
            "2023-10-04 00:57:47",
            "2023-10-04 01:13:33",
            "2023-10-04 02:01:13",
            "2023-10-04 04:09:15",
            "2023-10-04 09:16:11",
            "2023-10-04 13:24:55",
            "2023-10-04 13:32:10",
            "2023-10-04 17:28:50",
            "2023-10-04 18:37:21",
            "2023-10-04 19:05:37",
            "2023-10-05 09:16:59",
            "2023-10-05 12:14:20",
            "2023-10-05 13:10:58",
            "2023-10-05 18:10:23",
            "2023-10-06 09:15:09",
            "2023-10-06 13:26:54",
            "2023-10-06 13:34:30",
            "2023-10-06 17:25:15",
            "2023-10-06 17:39:01",
            "2023-10-06 17:47:24",
            "2023-10-06 18:35:27",
            "2023-10-07 09:16:25",
            "2023-10-08 09:15:29",
            "2023-10-08 14:12:09",
            "2023-10-08 14:18:48",
            "2023-10-09 09:21:20",
            "2023-10-09 11:16:45",
            "2023-10-09 20:58:43",
            "2023-10-10 09:17:32",
            "2023-10-10 12:36:38",
            "2023-10-10 14:42:07",
            "2023-10-10 21:51:45",
            "2023-10-11 09:15:28",
            "2023-10-11 19:41:14",
            "2023-10-11 22:55:04",
            "2023-10-12 02:52:01",
            "2023-10-12 09:16:52",
            "2023-10-12 13:44:47",
            "2023-10-12 17:47:43",
            "2023-10-13 04:28:09",
            "2023-10-13 09:14:12",
            "2023-10-13 21:13:24",
            "2023-10-14 09:18:12",
            "2023-10-15 09:18:27",
            "2023-10-15 14:26:14",
            "2023-10-16 09:17:28",
            "2023-10-16 12:10:58",
            "2023-10-16 15:50:14",
            "2023-10-16 20:09:52",
            "2023-10-23 13:54:43",
            "2023-10-23 20:46:52",
            "2023-10-24 09:16:29",
            "2023-10-24 18:16:48",
            "2023-10-24 18:50:37",
            "2023-10-24 19:08:21",
            "2023-10-24 19:19:30",
            "2023-10-25 09:17:56",
            "2023-10-25 20:12:08",
            "2023-10-26 01:42:12",
            "2023-10-26 01:59:39",
            "2023-10-26 09:18:57",
            "2023-10-26 14:06:49",
            "2023-10-26 18:12:41",
            "2023-10-26 21:02:35",
            "2023-10-26 21:13:50",
            "2023-10-27 02:28:31",
            "2023-10-27 09:19:01",
            "2023-10-27 18:38:39",
            "2023-10-27 18:54:25",
            "2023-10-28 09:15:28",
            "2023-10-28 20:17:56",
            "2023-10-29 09:16:21",
            "2023-10-30 02:36:04",
            "2023-10-30 09:16:20",
            "2023-10-30 17:02:01",
            "2023-10-30 17:47:02",
            "2023-10-30 18:00:17",
            "2023-10-30 18:48:30",
            "2023-10-30 19:00:54",
            "2023-10-31 09:17:48",
            "2023-10-31 13:58:47",
            "2023-10-31 14:24:53",
            "2023-10-31 16:19:48",
            "2023-10-31 17:25:12",
            "2023-10-31 19:29:15",
            "2023-11-01 03:02:04",
            "2023-11-01 09:28:03",
            "2023-11-01 19:55:10",
            "2023-11-01 20:19:53",
            "2023-11-02 09:16:17",
            "2023-11-02 13:26:23",
            "2023-11-02 15:52:03",
            "2023-11-02 16:31:23",
            "2023-11-02 19:37:31",
            "2023-11-02 20:40:12",
            "2023-11-03 02:09:01",
            "2023-11-03 09:17:43",
            "2023-11-03 13:30:36",
            "2023-11-03 13:37:56",
            "2023-11-03 16:13:18",
            "2023-11-03 16:47:35",
            "2023-11-03 20:10:06",
            "2023-11-03 20:37:38",
            "2023-11-03 22:57:26",
            "2023-11-04 09:15:24",
            "2023-11-05 09:16:57",
            "2023-11-05 16:06:30",
            "2023-11-06 00:47:38",
            "2023-11-06 09:16:14",
            "2023-11-06 17:07:28",
            "2023-11-07 09:17:03",
            "2023-11-07 13:33:14",
            "2023-11-07 14:02:57",
            "2023-11-07 17:18:39",
            "2023-11-07 19:16:33",
            "2023-11-08 01:34:51",
            "2023-11-08 03:37:05",
            "2023-11-08 03:58:18",
            "2023-11-08 09:19:43",
            "2023-11-08 19:02:24",
            "2023-11-08 19:22:35",
            "2023-11-09 09:18:08",
            "2023-11-09 13:29:14",
            "2023-11-09 13:41:54",
            "2023-11-09 15:05:03",
            "2023-11-09 16:40:47",
            "2023-11-09 17:22:31",
            "2023-11-09 18:22:53",
            "2023-11-09 20:58:42",
            "2023-11-09 21:16:58",
            "2023-11-09 23:34:01",
            "2023-11-10 03:58:58",
            "2023-11-10 08:26:24",
            "2023-11-10 09:17:50",
            "2023-11-11 09:17:06",
            "2023-11-12 09:16:19",
            "2023-11-13 09:20:35",
            "2023-11-13 14:12:00",
            "2023-11-20 15:49:37",
            "2023-11-21 09:16:19",
            "2023-11-21 15:08:03",
            "2023-11-21 15:10:55",
            "2023-11-21 15:26:40",
            "2023-11-22 09:19:04",
            "2023-11-22 19:21:33",
            "2023-11-22 20:38:02",
            "2023-11-23 09:18:18",
            "2023-11-23 15:17:32",
            "2023-11-23 16:48:11",
            "2023-11-23 18:38:27",
            "2023-11-23 19:14:24",
            "2023-11-23 19:59:59",
            "2023-11-24 09:15:12",
            "2023-11-24 16:49:36",
            "2023-11-24 19:26:24",
            "2023-11-25 09:17:02",
            "2023-11-25 14:39:21",
            "2023-11-26 09:14:56",
            "2023-11-26 19:05:04",
            "2023-11-26 19:58:34",
            "2023-11-27 09:17:58",
            "2023-11-27 17:32:57",
            "2023-11-27 22:16:43",
            "2023-11-27 22:27:53",
            "2023-11-28 09:16:16",
            "2023-11-28 14:06:18",
            "2023-11-28 18:01:37",
            "2023-11-28 18:56:38",
            "2023-11-29 01:18:21",
            "2023-11-29 06:49:04",
            "2023-11-29 09:18:15",
            "2023-11-29 18:19:02",
            "2023-11-29 19:19:47",
            "2023-11-29 22:50:54",
            "2023-11-30 09:17:04",
            "2023-11-30 16:11:24",
            "2023-11-30 16:34:04",
            "2023-11-30 16:43:33",
            "2023-11-30 18:34:41",
            "2023-11-30 21:01:12",
            "2023-12-01 00:27:30",
            "2023-12-01 00:39:11",
            "2023-12-01 00:47:04",
            "2023-12-01 09:17:38",
            "2023-12-01 13:25:05",
            "2023-12-01 13:32:36",
            "2023-12-01 16:45:27",
            "2023-12-01 17:00:36",
            "2023-12-01 17:19:46",
            "2023-12-01 17:50:39",
            "2023-12-01 21:01:48",
            "2023-12-02 09:21:37",
            "2023-12-02 15:29:47",
            "2023-12-02 15:34:35",
            "2023-12-03 09:17:20",
            "2023-12-03 18:26:48",
            "2023-12-03 18:27:35",
            "2023-12-03 18:40:01",
            "2023-12-03 18:57:23",
            "2023-12-04 09:21:59",
            "2023-12-04 20:17:46",
            "2023-12-04 20:26:14",
            "2023-12-04 20:40:00",
            "2023-12-04 20:44:16",
            "2023-12-04 22:24:42",
            "2023-12-05 09:19:15",
            "2023-12-05 17:04:28",
            "2023-12-05 17:06:05",
            "2023-12-05 17:26:05",
            "2023-12-05 18:50:17",
            "2023-12-05 21:13:36",
            "2023-12-05 22:10:23",
            "2023-12-06 09:17:31",
            "2023-12-06 18:02:06",
            "2023-12-06 18:11:10",
            "2023-12-06 22:31:31",
            "2023-12-07 01:23:09",
            "2023-12-07 09:16:02",
            "2023-12-07 16:19:45",
            "2023-12-07 17:47:37",
            "2023-12-07 17:53:52",
            "2023-12-07 19:14:40",
            "2023-12-08 00:59:51",
            "2023-12-08 02:53:28",
            "2023-12-08 02:54:11",
            "2023-12-08 03:24:16",
            "2023-12-08 05:24:13",
            "2023-12-08 09:18:59",
            "2023-12-08 21:11:28",
            "2023-12-09 09:16:34",
            "2023-12-09 20:09:11",
            "2023-12-10 09:18:35",
            "2023-12-11 09:17:58",
            "2023-12-11 13:31:00",
            "2023-12-18 15:32:01",
            "2023-12-19 09:15:36",
            "2023-12-19 14:05:23",
            "2023-12-19 17:44:05",
            "2023-12-19 20:10:25",
            "2023-12-19 22:08:30",
            "2023-12-19 23:29:52",
            "2023-12-20 00:43:23",
            "2023-12-20 09:15:47",
            "2023-12-20 18:29:59",
            "2023-12-21 09:13:55",
            "2023-12-21 14:05:30",
            "2023-12-21 15:57:13",
            "2023-12-22 02:23:11",
            "2023-12-22 09:19:04",
            "2023-12-23 09:18:03",
            "2023-12-23 13:08:04",
            "2023-12-24 09:20:14",
            "2023-12-24 14:21:21",
            "2023-12-24 18:08:55",
            "2023-12-25 09:20:40",
            "2023-12-26 09:17:04",
            "2023-12-27 09:15:52",
            "2023-12-27 15:04:24",
            "2023-12-28 09:18:43",
            "2023-12-28 13:58:06",
            "2023-12-28 16:36:48",
            "2023-12-29 09:15:51",
            "2023-12-29 16:44:10",
            "2023-12-30 09:19:21",
            "2023-12-30 16:43:07",
            "2023-12-31 09:19:49",
            "2023-12-31 16:07:45",
            "2024-01-01 09:16:50",
            "2024-01-02 09:17:57",
            "2024-01-02 14:35:27",
            "2024-01-02 17:25:43",
            "2024-01-02 18:54:52",
            "2024-01-03 09:14:24",
            "2024-01-03 13:24:25",
            "2024-01-03 13:31:46",
            "2024-01-03 16:29:39",
            "2024-01-03 16:36:29",
            "2024-01-04 09:15:57",
            "2024-01-04 14:58:07",
            "2024-01-04 16:53:04",
            "2024-01-04 20:03:49",
            "2024-01-05 01:09:39",
            "2024-01-05 09:16:09",
            "2024-01-05 13:26:43",
            "2024-01-05 13:34:50",
            "2024-01-05 16:51:45",
            "2024-01-05 17:09:15",
            "2024-01-05 18:22:11",
            "2024-01-05 20:49:22",
            "2024-01-06 01:09:09",
            "2024-01-06 09:15:28",
            "2024-01-06 15:19:54",
            "2024-01-07 09:17:56",
            "2024-01-07 18:28:43",
            "2024-01-08 09:17:55",
            "2024-01-08 22:54:52",
            "2024-01-08 23:52:49",
            "2024-01-09 09:17:15",
            "2024-01-09 13:49:14",
            "2024-01-09 15:29:01",
            "2024-01-09 17:28:56",
            "2024-01-09 21:35:52",
            "2024-01-10 09:14:43",
            "2024-01-10 17:59:27",
            "2024-01-10 20:48:24",
            "2024-01-11 09:17:43",
            "2024-01-11 13:18:39",
            "2024-01-11 14:26:20",
            "2024-01-11 16:43:59",
            "2024-01-11 17:41:16",
            "2024-01-11 19:01:33",
            "2024-01-11 21:09:26",
            "2024-01-12 09:19:33",
            "2024-01-13 09:16:07",
            "2024-01-13 16:02:48",
            "2024-01-13 22:16:30",
            "2024-01-14 09:15:54",
            "2024-01-14 15:27:17",
            "2024-01-15 09:20:30",
            "2024-01-15 13:24:03",
            "2024-01-22 11:29:22",
            "2024-01-22 15:46:15",
            "2024-01-22 17:47:55",
            "2024-01-23 09:18:19",
            "2024-01-23 16:21:35",
            "2024-01-23 16:37:03",
            "2024-01-23 17:01:05",
            "2024-01-24 07:46:30",
            "2024-01-24 09:17:45",
            "2024-01-24 10:10:04",
            "2024-01-24 10:20:23",
            "2024-01-25 08:17:18",
            "2024-01-25 09:16:24",
            "2024-01-25 11:40:50",
            "2024-01-25 19:55:43",
            "2024-01-26 08:22:35",
            "2024-01-26 08:30:00",
            "2024-01-26 09:16:53",
            "2024-01-27 09:16:18",
            "2024-01-28 09:14:37",
            "2024-01-28 10:21:01",
            "2024-01-28 10:22:49",
            "2024-01-28 10:36:00",
            "2024-01-28 11:02:29",
            "2024-01-28 13:59:26",
            "2024-01-28 17:17:02",
            "2024-01-29 06:52:42",
            "2024-01-29 09:17:30",
            "2024-01-30 09:17:42",
            "2024-01-30 12:12:36",
            "2024-01-30 12:18:29",
            "2024-01-30 12:47:52",
            "2024-01-30 14:42:31",
            "2024-01-30 14:46:49",
            "2024-01-30 14:50:42",
            "2024-01-30 15:32:30",
            "2024-01-30 17:06:51",
            "2024-01-30 17:22:21",
            "2024-01-31 09:16:40",
            "2024-01-31 19:51:02",
            "2024-01-31 19:52:12",
            "2024-02-01 09:17:30",
            "2024-02-01 09:55:18",
            "2024-02-01 11:40:29",
            "2024-02-01 14:02:56",
            "2024-02-01 14:13:24",
            "2024-02-01 14:19:11",
            "2024-02-01 14:35:28",
            "2024-02-01 14:45:34",
            "2024-02-01 14:55:52",
            "2024-02-01 15:13:15",
            "2024-02-01 15:45:31",
            "2024-02-01 16:34:05",
            "2024-02-02 09:03:54",
            "2024-02-02 09:16:30",
            "2024-02-02 13:23:07",
            "2024-02-02 13:30:35",
            "2024-02-02 16:19:47",
            "2024-02-02 16:37:24",
            "2024-02-02 18:17:20",
            "2024-02-03 09:17:37",
            "2024-02-04 07:01:15",
            "2024-02-04 07:10:52",
            "2024-02-04 09:20:23",
            "2024-02-05 08:56:25",
            "2024-02-05 09:17:25",
            "2024-02-06 08:23:02",
            "2024-02-06 09:14:55",
            "2024-02-06 09:19:06",
            "2024-02-06 10:09:38",
            "2024-02-06 11:38:33",
            "2024-02-06 12:51:40",
            "2024-02-06 12:53:03",
            "2024-02-06 12:54:32",
            "2024-02-06 13:21:23",
            "2024-02-06 14:10:46",
            "2024-02-06 14:28:58",
            "2024-02-06 17:18:58",
            "2024-02-06 17:25:35",
            "2024-02-06 18:19:27",
            "2024-02-06 19:41:20",
            "2024-02-06 19:56:07",
            "2024-02-06 20:12:27",
            "2024-02-06 20:35:55",
            "2024-02-07 07:29:13",
            "2024-02-07 08:18:56",
            "2024-02-07 09:19:58",
            "2024-02-07 17:29:11",
            "2024-02-07 17:31:28",
            "2024-02-07 18:08:14",
            "2024-02-07 23:59:27",
            "2024-02-08 08:14:23",
            "2024-02-08 09:19:05",
            "2024-02-08 11:27:56",
            "2024-02-08 12:17:00",
            "2024-02-08 13:22:33",
            "2024-02-08 17:32:32",
            "2024-02-08 19:44:44",
            "2024-02-08 20:39:56",
            "2024-02-09 08:31:04",
            "2024-02-09 09:18:12",
            "2024-02-09 10:24:25",
            "2024-02-09 14:42:41",
            "2024-02-10 09:17:14",
            "2024-02-11 09:17:32",
            "2024-02-11 11:34:20",
            "2024-02-12 09:17:44",
            "2024-02-19 09:25:31",
            "2024-02-20 09:20:55",
            "2024-02-21 09:15:58",
            "2024-02-22 09:17:41",
            "2024-02-23 09:17:06",
            "2024-02-24 09:17:22",
            "2024-02-25 09:17:37",
            "2024-02-26 09:19:39",
            "2024-02-27 09:15:26",
            "2024-02-28 09:17:14",
            "2024-02-29 09:18:56",
            "2024-03-01 09:18:52",
            "2024-03-02 09:17:43",
            "2024-03-03 09:19:05",
            "2024-03-04 09:17:53",
            "2024-03-05 09:18:16",
            "2024-03-06 10:47:56",
            "2024-03-07 09:17:51",
            "2024-03-08 09:16:26",
            "2024-03-09 09:18:50",
            "2024-03-10 09:17:47",
            "2024-03-11 09:18:41",
            "2024-03-11 14:13:13",
            "2024-03-18 08:55:08",
            "2024-03-19 09:38:35",
            "2024-03-20 09:17:24",
            "2024-03-21 09:16:03",
            "2024-03-22 09:16:22",
            "2024-03-23 09:19:32",
            "2024-03-24 09:20:06",
            "2024-03-25 09:14:08",
            "2024-03-26 09:15:47",
            "2024-03-27 09:22:50",
            "2024-03-28 09:19:58",
            "2024-03-29 09:19:18",
            "2024-03-30 09:18:58",
            "2024-03-31 09:17:23",
            "2024-04-01 09:16:00",
            "2024-04-02 09:18:04",
            "2024-04-03 09:16:02",
            "2024-04-04 09:18:18",
            "2024-04-05 09:18:28",
            "2024-04-06 09:20:39",
            "2024-04-07 09:17:44",
            "2024-04-08 09:22:27",
            "2024-04-08 15:33:15",
            "2024-04-15 10:01:36",
            "2024-04-16 09:39:32",
            "2024-04-17 09:19:40",
            "2024-04-18 09:20:53",
            "2024-04-19 09:26:09",
            "2024-04-20 09:20:43",
            "2024-04-21 09:21:28",
            "2024-04-22 09:19:40",
            "2024-04-23 11:56:00",
            "2024-04-24 09:17:56",
            "2024-04-25 09:21:28",
            "2024-04-26 09:17:20",
            "2024-04-27 09:17:32",
            "2024-04-28 09:20:44",
            "2024-04-29 09:17:43",
            "2024-04-30 09:14:45",
            "2024-05-01 02:27:18",
            "2024-05-02 09:18:48",
            "2024-05-03 09:17:35",
            "2024-05-04 09:19:04",
            "2024-05-05 09:16:13",
            "2024-05-06 09:19:25",
            "2024-05-07 02:26:25",
            "2024-05-08 02:26:13"
        ]
    },
    "series": [
        {
            "label": "Timeseries",
            "type": "float",
            "raw": [
                246.0,
                231.5,
                231.0,
                244.0,
                227.5,
                219.0,
                238.0,
                222.0,
                221.5,
                221.5,
                223.5,
                226.5,
                214.5,
                218.0,
                228.0,
                228.5,
                231.0,
                232.0,
                228.0,
                223.0,
                238.5,
                242.5,
                237.5,
                230.0,
                230.5,
                235.5,
                231.0,
                240.0,
                237.0,
                237.5,
                232.0,
                233.0,
                238.5,
                240.0,
                236.0,
                244.0,
                233.5,
                241.5,
                234.0,
                237.5,
                243.0,
                235.5,
                246.5,
                238.0,
                244.5,
                244.5,
                244.5,
                232.0,
                233.0,
                242.0,
                235.5,
                236.0,
                233.0,
                238.5,
                243.5,
                237.0,
                236.0,
                235.0,
                244.5,
                231.5,
                232.5,
                243.5,
                231.5,
                232.0,
                241.0,
                235.0,
                232.0,
                235.5,
                234.5,
                229.5,
                241.0,
                229.0,
                233.0,
                237.5,
                240.5,
                236.0,
                230.0,
                231.0,
                230.5,
                237.5,
                230.0,
                231.5,
                231.5,
                243.0,
                230.5,
                235.5,
                234.5,
                240.0,
                232.0,
                232.0,
                233.0,
                227.0,
                233.0,
                243.5,
                238.6,
                241.8,
                240.6,
                261.7,
                276.1,
                261.2,
                245.5,
                252.3,
                263.0,
                252.1,
                261.6,
                244.1,
                246.4,
                234.2,
                251.7,
                248.8,
                252.2,
                268.2,
                243.8,
                252.7,
                287.3,
                266.6,
                251.0,
                253.2,
                245.0,
                274.2,
                245.0,
                306.4,
                316.4,
                258.95,
                260.3833333333333,
                251.51666666666665,
                243.16666666666663,
                250.11666666666667,
                249.9,
                247.6,
                260.7,
                251.8,
                254.5,
                256.8,
                256.0,
                299.9,
                250.5,
                302.3,
                262.3,
                312.4,
                314.9,
                316.1,
                317.8,
                278.4,
                241.8,
                240.7,
                243.5,
                247.7,
                249.4,
                271.6,
                248.7,
                252.5,
                252.4,
                248.0,
                242.7,
                245.0,
                261.0,
                253.5,
                299.7,
                249.8,
                277.9,
                252.84,
                251.04,
                251.91,
                252.5,
                257.0,
                251.86,
                248.4,
                248.5,
                291.4,
                288.4,
                287.1,
                298.8,
                244.32,
                244.64,
                246.96,
                243.58,
                242.2,
                247.10909090909092,
                249.5818181818182,
                244.44545454545457,
                248.94545454545457,
                249.21818181818185,
                256.0285714285714,
                252.2,
                248.49166666666667,
                248.86666666666667,
                255.11666666666667,
                253.05,
                253.4,
                244.71428571428572,
                249.16666666666663,
                245.03636363636363,
                245.8909090909091,
                243.78181818181815,
                243.54545454545453,
                255.66666666666663,
                259.28333333333336,
                251.65,
                248.85,
                244.0666666666667,
                244.26666666666665,
                243.78333333333333,
                242.06,
                240.64,
                240.3,
                248.11666666666667,
                247.9,
                246.8,
                251.2,
                245.9,
                241.8,
                245.9,
                242.6,
                237.7,
                244.4,
                234.0,
                238.1,
                245.2,
                254.3,
                245.0,
                238.2,
                236.5,
                243.8,
                237.6,
                242.2,
                251.0,
                239.7,
                243.4,
                239.5,
                248.1,
                250.4,
                287.8,
                256.1,
                249.7,
                238.7,
                244.5,
                247.4,
                249.4,
                244.4,
                248.0,
                236.7,
                240.8,
                236.3,
                245.8,
                247.0,
                241.9,
                250.7,
                238.9,
                242.5,
                241.6,
                248.4,
                250.8,
                239.95714285714288,
                239.18571428571428,
                240.32857142857145,
                242.1142857142857,
                235.65,
                238.4333333333333,
                242.9,
                247.8,
                246.7,
                243.5,
                244.4,
                253.3,
                244.6,
                241.7,
                246.7,
                243.3,
                240.8,
                247.2,
                240.0,
                247.6,
                274.8,
                236.7,
                318.0,
                238.0,
                240.5,
                244.5,
                238.6,
                244.1,
                242.4,
                241.7,
                242.9,
                244.2,
                242.4,
                240.5,
                243.6,
                234.1,
                242.6,
                238.5,
                237.7,
                235.4,
                232.8,
                237.0,
                243.2,
                240.7,
                233.2,
                240.3,
                237.8,
                237.4,
                236.2,
                238.9,
                233.8,
                243.1,
                235.2,
                243.0,
                242.3,
                235.6,
                235.5,
                236.4,
                235.4,
                239.3,
                227.3,
                232.5,
                260.6,
                236.1,
                248.8,
                236.2,
                239.6,
                241.0,
                236.1,
                246.2,
                245.4,
                237.5,
                233.5,
                231.86666666666667,
                233.5,
                233.45,
                232.53333333333333,
                229.76666666666665,
                234.6,
                237.1,
                231.0,
                233.9,
                241.2,
                235.8,
                239.5,
                243.0,
                230.1,
                235.4,
                235.8,
                232.4,
                278.4,
                237.1,
                233.7,
                233.5,
                242.9,
                240.1,
                233.0,
                245.6,
                236.8,
                231.6,
                234.9,
                234.5,
                235.8,
                236.5,
                234.9,
                240.8,
                235.9,
                235.1,
                226.4,
                238.5,
                233.5,
                243.4,
                238.1,
                227.1,
                244.9,
                249.5,
                235.1,
                234.1,
                252.3,
                231.4,
                263.5,
                232.7,
                243.3,
                233.1,
                233.7,
                229.5,
                230.8,
                228.7,
                234.9,
                272.4,
                229.2,
                240.3,
                234.6,
                240.9,
                231.0,
                238.8,
                235.3,
                240.2,
                259.4,
                227.7,
                232.2,
                233.6,
                240.2,
                225.0,
                247.9,
                250.3,
                236.6,
                232.3,
                250.5,
                235.0,
                238.7,
                239.6,
                247.6,
                235.1,
                239.425,
                234.975,
                236.375,
                242.16666666666663,
                237.3,
                238.14,
                241.5,
                227.4,
                233.4,
                228.3,
                248.7,
                233.8,
                231.4,
                234.5,
                233.2,
                237.0,
                225.3,
                234.5,
                267.3,
                240.7,
                231.8,
                229.2,
                248.2,
                242.9,
                234.9,
                246.4,
                243.7,
                245.4,
                243.0,
                241.0,
                242.0,
                250.7,
                248.2,
                265.4,
                253.5,
                240.6,
                237.6,
                232.0,
                223.7,
                229.1,
                231.5,
                235.1,
                227.3,
                232.9,
                235.3,
                236.9,
                239.2,
                239.8,
                237.7,
                229.5,
                234.2,
                232.6,
                228.6,
                223.4,
                234.1,
                228.9,
                233.7,
                240.1,
                244.6,
                234.5,
                233.9,
                235.5,
                233.0,
                229.1,
                243.8,
                248.0,
                236.7,
                235.4,
                234.3,
                237.1,
                238.1,
                235.9,
                236.3,
                241.8,
                233.9,
                240.9,
                238.3,
                239.7,
                246.7,
                231.3,
                235.7,
                233.5,
                233.65,
                236.075,
                229.15,
                232.3,
                234.7,
                224.3,
                230.5,
                234.3,
                235.2,
                233.3,
                229.3,
                231.9,
                228.8,
                234.6,
                232.0,
                235.1,
                231.8,
                227.1,
                247.2,
                230.9,
                235.0,
                232.2,
                234.9,
                234.0,
                233.9,
                222.6,
                233.7,
                234.7,
                225.5,
                234.3,
                233.3,
                234.6,
                238.7,
                222.5,
                242.9,
                242.8,
                258.1,
                247.5,
                230.8,
                232.0,
                220.6,
                230.5,
                256.0,
                236.8,
                234.9,
                226.7,
                226.7,
                238.0,
                228.9,
                232.4,
                227.4,
                231.5,
                232.8,
                225.8,
                238.9,
                232.6,
                229.4,
                227.1,
                237.4,
                236.2,
                231.3,
                231.2,
                236.0,
                226.2,
                225.6,
                237.3,
                227.5,
                236.0,
                237.2,
                229.7,
                226.3,
                226.6,
                232.8,
                226.1,
                232.4,
                222.1,
                226.3,
                227.3,
                233.7,
                233.5,
                223.6,
                232.6,
                232.5,
                240.07777777777775,
                239.7,
                240.72222222222223,
                240.53333333333336,
                242.23333333333332,
                226.3,
                229.2,
                235.58,
                243.48,
                237.88,
                239.94,
                241.525,
                239.45,
                243.475,
                239.075,
                239.1,
                240.06,
                240.18,
                241.4,
                240.66,
                236.2,
                236.12,
                239.18,
                239.24,
                229.28333333333333,
                230.03333333333333,
                225.025,
                226.875,
                228.21666666666667,
                223.9333333333333,
                227.5,
                233.6,
                228.3,
                237.6,
                231.1,
                227.1,
                225.0,
                222.9,
                230.2,
                221.7,
                227.9,
                233.6,
                221.8,
                238.5,
                229.5,
                223.1,
                231.2,
                230.9,
                225.4,
                229.7,
                251.6,
                240.1,
                246.3,
                225.8,
                243.0,
                247.8,
                238.0,
                249.5,
                225.8,
                232.8,
                234.2,
                234.9,
                238.6,
                231.0,
                234.9,
                232.1,
                225.5,
                227.5,
                230.6,
                251.8,
                257.0,
                254.9,
                249.4,
                251.3,
                256.1,
                248.0,
                222.6,
                236.1,
                233.1,
                230.1,
                228.8,
                229.4,
                222.1,
                232.7,
                227.6,
                236.8,
                236.3,
                226.5,
                228.8,
                231.9,
                224.2,
                225.8,
                227.3,
                231.1,
                223.5,
                238.4,
                229.5,
                231.1,
                234.5,
                232.4,
                230.0,
                226.1,
                230.2,
                239.9,
                232.1,
                224.5,
                232.8,
                232.8,
                225.9,
                233.6,
                229.8,
                229.1,
                242.8,
                227.7,
                226.1,
                231.5,
                230.575,
                224.13333333333333,
                232.7,
                223.0,
                219.9,
                227.1,
                231.9,
                235.4,
                232.3,
                236.8,
                240.0,
                223.6,
                228.4,
                227.5,
                227.4,
                226.2,
                223.9,
                237.1,
                228.4,
                226.2,
                229.8,
                229.8,
                229.6,
                225.2,
                226.6,
                223.2,
                245.9,
                242.6,
                227.8,
                233.7,
                221.1,
                234.6,
                230.0,
                222.4,
                225.0,
                233.8,
                232.1,
                227.7,
                232.4,
                231.6,
                227.4,
                225.9,
                220.4,
                232.3,
                233.2,
                233.1,
                230.6,
                221.8,
                228.6,
                235.0,
                238.3,
                229.6,
                240.0,
                237.0,
                230.9,
                235.1,
                238.2,
                233.0,
                235.1,
                238.7,
                234.4,
                230.7,
                230.5,
                228.6,
                226.3,
                230.1,
                227.6,
                234.3,
                231.3,
                226.4,
                226.8,
                225.7,
                231.7,
                240.4,
                231.9,
                228.4,
                237.8,
                230.4,
                229.7,
                224.7,
                233.1,
                235.0,
                228.6,
                227.4,
                234.8,
                228.5,
                224.0,
                231.6,
                228.7,
                248.1,
                248.6,
                247.7,
                255.2,
                255.1,
                258.2,
                256.8,
                262.6,
                235.3,
                261.5,
                249.4,
                251.8,
                257.6,
                263.2,
                250.5,
                256.1,
                252.0,
                259.6,
                265.1,
                259.6,
                259.0,
                254.8,
                239.4,
                229.9,
                253.4,
                279.2,
                266.9,
                248.5,
                254.5,
                264.1
            ]
        }
    ]
}