{
    "name": "4169695",
    "longname": "4169695 timeseries",
    "n_obs": 757,
    "n_dim": 1,
    "time": {
        "type": "string",
        "format": "%Y-%m-%d %H:%M:%S",
        "index": [
            0,
            1,
            2,
            3,
            4,
            5,
            6,
            7,
            8,
            9,
            10,
            11,
            12,
            13,
            14,
            15,
            16,
            17,
            18,
            19,
            20,
            21,
            22,
            23,
            24,
            25,
            26,
            27,
            28,
            29,
            30,
            31,
            32,
            33,
            34,
            35,
            36,
            37,
            38,
            39,
            40,
            41,
            42,
            43,
            44,
            45,
            46,
            47,
            48,
            49,
            50,
            51,
            52,
            53,
            54,
            55,
            56,
            57,
            58,
            59,
            60,
            61,
            62,
            63,
            64,
            65,
            66,
            67,
            68,
            69,
            70,
            71,
            72,
            73,
            74,
            75,
            76,
            77,
            78,
            79,
            80,
            81,
            82,
            83,
            84,
            85,
            86,
            87,
            88,
            89,
            90,
            91,
            92,
            93,
            94,
            95,
            96,
            97,
            98,
            99,
            100,
            101,
            102,
            103,
            104,
            105,
            106,
            107,
            108,
            109,
            110,
            111,
            112,
            113,
            114,
            115,
            116,
            117,
            118,
            119,
            120,
            121,
            122,
            123,
            124,
            125,
            126,
            127,
            128,
            129,
            130,
            131,
            132,
            133,
            134,
            135,
            136,
            137,
            138,
            139,
            140,
            141,
            142,
            143,
            144,
            145,
            146,
            147,
            148,
            149,
            150,
            151,
            152,
            153,
            154,
            155,
            156,
            157,
            158,
            159,
            160,
            161,
            162,
            163,
            164,
            165,
            166,
            167,
            168,
            169,
            170,
            171,
            172,
            173,
            174,
            175,
            176,
            177,
            178,
            179,
            180,
            181,
            182,
            183,
            184,
            185,
            186,
            187,
            188,
            189,
            190,
            191,
            192,
            193,
            194,
            195,
            196,
            197,
            198,
            199,
            200,
            201,
            202,
            203,
            204,
            205,
            206,
            207,
            208,
            209,
            210,
            211,
            212,
            213,
            214,
            215,
            216,
            217,
            218,
            219,
            220,
            221,
            222,
            223,
            224,
            225,
            226,
            227,
            228,
            229,
            230,
            231,
            232,
            233,
            234,
            235,
            236,
            237,
            238,
            239,
            240,
            241,
            242,
            243,
            244,
            245,
            246,
            247,
            248,
            249,
            250,
            251,
            252,
            253,
            254,
            255,
            256,
            257,
            258,
            259,
            260,
            261,
            262,
            263,
            264,
            265,
            266,
            267,
            268,
            269,
            270,
            271,
            272,
            273,
            274,
            275,
            276,
            277,
            278,
            279,
            280,
            281,
            282,
            283,
            284,
            285,
            286,
            287,
            288,
            289,
            290,
            291,
            292,
            293,
            294,
            295,
            296,
            297,
            298,
            299,
            300,
            301,
            302,
            303,
            304,
            305,
            306,
            307,
            308,
            309,
            310,
            311,
            312,
            313,
            314,
            315,
            316,
            317,
            318,
            319,
            320,
            321,
            322,
            323,
            324,
            325,
            326,
            327,
            328,
            329,
            330,
            331,
            332,
            333,
            334,
            335,
            336,
            337,
            338,
            339,
            340,
            341,
            342,
            343,
            344,
            345,
            346,
            347,
            348,
            349,
            350,
            351,
            352,
            353,
            354,
            355,
            356,
            357,
            358,
            359,
            360,
            361,
            362,
            363,
            364,
            365,
            366,
            367,
            368,
            369,
            370,
            371,
            372,
            373,
            374,
            375,
            376,
            377,
            378,
            379,
            380,
            381,
            382,
            383,
            384,
            385,
            386,
            387,
            388,
            389,
            390,
            391,
            392,
            393,
            394,
            395,
            396,
            397,
            398,
            399,
            400,
            401,
            402,
            403,
            404,
            405,
            406,
            407,
            408,
            409,
            410,
            411,
            412,
            413,
            414,
            415,
            416,
            417,
            418,
            419,
            420,
            421,
            422,
            423,
            424,
            425,
            426,
            427,
            428,
            429,
            430,
            431,
            432,
            433,
            434,
            435,
            436,
            437,
            438,
            439,
            440,
            441,
            442,
            443,
            444,
            445,
            446,
            447,
            448,
            449,
            450,
            451,
            452,
            453,
            454,
            455,
            456,
            457,
            458,
            459,
            460,
            461,
            462,
            463,
            464,
            465,
            466,
            467,
            468,
            469,
            470,
            471,
            472,
            473,
            474,
            475,
            476,
            477,
            478,
            479,
            480,
            481,
            482,
            483,
            484,
            485,
            486,
            487,
            488,
            489,
            490,
            491,
            492,
            493,
            494,
            495,
            496,
            497,
            498,
            499,
            500,
            501,
            502,
            503,
            504,
            505,
            506,
            507,
            508,
            509,
            510,
            511,
            512,
            513,
            514,
            515,
            516,
            517,
            518,
            519,
            520,
            521,
            522,
            523,
            524,
            525,
            526,
            527,
            528,
            529,
            530,
            531,
            532,
            533,
            534,
            535,
            536,
            537,
            538,
            539,
            540,
            541,
            542,
            543,
            544,
            545,
            546,
            547,
            548,
            549,
            550,
            551,
            552,
            553,
            554,
            555,
            556,
            557,
            558,
            559,
            560,
            561,
            562,
            563,
            564,
            565,
            566,
            567,
            568,
            569,
            570,
            571,
            572,
            573,
            574,
            575,
            576,
            577,
            578,
            579,
            580,
            581,
            582,
            583,
            584,
            585,
            586,
            587,
            588,
            589,
            590,
            591,
            592,
            593,
            594,
            595,
            596,
            597,
            598,
            599,
            600,
            601,
            602,
            603,
            604,
            605,
            606,
            607,
            608,
            609,
            610,
            611,
            612,
            613,
            614,
            615,
            616,
            617,
            618,
            619,
            620,
            621,
            622,
            623,
            624,
            625,
            626,
            627,
            628,
            629,
            630,
            631,
            632,
            633,
            634,
            635,
            636,
            637,
            638,
            639,
            640,
            641,
            642,
            643,
            644,
            645,
            646,
            647,
            648,
            649,
            650,
            651,
            652,
            653,
            654,
            655,
            656,
            657,
            658,
            659,
            660,
            661,
            662,
            663,
            664,
            665,
            666,
            667,
            668,
            669,
            670,
            671,
            672,
            673,
            674,
            675,
            676,
            677,
            678,
            679,
            680,
            681,
            682,
            683,
            684,
            685,
            686,
            687,
            688,
            689,
            690,
            691,
            692,
            693,
            694,
            695,
            696,
            697,
            698,
            699,
            700,
            701,
            702,
            703,
            704,
            705,
            706,
            707,
            708,
            709,
            710,
            711,
            712,
            713,
            714,
            715,
            716,
            717,
            718,
            719,
            720,
            721,
            722,
            723,
            724,
            725,
            726,
            727,
            728,
            729,
            730,
            731,
            732,
            733,
            734,
            735,
            736,
            737,
            738,
            739,
            740,
            741,
            742,
            743,
            744,
            745,
            746,
            747,
            748,
            749,
            750,
            751,
            752,
            753,
            754,
            755,
            756
        ],
        "raw": [
            "2023-05-22 10:20:25",
            "2023-05-22 12:50:35",
            "2023-05-22 18:02:38",
            "2023-05-23 09:18:46",
            "2023-05-23 13:09:04",
            "2023-05-23 16:30:53",
            "2023-05-23 16:49:14",
            "2023-05-23 17:46:44",
            "2023-05-23 18:02:01",
            "2023-05-23 18:36:58",
            "2023-05-24 06:14:16",
            "2023-05-24 17:59:27",
            "2023-05-25 08:53:12",
            "2023-05-25 12:01:03",
            "2023-05-25 16:17:59",
            "2023-05-25 18:01:43",
            "2023-05-26 18:00:45",
            "2023-05-27 09:49:02",
            "2023-05-27 18:01:21",
            "2023-05-28 17:59:00",
            "2023-06-05 14:23:29",
            "2023-06-05 15:57:01",
            "2023-06-05 17:59:24",
            "2023-06-05 21:08:31",
            "2023-06-06 09:09:48",
            "2023-06-06 16:19:01",
            "2023-06-06 18:01:12",
            "2023-06-07 16:41:52",
            "2023-06-07 17:56:51",
            "2023-06-08 13:18:16",
            "2023-06-08 17:59:52",
            "2023-06-08 21:41:16",
            "2023-06-09 13:50:39",
            "2023-06-09 18:01:58",
            "2023-06-10 18:00:11",
            "2023-06-11 14:48:42",
            "2023-06-11 18:03:00",
            "2023-06-12 13:25:59",
            "2023-06-12 17:59:34",
            "2023-06-12 21:24:58",
            "2023-06-13 13:44:08",
            "2023-06-13 17:45:06",
            "2023-06-13 18:00:33",
            "2023-06-13 19:54:13",
            "2023-06-14 12:30:00",
            "2023-06-14 16:03:12",
            "2023-06-14 16:07:57",
            "2023-06-14 18:02:29",
            "2023-06-14 18:51:27",
            "2023-06-14 19:16:52",
            "2023-06-14 21:35:27",
            "2023-06-15 12:50:03",
            "2023-06-15 13:23:28",
            "2023-06-15 16:46:36",
            "2023-06-15 17:58:02",
            "2023-06-16 12:17:47",
            "2023-06-16 14:00:16",
            "2023-06-16 16:25:38",
            "2023-06-16 17:26:28",
            "2023-06-16 18:00:51",
            "2023-06-16 18:38:48",
            "2023-06-17 14:26:16",
            "2023-06-17 17:58:30",
            "2023-06-18 18:02:18",
            "2023-06-19 13:34:03",
            "2023-06-19 18:00:07",
            "2023-06-20 13:15:48",
            "2023-06-20 14:20:56",
            "2023-06-20 16:59:19",
            "2023-06-20 17:24:22",
            "2023-06-20 18:00:51",
            "2023-06-21 13:26:34",
            "2023-06-21 18:11:33",
            "2023-06-21 20:07:35",
            "2023-06-22 11:20:57",
            "2023-06-22 12:38:03",
            "2023-06-22 13:03:32",
            "2023-06-22 13:08:25",
            "2023-06-22 13:37:22",
            "2023-06-22 16:12:21",
            "2023-06-23 13:38:03",
            "2023-06-23 18:03:44",
            "2023-06-23 18:52:54",
            "2023-06-24 13:12:41",
            "2023-06-24 18:00:33",
            "2023-06-24 22:36:22",
            "2023-06-25 17:59:55",
            "2023-06-26 13:12:41",
            "2023-06-26 14:05:49",
            "2023-07-04 08:05:00",
            "2023-07-04 08:13:20",
            "2023-07-04 17:59:10",
            "2023-07-04 20:50:41",
            "2023-07-05 18:01:37",
            "2023-07-05 22:18:29",
            "2023-07-06 14:26:52",
            "2023-07-06 15:48:00",
            "2023-07-06 18:02:11",
            "2023-07-06 19:39:12",
            "2023-07-07 17:59:16",
            "2023-07-07 18:52:45",
            "2023-07-08 14:56:49",
            "2023-07-08 17:59:20",
            "2023-07-09 15:07:05",
            "2023-07-09 17:59:49",
            "2023-07-10 13:57:38",
            "2023-07-10 18:02:54",
            "2023-07-11 00:09:58",
            "2023-07-11 12:10:33",
            "2023-07-11 13:49:09",
            "2023-07-11 17:59:23",
            "2023-07-11 18:30:52",
            "2023-07-12 18:58:21",
            "2023-07-13 14:00:45",
            "2023-07-13 14:21:58",
            "2023-07-13 16:48:18",
            "2023-07-13 17:59:05",
            "2023-07-14 13:29:22",
            "2023-07-14 14:18:32",
            "2023-07-14 17:59:09",
            "2023-07-15 18:04:22",
            "2023-07-16 13:41:25",
            "2023-07-16 18:03:34",
            "2023-07-17 15:06:07",
            "2023-07-17 17:57:13",
            "2023-07-17 18:13:26",
            "2023-07-18 12:20:04",
            "2023-07-18 17:47:25",
            "2023-07-18 18:01:35",
            "2023-07-18 18:53:23",
            "2023-07-19 12:20:45",
            "2023-07-19 18:07:09",
            "2023-07-19 19:46:06",
            "2023-07-20 15:57:45",
            "2023-07-20 17:59:27",
            "2023-07-20 20:00:12",
            "2023-07-21 16:06:45",
            "2023-07-21 18:01:34",
            "2023-07-22 18:01:26",
            "2023-07-23 15:25:49",
            "2023-07-23 17:59:43",
            "2023-07-24 00:28:48",
            "2023-07-24 12:18:38",
            "2023-07-31 15:02:16",
            "2023-08-01 17:41:49",
            "2023-08-01 18:01:59",
            "2023-08-02 15:58:45",
            "2023-08-02 18:03:06",
            "2023-08-03 00:35:45",
            "2023-08-03 02:40:36",
            "2023-08-03 15:42:06",
            "2023-08-03 16:45:02",
            "2023-08-03 18:02:21",
            "2023-08-04 01:00:05",
            "2023-08-04 01:46:46",
            "2023-08-04 14:18:49",
            "2023-08-04 18:01:22",
            "2023-08-05 00:48:58",
            "2023-08-05 18:00:42",
            "2023-08-06 16:43:56",
            "2023-08-06 18:01:10",
            "2023-08-07 00:18:16",
            "2023-08-07 14:27:22",
            "2023-08-07 18:00:13",
            "2023-08-08 17:20:55",
            "2023-08-08 18:01:14",
            "2023-08-08 18:43:39",
            "2023-08-08 21:55:02",
            "2023-08-09 18:01:13",
            "2023-08-09 19:20:20",
            "2023-08-10 15:15:03",
            "2023-08-10 17:30:49",
            "2023-08-10 17:48:51",
            "2023-08-10 18:00:04",
            "2023-08-10 18:18:19",
            "2023-08-11 15:21:13",
            "2023-08-11 16:51:16",
            "2023-08-11 17:58:53",
            "2023-08-11 19:35:29",
            "2023-08-12 16:03:48",
            "2023-08-12 18:00:10",
            "2023-08-13 16:52:58",
            "2023-08-13 17:23:23",
            "2023-08-13 18:01:42",
            "2023-08-14 15:56:31",
            "2023-08-14 17:35:08",
            "2023-08-14 18:01:52",
            "2023-08-15 02:26:03",
            "2023-08-15 14:12:37",
            "2023-08-15 14:31:22",
            "2023-08-15 17:55:25",
            "2023-08-15 18:00:41",
            "2023-08-16 17:40:45",
            "2023-08-16 18:00:54",
            "2023-08-16 18:52:19",
            "2023-08-17 14:25:18",
            "2023-08-17 17:00:22",
            "2023-08-17 17:58:56",
            "2023-08-18 17:58:43",
            "2023-08-18 18:03:36",
            "2023-08-19 18:03:16",
            "2023-08-20 18:00:02",
            "2023-08-21 11:07:09",
            "2023-08-28 13:34:39",
            "2023-08-28 18:00:55",
            "2023-08-29 16:17:46",
            "2023-08-29 18:01:58",
            "2023-08-30 16:02:19",
            "2023-08-30 18:00:05",
            "2023-08-31 13:48:52",
            "2023-08-31 16:20:56",
            "2023-08-31 18:00:26",
            "2023-09-01 14:41:46",
            "2023-09-01 17:59:08",
            "2023-09-02 18:02:24",
            "2023-09-03 14:47:55",
            "2023-09-03 18:02:19",
            "2023-09-04 10:55:38",
            "2023-09-04 12:18:03",
            "2023-09-04 18:05:52",
            "2023-09-05 08:42:26",
            "2023-09-05 17:59:53",
            "2023-09-06 09:15:15",
            "2023-09-06 14:00:22",
            "2023-09-06 14:02:17",
            "2023-09-06 18:01:29",
            "2023-09-07 08:55:31",
            "2023-09-07 12:18:53",
            "2023-09-07 18:02:12",
            "2023-09-08 08:23:52",
            "2023-09-08 09:27:27",
            "2023-09-08 14:37:17",
            "2023-09-08 18:02:35",
            "2023-09-09 14:33:38",
            "2023-09-09 18:01:37",
            "2023-09-10 17:59:34",
            "2023-09-11 18:00:35",
            "2023-09-12 01:33:58",
            "2023-09-12 09:08:04",
            "2023-09-12 13:16:28",
            "2023-09-12 17:59:28",
            "2023-09-13 16:12:36",
            "2023-09-13 18:01:47",
            "2023-09-14 09:48:47",
            "2023-09-14 12:23:01",
            "2023-09-14 15:23:47",
            "2023-09-14 16:08:26",
            "2023-09-14 18:00:32",
            "2023-09-15 12:36:32",
            "2023-09-15 17:59:24",
            "2023-09-16 17:59:47",
            "2023-09-17 08:58:12",
            "2023-09-17 11:54:43",
            "2023-09-17 18:02:18",
            "2023-09-18 07:34:42",
            "2023-09-18 07:59:31",
            "2023-09-18 11:42:33",
            "2023-09-25 13:24:00",
            "2023-09-26 09:15:49",
            "2023-09-26 22:39:03",
            "2023-09-27 02:39:08",
            "2023-09-27 09:15:17",
            "2023-09-27 18:36:07",
            "2023-09-27 18:57:18",
            "2023-09-27 23:22:04",
            "2023-09-28 09:16:00",
            "2023-09-28 15:32:59",
            "2023-09-28 15:47:16",
            "2023-09-28 16:33:19",
            "2023-09-28 19:13:44",
            "2023-09-29 09:14:27",
            "2023-09-29 16:56:36",
            "2023-09-29 17:03:59",
            "2023-09-29 18:35:51",
            "2023-09-30 09:18:18",
            "2023-10-01 09:15:55",
            "2023-10-01 13:43:42",
            "2023-10-02 09:17:55",
            "2023-10-02 13:51:16",
            "2023-10-02 20:49:05",
            "2023-10-03 09:17:20",
            "2023-10-03 12:49:30",
            "2023-10-04 00:57:47",
            "2023-10-04 01:13:33",
            "2023-10-04 02:01:13",
            "2023-10-04 04:09:15",
            "2023-10-04 09:16:11",
            "2023-10-04 13:24:55",
            "2023-10-04 13:32:10",
            "2023-10-04 17:28:50",
            "2023-10-04 18:37:21",
            "2023-10-04 19:05:37",
            "2023-10-05 09:16:59",
            "2023-10-05 12:14:20",
            "2023-10-05 13:10:58",
            "2023-10-05 18:10:23",
            "2023-10-06 09:15:09",
            "2023-10-06 13:26:54",
            "2023-10-06 13:34:30",
            "2023-10-06 17:25:15",
            "2023-10-06 17:39:01",
            "2023-10-06 17:47:24",
            "2023-10-06 18:35:27",
            "2023-10-07 09:16:25",
            "2023-10-08 09:15:29",
            "2023-10-08 14:12:09",
            "2023-10-08 14:18:48",
            "2023-10-09 09:21:20",
            "2023-10-09 11:16:45",
            "2023-10-09 13:24:24",
            "2023-10-09 13:42:19",
            "2023-10-09 18:22:33",
            "2023-10-09 18:36:07",
            "2023-10-09 20:58:43",
            "2023-10-10 09:17:32",
            "2023-10-10 12:36:38",
            "2023-10-10 14:42:07",
            "2023-10-10 21:51:45",
            "2023-10-11 09:15:28",
            "2023-10-11 19:41:14",
            "2023-10-11 22:55:04",
            "2023-10-12 02:52:01",
            "2023-10-12 09:16:52",
            "2023-10-12 13:44:47",
            "2023-10-12 17:47:43",
            "2023-10-13 04:28:09",
            "2023-10-13 09:14:12",
            "2023-10-13 21:13:24",
            "2023-10-14 09:18:12",
            "2023-10-15 09:18:27",
            "2023-10-15 14:26:14",
            "2023-10-16 09:17:28",
            "2023-10-16 12:10:58",
            "2023-10-16 15:50:14",
            "2023-10-16 20:09:52",
            "2023-10-23 13:54:43",
            "2023-10-23 20:46:52",
            "2023-10-24 09:16:29",
            "2023-10-24 18:16:48",
            "2023-10-24 18:50:37",
            "2023-10-24 19:08:21",
            "2023-10-24 19:19:30",
            "2023-10-25 09:17:56",
            "2023-10-25 20:12:08",
            "2023-10-26 01:42:12",
            "2023-10-26 01:59:39",
            "2023-10-26 09:18:57",
            "2023-10-26 14:06:49",
            "2023-10-26 18:12:41",
            "2023-10-26 21:02:35",
            "2023-10-26 21:13:50",
            "2023-10-27 02:28:31",
            "2023-10-27 09:19:01",
            "2023-10-27 18:38:39",
            "2023-10-27 18:54:25",
            "2023-10-28 09:15:28",
            "2023-10-28 20:17:56",
            "2023-10-29 09:16:21",
            "2023-10-30 02:36:04",
            "2023-10-30 09:16:20",
            "2023-10-30 17:02:01",
            "2023-10-30 17:47:02",
            "2023-10-30 18:00:17",
            "2023-10-30 18:48:30",
            "2023-10-30 19:00:54",
            "2023-10-31 09:17:48",
            "2023-10-31 13:58:47",
            "2023-10-31 14:24:53",
            "2023-10-31 16:19:48",
            "2023-10-31 17:25:12",
            "2023-10-31 19:29:15",
            "2023-11-01 03:02:04",
            "2023-11-01 09:28:03",
            "2023-11-01 20:19:53",
            "2023-11-02 09:16:17",
            "2023-11-02 13:26:23",
            "2023-11-02 15:52:03",
            "2023-11-02 16:31:23",
            "2023-11-02 19:37:31",
            "2023-11-02 20:40:12",
            "2023-11-03 02:09:01",
            "2023-11-03 09:17:43",
            "2023-11-03 20:10:06",
            "2023-11-03 20:37:38",
            "2023-11-03 22:57:26",
            "2023-11-04 09:15:24",
            "2023-11-05 09:16:57",
            "2023-11-05 16:06:30",
            "2023-11-06 00:47:38",
            "2023-11-06 09:16:14",
            "2023-11-06 17:07:28",
            "2023-11-07 09:17:03",
            "2023-11-07 13:33:14",
            "2023-11-07 14:02:57",
            "2023-11-07 17:18:39",
            "2023-11-07 19:16:33",
            "2023-11-08 01:34:51",
            "2023-11-08 03:37:05",
            "2023-11-08 03:58:18",
            "2023-11-08 09:19:43",
            "2023-11-08 19:02:24",
            "2023-11-08 19:22:35",
            "2023-11-09 09:18:08",
            "2023-11-09 13:29:14",
            "2023-11-09 13:41:54",
            "2023-11-09 15:05:03",
            "2023-11-09 16:40:47",
            "2023-11-09 17:22:31",
            "2023-11-09 18:22:53",
            "2023-11-09 20:58:42",
            "2023-11-09 21:16:58",
            "2023-11-09 23:34:01",
            "2023-11-10 03:58:58",
            "2023-11-10 08:26:24",
            "2023-11-10 09:17:50",
            "2023-11-11 09:17:06",
            "2023-11-12 09:16:19",
            "2023-11-13 09:20:35",
            "2023-11-13 14:12:00",
            "2023-11-20 15:49:37",
            "2023-11-21 09:16:19",
            "2023-11-21 15:08:03",
            "2023-11-21 15:10:55",
            "2023-11-21 15:26:40",
            "2023-11-22 09:19:04",
            "2023-11-22 19:21:33",
            "2023-11-22 20:38:02",
            "2023-11-23 09:18:18",
            "2023-11-23 15:17:32",
            "2023-11-23 16:48:11",
            "2023-11-23 18:38:27",
            "2023-11-23 19:14:24",
            "2023-11-23 19:59:59",
            "2023-11-24 09:15:12",
            "2023-11-24 16:49:36",
            "2023-11-24 19:26:24",
            "2023-11-25 09:17:02",
            "2023-11-25 14:39:21",
            "2023-11-26 09:14:56",
            "2023-11-26 19:05:04",
            "2023-11-26 19:58:34",
            "2023-11-27 09:17:58",
            "2023-11-27 13:25:02",
            "2023-11-27 13:32:15",
            "2023-11-27 15:06:36",
            "2023-11-27 16:18:40",
            "2023-11-27 16:43:48",
            "2023-11-27 17:32:57",
            "2023-11-27 22:16:43",
            "2023-11-27 22:27:53",
            "2023-11-28 09:16:16",
            "2023-11-28 14:06:18",
            "2023-11-28 18:01:37",
            "2023-11-28 18:56:38",
            "2023-11-29 01:18:21",
            "2023-11-29 06:49:04",
            "2023-11-29 09:18:15",
            "2023-11-29 13:27:01",
            "2023-11-29 13:34:33",
            "2023-11-29 16:24:46",
            "2023-11-29 17:52:14",
            "2023-11-29 18:19:02",
            "2023-11-29 19:19:47",
            "2023-11-29 22:50:54",
            "2023-11-30 09:17:04",
            "2023-11-30 16:11:24",
            "2023-11-30 16:34:04",
            "2023-11-30 16:43:33",
            "2023-11-30 18:34:41",
            "2023-11-30 21:01:12",
            "2023-12-01 00:27:30",
            "2023-12-01 00:39:11",
            "2023-12-01 00:47:04",
            "2023-12-01 09:17:38",
            "2023-12-01 17:19:46",
            "2023-12-01 17:50:39",
            "2023-12-01 21:01:48",
            "2023-12-02 09:21:37",
            "2023-12-02 15:29:47",
            "2023-12-02 15:34:35",
            "2023-12-03 09:17:20",
            "2023-12-03 18:26:48",
            "2023-12-03 18:27:35",
            "2023-12-03 18:40:01",
            "2023-12-03 18:57:23",
            "2023-12-04 09:21:59",
            "2023-12-04 20:17:46",
            "2023-12-04 20:26:14",
            "2023-12-04 20:40:00",
            "2023-12-04 20:44:16",
            "2023-12-04 22:24:42",
            "2023-12-05 09:19:15",
            "2023-12-05 17:04:28",
            "2023-12-05 17:06:05",
            "2023-12-05 17:26:05",
            "2023-12-05 18:50:17",
            "2023-12-05 21:13:36",
            "2023-12-05 22:10:23",
            "2023-12-06 09:17:31",
            "2023-12-06 18:02:06",
            "2023-12-06 18:11:10",
            "2023-12-06 22:31:31",
            "2023-12-07 01:23:09",
            "2023-12-07 09:16:02",
            "2023-12-07 16:19:45",
            "2023-12-07 17:47:37",
            "2023-12-07 17:53:52",
            "2023-12-07 19:14:40",
            "2023-12-08 00:59:51",
            "2023-12-08 02:53:28",
            "2023-12-08 02:54:11",
            "2023-12-08 03:24:16",
            "2023-12-08 05:24:13",
            "2023-12-08 09:18:59",
            "2023-12-08 21:11:28",
            "2023-12-09 09:16:34",
            "2023-12-09 20:09:11",
            "2023-12-10 09:18:35",
            "2023-12-11 09:17:58",
            "2023-12-11 13:31:00",
            "2023-12-18 15:32:01",
            "2023-12-19 09:15:36",
            "2023-12-19 14:05:23",
            "2023-12-19 17:44:05",
            "2023-12-19 20:10:25",
            "2023-12-19 22:08:30",
            "2023-12-19 23:29:52",
            "2023-12-20 00:43:23",
            "2023-12-20 09:15:47",
            "2023-12-20 18:29:59",
            "2023-12-21 09:13:55",
            "2023-12-21 14:05:30",
            "2023-12-21 15:57:13",
            "2023-12-22 02:23:11",
            "2023-12-22 09:19:04",
            "2023-12-23 09:18:03",
            "2023-12-23 13:08:04",
            "2023-12-24 09:20:14",
            "2023-12-24 14:21:21",
            "2023-12-24 18:08:55",
            "2023-12-25 09:20:40",
            "2023-12-26 09:17:04",
            "2023-12-27 09:15:52",
            "2023-12-27 15:04:24",
            "2023-12-28 09:18:43",
            "2023-12-28 13:58:06",
            "2023-12-28 16:36:48",
            "2023-12-29 09:15:51",
            "2023-12-29 16:44:10",
            "2023-12-30 09:19:21",
            "2023-12-30 16:43:07",
            "2023-12-31 09:19:49",
            "2023-12-31 16:07:45",
            "2024-01-01 09:16:50",
            "2024-01-02 09:17:57",
            "2024-01-02 14:35:27",
            "2024-01-02 17:25:43",
            "2024-01-02 18:54:52",
            "2024-01-03 09:14:24",
            "2024-01-04 09:15:57",
            "2024-01-04 14:58:07",
            "2024-01-04 16:53:04",
            "2024-01-04 20:03:49",
            "2024-01-05 01:09:39",
            "2024-01-05 09:16:09",
            "2024-01-05 18:22:11",
            "2024-01-05 20:49:22",
            "2024-01-06 01:09:09",
            "2024-01-06 09:15:28",
            "2024-01-06 15:19:54",
            "2024-01-07 09:17:56",
            "2024-01-07 18:28:43",
            "2024-01-08 09:17:55",
            "2024-01-08 22:54:52",
            "2024-01-08 23:52:49",
            "2024-01-09 09:17:15",
            "2024-01-09 13:49:14",
            "2024-01-09 15:29:01",
            "2024-01-09 17:28:56",
            "2024-01-09 21:35:52",
            "2024-01-10 09:14:43",
            "2024-01-10 17:59:27",
            "2024-01-10 20:48:24",
            "2024-01-11 09:17:43",
            "2024-01-11 13:18:39",
            "2024-01-11 17:41:16",
            "2024-01-11 19:01:33",
            "2024-01-11 21:09:26",
            "2024-01-12 09:19:33",
            "2024-01-13 09:16:07",
            "2024-01-13 16:02:48",
            "2024-01-13 22:16:30",
            "2024-01-14 09:15:54",
            "2024-01-14 15:27:17",
            "2024-01-15 09:20:30",
            "2024-01-15 13:24:03",
            "2024-01-22 11:29:22",
            "2024-01-22 15:46:15",
            "2024-01-22 17:47:55",
            "2024-01-23 16:37:03",
            "2024-01-23 17:01:05",
            "2024-01-24 09:17:45",
            "2024-01-24 10:10:04",
            "2024-01-25 08:17:18",
            "2024-01-25 11:40:50",
            "2024-01-26 08:22:35",
            "2024-01-26 09:16:53",
            "2024-01-28 09:14:37",
            "2024-01-28 10:21:01",
            "2024-01-28 13:59:26",
            "2024-01-28 17:17:02",
            "2024-01-29 06:52:42",
            "2024-01-30 09:17:42",
            "2024-01-30 12:12:36",
            "2024-01-30 12:18:29",
            "2024-01-30 12:47:52",
            "2024-01-30 14:42:31",
            "2024-01-30 14:46:49",
            "2024-01-30 14:50:42",
            "2024-01-30 15:32:30",
            "2024-01-30 17:06:51",
            "2024-01-30 17:22:21",
            "2024-01-31 09:16:40",
            "2024-01-31 19:51:02",
            "2024-01-31 19:52:12",
            "2024-02-01 09:17:30",
            "2024-02-01 09:55:18",
            "2024-02-01 11:40:29",
            "2024-02-01 14:02:56",
            "2024-02-01 14:13:24",
            "2024-02-01 14:19:11",
            "2024-02-01 14:35:28",
            "2024-02-01 14:45:34",
            "2024-02-01 14:55:52",
            "2024-02-01 15:13:15",
            "2024-02-01 15:45:31",
            "2024-02-01 16:34:05",
            "2024-02-02 09:03:54",
            "2024-02-02 09:16:30",
            "2024-02-02 18:17:20",
            "2024-02-03 09:17:37",
            "2024-02-04 07:01:15",
            "2024-02-04 07:10:52",
            "2024-02-04 09:20:23",
            "2024-02-05 08:56:25",
            "2024-02-05 09:17:25",
            "2024-02-06 08:23:02",
            "2024-02-06 09:14:55",
            "2024-02-06 09:19:06",
            "2024-02-06 10:09:38",
            "2024-02-06 11:38:33",
            "2024-02-06 12:51:40",
            "2024-02-06 12:53:03",
            "2024-02-06 12:54:32",
            "2024-02-06 13:21:23",
            "2024-02-06 14:10:46",
            "2024-02-06 14:28:58",
            "2024-02-06 17:18:58",
            "2024-02-06 17:25:35",
            "2024-02-06 18:19:27",
            "2024-02-06 19:41:20",
            "2024-02-06 19:56:07",
            "2024-02-06 20:12:27",
            "2024-02-06 20:35:55",
            "2024-02-07 07:29:13",
            "2024-02-07 08:18:56",
            "2024-02-07 09:19:58",
            "2024-02-07 17:29:11",
            "2024-02-07 17:31:28",
            "2024-02-07 18:08:14",
            "2024-02-07 23:59:27",
            "2024-02-08 08:14:23",
            "2024-02-08 09:19:05",
            "2024-02-08 11:27:56",
            "2024-02-08 12:17:00",
            "2024-02-08 13:22:33",
            "2024-02-08 17:32:32",
            "2024-02-08 19:44:44",
            "2024-02-08 20:39:56",
            "2024-02-09 08:31:04",
            "2024-02-09 09:18:12",
            "2024-02-09 10:24:25",
            "2024-02-09 14:42:41",
            "2024-02-10 09:17:14",
            "2024-02-11 09:17:32",
            "2024-02-11 11:34:20",
            "2024-02-12 09:17:44",
            "2024-02-19 09:25:31",
            "2024-02-20 09:20:55",
            "2024-02-21 09:15:58",
            "2024-02-22 09:17:41",
            "2024-02-23 09:17:06",
            "2024-02-24 09:17:22",
            "2024-02-25 09:17:37",
            "2024-02-26 09:19:39",
            "2024-02-27 09:15:26",
            "2024-02-28 09:17:14",
            "2024-02-29 09:18:56",
            "2024-03-01 09:18:52",
            "2024-03-02 09:17:43",
            "2024-03-03 09:19:05",
            "2024-03-04 09:17:53",
            "2024-03-05 09:18:16",
            "2024-03-06 10:47:56",
            "2024-03-07 09:17:51",
            "2024-03-08 09:16:26",
            "2024-03-09 09:18:50",
            "2024-03-10 09:17:47",
            "2024-03-11 09:18:41",
            "2024-03-11 14:13:13",
            "2024-03-18 08:55:08",
            "2024-03-19 09:38:35",
            "2024-03-20 09:17:24",
            "2024-03-21 09:16:03",
            "2024-03-22 09:16:22",
            "2024-03-23 09:19:32",
            "2024-03-24 09:20:06",
            "2024-03-25 09:14:08",
            "2024-03-26 09:15:47",
            "2024-03-27 09:22:50",
            "2024-03-28 09:19:58",
            "2024-03-29 09:19:18",
            "2024-03-30 09:18:58",
            "2024-03-31 09:17:23",
            "2024-04-01 09:16:00",
            "2024-04-02 09:18:04",
            "2024-04-03 09:16:02",
            "2024-04-04 09:18:18",
            "2024-04-05 09:18:28",
            "2024-04-06 09:20:39",
            "2024-04-07 09:17:44",
            "2024-04-08 09:22:27",
            "2024-04-08 15:33:15",
            "2024-04-15 10:01:36",
            "2024-04-16 09:39:32",
            "2024-04-17 09:19:40",
            "2024-04-18 09:20:53",
            "2024-04-19 09:26:09",
            "2024-04-20 09:20:43",
            "2024-04-21 09:21:28",
            "2024-04-22 09:19:40",
            "2024-04-23 11:56:00",
            "2024-04-24 09:17:56",
            "2024-04-25 09:21:28",
            "2024-04-26 09:17:20",
            "2024-04-27 09:17:32",
            "2024-04-28 09:20:44",
            "2024-04-29 09:17:43",
            "2024-04-30 09:14:45",
            "2024-05-01 02:27:18",
            "2024-05-02 09:18:48",
            "2024-05-03 09:17:35",
            "2024-05-04 09:19:04",
            "2024-05-05 09:16:13",
            "2024-05-06 09:19:25",
            "2024-05-07 02:26:25",
            "2024-05-08 02:26:13"
        ]
    },
    "series": [
        {
            "label": "Timeseries",
            "type": "float",
            "raw": [
                2000.0,
                2000.0,
                1560.0,
                1960.0,
                2000.0,
                1960.0,
                1960.0,
                1960.0,
                1960.0,
                1920.0,
                1920.0,
                1920.0,
                1960.0,
                1920.0,
                1920.0,
                1560.0,
                2000.0,
                2040.0,
                2000.0,
                2000.0,
                2000.0,
                2000.0,
                2000.0,
                2040.0,
                2000.0,
                2000.0,
                2000.0,
                2000.0,
                2040.0,
                2040.0,
                2040.0,
                2000.0,
                2040.0,
                2000.0,
                2000.0,
                2040.0,
                2000.0,
                2040.0,
                2040.0,
                2000.0,
                2320.0,
                2240.0,
                2160.0,
                2680.0,
                2040.0,
                2000.0,
                2040.0,
                2040.0,
                2000.0,
                2000.0,
                2040.0,
                2040.0,
                2000.0,
                2000.0,
                2040.0,
                2000.0,
                2000.0,
                1960.0,
                2000.0,
                2000.0,
                2000.0,
                2000.0,
                2000.0,
                1960.0,
                1960.0,
                1960.0,
                2000.0,
                2000.0,
                2000.0,
                1960.0,
                2000.0,
                2000.0,
                2000.0,
                2040.0,
                2000.0,
                2000.0,
                2000.0,
                2000.0,
                2000.0,
                2000.0,
                2040.0,
                2000.0,
                2000.0,
                2000.0,
                2000.0,
                2000.0,
                2000.0,
                2000.0,
                1960.0,
                1999.4,
                2002.6,
                1987.8,
                1994.3,
                2072.0,
                1995.8,
                2012.0,
                2021.9,
                1969.0,
                1963.8,
                1986.5,
                1973.1,
                2020.1,
                1975.4,
                1988.1,
                2034.4,
                2000.5,
                1972.3,
                1981.5,
                1984.8,
                1570.7,
                1992.9,
                2002.0,
                1984.9,
                1984.6,
                1986.7,
                2144.2,
                2197.6,
                2004.8,
                2000.9,
                1970.3,
                2024.9,
                1959.4,
                2016.9,
                1962.4,
                2007.2,
                1959.3,
                1987.3,
                1971.5,
                2002.5,
                1978.3,
                1957.8,
                1956.0,
                1956.0,
                1954.6,
                1998.0,
                1997.9,
                1954.3,
                1972.0,
                2311.3,
                1976.6,
                1956.0,
                2007.0,
                2007.2,
                1995.7,
                1980.2,
                2003.9,
                1996.1,
                1988.2,
                2048.4,
                1991.3,
                2021.1,
                1986.3,
                2002.3,
                1997.4,
                2027.7,
                1978.4,
                2012.0,
                2024.9,
                1978.2,
                1976.9,
                1977.7,
                1987.7,
                2039.2,
                1991.3,
                1980.1,
                1981.4,
                1980.2,
                1984.9,
                1992.8,
                1978.2,
                1981.7,
                2013.7,
                2015.4,
                1991.6,
                2025.3,
                1953.0,
                1959.7,
                1951.2,
                1956.3,
                1973.7,
                1964.3,
                1984.9,
                1970.7,
                1986.5,
                1957.6,
                2034.5,
                1938.3,
                2019.5,
                1988.0,
                1980.2,
                1948.1,
                1957.8,
                2026.5,
                1976.9,
                1970.2,
                2013.7,
                1969.1,
                1949.4,
                1935.1,
                1961.2,
                1954.1,
                1956.0,
                1961.0,
                1972.3,
                2034.6,
                1988.9,
                1946.2,
                1968.9,
                2006.9,
                2251.5,
                1921.2,
                1959.0,
                1973.8,
                1962.1,
                1959.2,
                1978.8,
                1953.0,
                1981.5,
                1554.4,
                1973.3,
                1975.2,
                1980.0,
                1952.9,
                1957.6,
                1985.2,
                1951.5,
                1972.1,
                1970.3,
                1960.8,
                1951.2,
                1980.3,
                1944.8,
                1963.9,
                1959.2,
                1532.1,
                1951.2,
                1954.5,
                1968.8,
                1933.7,
                1943.3,
                1964.1,
                1973.8,
                1948.0,
                1953.2,
                1985.6,
                1959.3,
                1944.9,
                1940.4,
                1938.6,
                1961.0,
                1932.2,
                1952.7,
                1956.2,
                1949.6,
                1961.9,
                1952.9,
                1968.6,
                1958.1,
                1961.2,
                1971.9,
                1967.0,
                1953.0,
                1920.3,
                1935.3,
                1930.5,
                1950.9,
                1948.3,
                1990.6,
                1940.1,
                1938.6,
                1936.6,
                1933.5,
                1928.9,
                1930.3,
                1951.8,
                1975.4,
                1946.5,
                1930.8,
                1935.3,
                1951.2,
                1942.0,
                1938.3,
                1925.1,
                1938.6,
                1919.1,
                1984.4,
                1915.8,
                1937.8,
                1943.2166666666665,
                1937.0333333333335,
                1939.7666666666669,
                1937.35,
                1935.8166666666664,
                1932.8833333333332,
                1725.6999999999998,
                1938.55,
                1931.1,
                1938.7,
                1944.9,
                1944.4,
                1948.4,
                1903.15,
                1914.65,
                1916.15,
                1906.4,
                1919.6,
                1915.3,
                1914.7,
                1907.95,
                1914.7,
                1943.5,
                1909.8,
                1948.9,
                1923.35,
                1922.4,
                1914.6,
                1916.2,
                1919.3,
                1930.4,
                1940.1,
                1901.1,
                2027.3,
                1914.7,
                1943.2,
                1927.4,
                1929.0,
                1916.3,
                1943.1,
                1958.8,
                1928.8,
                1920.5,
                1931.4,
                1925.8,
                1917.2,
                1938.0,
                1911.3,
                1908.1,
                1919.2,
                1918.9,
                1939.7,
                1893.5,
                1911.3,
                1887.4,
                1914.6,
                1920.7,
                1891.7,
                1952.6,
                1909.7,
                1912.6,
                1909.2,
                1919.3,
                1915.7,
                1934.5,
                1907.7,
                1911.1,
                1916.7,
                1915.9,
                1906.2,
                1906.3,
                1907.8,
                1940.1,
                1914.0,
                1916.0,
                1946.5,
                1912.4,
                1897.1,
                1909.7,
                1909.5,
                1918.8,
                1943.2,
                1918.7,
                1912.7,
                1899.4,
                1911.0,
                1927.1,
                1907.8,
                1911.2,
                1906.6,
                1930.6,
                1933.3,
                1938.7,
                1915.6,
                1919.4,
                1896.6,
                1905.9,
                1900.1,
                1930.6,
                1927.4,
                1914.6,
                1914.3,
                1924.0,
                1901.7,
                1919.3,
                1882.7,
                1911.2,
                1920.7,
                1914.6,
                1904.5,
                1917.7,
                1914.6,
                1909.8,
                1917.7,
                1890.7,
                1869.6,
                1892.1,
                1885.5,
                1925.6,
                1925.8,
                1923.8,
                1988.1,
                1908.3,
                1527.5,
                1928.7,
                1893.6,
                1916.3,
                1917.7,
                1900.2,
                1933.7,
                1909.5,
                1898.2,
                1929.0,
                1941.7,
                1915.9,
                1895.5,
                1902.7,
                1896.6,
                1888.8,
                1893.6,
                1901.7,
                1941.0,
                1877.9,
                1881.0,
                1969.5,
                1893.6,
                1912.9,
                1914.4,
                1890.5,
                1701.1,
                1907.4,
                1906.35,
                1904.75,
                1898.5,
                1926.3,
                1941.7,
                1923.8,
                1931.7,
                1927.5,
                1912.6333333333332,
                1896.4666666666665,
                1917.3,
                1901.0333333333335,
                1899.3333333333333,
                1917.7,
                1925.8,
                1902.8666666666668,
                1910.8,
                1905.1666666666667,
                1930.4,
                1931.2,
                1917.5,
                1917.3,
                1885.6,
                1888.7,
                1901.6,
                1907.125,
                1904.975,
                1907.04,
                1916.88,
                1921.85,
                1912.95,
                1911.2,
                1985.3,
                1941.5,
                1917.6,
                1883.8,
                1893.5,
                1934.3,
                1898.5,
                1896.8,
                1908.1,
                1876.2,
                1936.4,
                1890.5,
                1901.9,
                1885.5,
                1905.1,
                1900.1,
                1916.9,
                1885.5,
                1887.6,
                1869.6,
                1897.1,
                1893.8,
                1896.8,
                1914.0,
                1890.3,
                1885.9,
                1917.4,
                1938.6,
                1887.0,
                1898.4,
                1887.0,
                1984.6,
                1914.5,
                1890.1,
                1949.6,
                1901.5,
                1926.9,
                1979.8,
                1895.6,
                1901.2,
                1898.8,
                1892.1,
                1874.6,
                1877.7,
                1960.9,
                1882.4,
                1865.0,
                1879.4,
                1890.4,
                1909.5,
                1914.7,
                1901.5,
                1900.1,
                1890.3,
                1877.7,
                1901.5,
                1897.2,
                1879.6,
                1865.0,
                1857.0,
                1874.4,
                1861.3,
                1964.9,
                1905.8,
                1858.2,
                1870.8,
                1895.0,
                1917.6,
                1889.1,
                1912.7,
                1895.2,
                1896.9,
                1891.9,
                1900.0,
                1901.6,
                1891.9,
                1912.9,
                1910.0,
                1857.0,
                1879.6,
                1900.3,
                1897.0,
                1901.5,
                1900.6,
                1905.1,
                1886.8,
                1901.7,
                1893.3,
                1884.4,
                1888.6,
                1887.7,
                1944.1,
                1917.7,
                1947.5,
                1901.8,
                1874.2,
                1887.1,
                1869.6,
                1880.6,
                1877.4,
                1891.9,
                1882.1,
                1871.4,
                1869.8,
                1838.5,
                1853.6,
                1855.2,
                1858.5,
                1863.1,
                1861.5,
                1879.0,
                1917.9,
                1893.8,
                1880.9,
                1890.1,
                1884.0,
                1895.1,
                1892.3,
                1887.7,
                1885.7,
                1887.6,
                1880.9,
                1891.5,
                1882.4,
                1886.9,
                1840.6,
                1828.1,
                1861.6,
                1829.6,
                1813.5,
                4370.4,
                3324.7,
                1829.6,
                1855.0,
                1858.7,
                1853.7,
                1850.4,
                1862.0,
                1863.2,
                1864.8,
                1844.2,
                1856.9,
                1850.3,
                1842.3,
                1840.8,
                1865.1,
                1855.3,
                1881.4,
                1884.1,
                1855.1,
                1868.1,
                1877.3,
                1869.9,
                1865.2,
                1882.5,
                1869.5,
                1442.3,
                1880.6,
                1902.0,
                1886.0,
                1869.7,
                1868.0,
                1879.4,
                1903.1,
                1897.1,
                1879.4,
                1884.3,
                1886.1,
                1922.6,
                1855.6,
                1884.3,
                1850.6,
                1856.6,
                1889.3,
                1848.9,
                1420.0,
                1860.0,
                1839.3,
                1951.8,
                1890.6,
                1858.6,
                1887.9,
                1835.9,
                1871.7,
                1860.3,
                1858.6,
                1855.3,
                1860.1,
                1885.5,
                1856.8,
                1859.7,
                1828.3,
                1871.4,
                1877.6,
                1852.4,
                1901.0,
                1900.6,
                1861.6,
                1853.7,
                1860.0,
                1857.9,
                1859.8,
                1876.1,
                1850.5,
                1856.5,
                1872.9,
                1881.4,
                1394.8,
                1861.8,
                1885.4,
                1874.6,
                1866.1,
                1866.3,
                1857.0,
                1877.6,
                1864.8,
                1850.3,
                1850.3,
                1852.0,
                1844.0,
                1866.7,
                1852.1,
                1365.7,
                1837.3,
                1872.2,
                1852.0,
                1848.9,
                1841.0,
                1818.2,
                1822.8,
                1816.9,
                1832.8,
                1828.4,
                1923.8,
                1850.6,
                1893.4,
                1868.4,
                1888.8,
                1857.1,
                1869.4,
                1841.0,
                1855.3,
                1882.7,
                1873.8,
                1888.6,
                1896.9,
                1885.4,
                1882.6,
                1869.8,
                1874.7,
                1861.7,
                1843.5,
                1871.3,
                1850.4,
                1898.6,
                1860.2,
                1926.7,
                1849.0,
                1873.0,
                1853.6,
                1865.1,
                1861.7,
                1866.6,
                1867.9,
                1854.9,
                1419.7,
                1852.3,
                1844.1,
                1879.9,
                1856.8,
                1871.2,
                1844.1,
                1847.4,
                1848.8,
                1831.2,
                1842.4,
                1889.9,
                1821.7,
                1826.7,
                1852.3,
                1841.1,
                1850.8,
                1847.3,
                1837.7,
                1840.8,
                1867.5
            ]
        }
    ]
}