{
    "name": "4408187",
    "longname": "4408187 timeseries",
    "n_obs": 679,
    "n_dim": 1,
    "time": {
        "type": "string",
        "format": "%Y-%m-%d %H:%M:%S",
        "index": [
            0,
            1,
            2,
            3,
            4,
            5,
            6,
            7,
            8,
            9,
            10,
            11,
            12,
            13,
            14,
            15,
            16,
            17,
            18,
            19,
            20,
            21,
            22,
            23,
            24,
            25,
            26,
            27,
            28,
            29,
            30,
            31,
            32,
            33,
            34,
            35,
            36,
            37,
            38,
            39,
            40,
            41,
            42,
            43,
            44,
            45,
            46,
            47,
            48,
            49,
            50,
            51,
            52,
            53,
            54,
            55,
            56,
            57,
            58,
            59,
            60,
            61,
            62,
            63,
            64,
            65,
            66,
            67,
            68,
            69,
            70,
            71,
            72,
            73,
            74,
            75,
            76,
            77,
            78,
            79,
            80,
            81,
            82,
            83,
            84,
            85,
            86,
            87,
            88,
            89,
            90,
            91,
            92,
            93,
            94,
            95,
            96,
            97,
            98,
            99,
            100,
            101,
            102,
            103,
            104,
            105,
            106,
            107,
            108,
            109,
            110,
            111,
            112,
            113,
            114,
            115,
            116,
            117,
            118,
            119,
            120,
            121,
            122,
            123,
            124,
            125,
            126,
            127,
            128,
            129,
            130,
            131,
            132,
            133,
            134,
            135,
            136,
            137,
            138,
            139,
            140,
            141,
            142,
            143,
            144,
            145,
            146,
            147,
            148,
            149,
            150,
            151,
            152,
            153,
            154,
            155,
            156,
            157,
            158,
            159,
            160,
            161,
            162,
            163,
            164,
            165,
            166,
            167,
            168,
            169,
            170,
            171,
            172,
            173,
            174,
            175,
            176,
            177,
            178,
            179,
            180,
            181,
            182,
            183,
            184,
            185,
            186,
            187,
            188,
            189,
            190,
            191,
            192,
            193,
            194,
            195,
            196,
            197,
            198,
            199,
            200,
            201,
            202,
            203,
            204,
            205,
            206,
            207,
            208,
            209,
            210,
            211,
            212,
            213,
            214,
            215,
            216,
            217,
            218,
            219,
            220,
            221,
            222,
            223,
            224,
            225,
            226,
            227,
            228,
            229,
            230,
            231,
            232,
            233,
            234,
            235,
            236,
            237,
            238,
            239,
            240,
            241,
            242,
            243,
            244,
            245,
            246,
            247,
            248,
            249,
            250,
            251,
            252,
            253,
            254,
            255,
            256,
            257,
            258,
            259,
            260,
            261,
            262,
            263,
            264,
            265,
            266,
            267,
            268,
            269,
            270,
            271,
            272,
            273,
            274,
            275,
            276,
            277,
            278,
            279,
            280,
            281,
            282,
            283,
            284,
            285,
            286,
            287,
            288,
            289,
            290,
            291,
            292,
            293,
            294,
            295,
            296,
            297,
            298,
            299,
            300,
            301,
            302,
            303,
            304,
            305,
            306,
            307,
            308,
            309,
            310,
            311,
            312,
            313,
            314,
            315,
            316,
            317,
            318,
            319,
            320,
            321,
            322,
            323,
            324,
            325,
            326,
            327,
            328,
            329,
            330,
            331,
            332,
            333,
            334,
            335,
            336,
            337,
            338,
            339,
            340,
            341,
            342,
            343,
            344,
            345,
            346,
            347,
            348,
            349,
            350,
            351,
            352,
            353,
            354,
            355,
            356,
            357,
            358,
            359,
            360,
            361,
            362,
            363,
            364,
            365,
            366,
            367,
            368,
            369,
            370,
            371,
            372,
            373,
            374,
            375,
            376,
            377,
            378,
            379,
            380,
            381,
            382,
            383,
            384,
            385,
            386,
            387,
            388,
            389,
            390,
            391,
            392,
            393,
            394,
            395,
            396,
            397,
            398,
            399,
            400,
            401,
            402,
            403,
            404,
            405,
            406,
            407,
            408,
            409,
            410,
            411,
            412,
            413,
            414,
            415,
            416,
            417,
            418,
            419,
            420,
            421,
            422,
            423,
            424,
            425,
            426,
            427,
            428,
            429,
            430,
            431,
            432,
            433,
            434,
            435,
            436,
            437,
            438,
            439,
            440,
            441,
            442,
            443,
            444,
            445,
            446,
            447,
            448,
            449,
            450,
            451,
            452,
            453,
            454,
            455,
            456,
            457,
            458,
            459,
            460,
            461,
            462,
            463,
            464,
            465,
            466,
            467,
            468,
            469,
            470,
            471,
            472,
            473,
            474,
            475,
            476,
            477,
            478,
            479,
            480,
            481,
            482,
            483,
            484,
            485,
            486,
            487,
            488,
            489,
            490,
            491,
            492,
            493,
            494,
            495,
            496,
            497,
            498,
            499,
            500,
            501,
            502,
            503,
            504,
            505,
            506,
            507,
            508,
            509,
            510,
            511,
            512,
            513,
            514,
            515,
            516,
            517,
            518,
            519,
            520,
            521,
            522,
            523,
            524,
            525,
            526,
            527,
            528,
            529,
            530,
            531,
            532,
            533,
            534,
            535,
            536,
            537,
            538,
            539,
            540,
            541,
            542,
            543,
            544,
            545,
            546,
            547,
            548,
            549,
            550,
            551,
            552,
            553,
            554,
            555,
            556,
            557,
            558,
            559,
            560,
            561,
            562,
            563,
            564,
            565,
            566,
            567,
            568,
            569,
            570,
            571,
            572,
            573,
            574,
            575,
            576,
            577,
            578,
            579,
            580,
            581,
            582,
            583,
            584,
            585,
            586,
            587,
            588,
            589,
            590,
            591,
            592,
            593,
            594,
            595,
            596,
            597,
            598,
            599,
            600,
            601,
            602,
            603,
            604,
            605,
            606,
            607,
            608,
            609,
            610,
            611,
            612,
            613,
            614,
            615,
            616,
            617,
            618,
            619,
            620,
            621,
            622,
            623,
            624,
            625,
            626,
            627,
            628,
            629,
            630,
            631,
            632,
            633,
            634,
            635,
            636,
            637,
            638,
            639,
            640,
            641,
            642,
            643,
            644,
            645,
            646,
            647,
            648,
            649,
            650,
            651,
            652,
            653,
            654,
            655,
            656,
            657,
            658,
            659,
            660,
            661,
            662,
            663,
            664,
            665,
            666,
            667,
            668,
            669,
            670,
            671,
            672,
            673,
            674,
            675,
            676,
            677,
            678
        ],
        "raw": [
            "2023-05-22 10:20:25",
            "2023-05-22 12:50:35",
            "2023-05-22 18:02:38",
            "2023-05-23 09:18:46",
            "2023-05-23 13:09:04",
            "2023-05-23 16:30:53",
            "2023-05-23 16:49:14",
            "2023-05-23 17:46:44",
            "2023-05-23 18:02:01",
            "2023-05-23 18:36:58",
            "2023-05-24 06:14:16",
            "2023-05-24 17:59:27",
            "2023-05-25 08:53:12",
            "2023-05-25 12:01:03",
            "2023-05-25 16:17:59",
            "2023-05-25 18:01:43",
            "2023-05-26 18:00:45",
            "2023-05-27 09:49:02",
            "2023-05-27 18:01:21",
            "2023-05-28 17:59:00",
            "2023-06-05 14:23:29",
            "2023-06-05 15:57:01",
            "2023-06-05 17:59:24",
            "2023-06-05 21:08:31",
            "2023-06-06 09:09:48",
            "2023-06-06 16:19:01",
            "2023-06-06 18:01:12",
            "2023-06-07 16:41:52",
            "2023-06-07 17:56:51",
            "2023-06-08 13:18:16",
            "2023-06-08 17:59:52",
            "2023-06-08 21:41:16",
            "2023-06-09 13:50:39",
            "2023-06-09 18:01:58",
            "2023-06-10 18:00:11",
            "2023-06-11 14:48:42",
            "2023-06-11 18:03:00",
            "2023-06-12 13:25:59",
            "2023-06-12 17:59:34",
            "2023-06-12 21:24:58",
            "2023-06-13 13:44:08",
            "2023-06-13 17:45:06",
            "2023-06-13 18:00:33",
            "2023-06-13 19:54:13",
            "2023-06-14 12:30:00",
            "2023-06-14 16:03:12",
            "2023-06-14 16:07:57",
            "2023-06-14 18:02:29",
            "2023-06-14 18:51:27",
            "2023-06-14 19:16:52",
            "2023-06-14 21:35:27",
            "2023-06-15 12:50:03",
            "2023-06-15 13:23:28",
            "2023-06-15 16:46:36",
            "2023-06-15 17:58:02",
            "2023-06-16 12:17:47",
            "2023-06-16 14:00:16",
            "2023-06-16 16:25:38",
            "2023-06-16 17:26:28",
            "2023-06-16 18:00:51",
            "2023-06-16 18:38:48",
            "2023-06-17 14:26:16",
            "2023-06-17 17:58:30",
            "2023-06-18 18:02:18",
            "2023-06-19 13:34:03",
            "2023-06-19 18:00:07",
            "2023-06-20 13:15:48",
            "2023-06-20 14:20:56",
            "2023-06-20 16:59:19",
            "2023-06-20 17:24:22",
            "2023-06-20 18:00:51",
            "2023-06-21 13:26:34",
            "2023-06-21 18:11:33",
            "2023-06-21 20:07:35",
            "2023-06-22 11:20:57",
            "2023-06-22 12:38:03",
            "2023-06-22 13:03:32",
            "2023-06-22 13:08:25",
            "2023-06-22 13:37:22",
            "2023-06-22 16:12:21",
            "2023-06-23 13:38:03",
            "2023-06-23 18:03:44",
            "2023-06-23 18:52:54",
            "2023-06-24 13:12:41",
            "2023-06-24 18:00:33",
            "2023-06-25 17:59:55",
            "2023-06-26 13:12:41",
            "2023-06-26 14:05:49",
            "2023-07-04 08:05:00",
            "2023-07-04 08:13:20",
            "2023-07-04 17:59:10",
            "2023-07-04 20:50:41",
            "2023-07-05 18:01:37",
            "2023-07-05 22:18:29",
            "2023-07-06 14:26:52",
            "2023-07-06 15:48:00",
            "2023-07-06 18:02:11",
            "2023-07-06 19:39:12",
            "2023-07-07 17:59:16",
            "2023-07-07 18:52:45",
            "2023-07-08 14:56:49",
            "2023-07-08 17:59:20",
            "2023-07-09 15:07:05",
            "2023-07-09 17:59:49",
            "2023-07-10 13:57:38",
            "2023-07-10 18:02:54",
            "2023-07-11 00:09:58",
            "2023-07-11 12:10:33",
            "2023-07-11 13:49:09",
            "2023-07-11 17:59:23",
            "2023-07-11 18:30:52",
            "2023-07-12 18:58:21",
            "2023-07-13 14:00:45",
            "2023-07-13 14:21:58",
            "2023-07-13 16:48:18",
            "2023-07-13 17:59:05",
            "2023-07-14 13:29:22",
            "2023-07-14 14:18:32",
            "2023-07-14 17:59:09",
            "2023-07-15 18:04:22",
            "2023-07-16 13:41:25",
            "2023-07-16 18:03:34",
            "2023-07-17 15:06:07",
            "2023-07-17 17:57:13",
            "2023-07-17 18:13:26",
            "2023-07-18 12:20:04",
            "2023-07-18 17:47:25",
            "2023-07-18 18:01:35",
            "2023-07-18 18:53:23",
            "2023-07-19 12:20:45",
            "2023-07-19 18:07:09",
            "2023-07-19 19:46:06",
            "2023-07-20 15:57:45",
            "2023-07-20 17:59:27",
            "2023-07-20 20:00:12",
            "2023-07-21 16:06:45",
            "2023-07-21 18:01:34",
            "2023-07-22 18:01:26",
            "2023-07-23 15:25:49",
            "2023-07-23 17:59:43",
            "2023-07-24 00:28:48",
            "2023-07-24 12:18:38",
            "2023-07-31 15:02:16",
            "2023-08-01 17:41:49",
            "2023-08-01 18:01:59",
            "2023-08-02 15:58:45",
            "2023-08-02 18:03:06",
            "2023-08-03 00:35:45",
            "2023-08-03 02:40:36",
            "2023-08-03 15:42:06",
            "2023-08-03 16:45:02",
            "2023-08-03 18:02:21",
            "2023-08-04 01:00:05",
            "2023-08-04 01:46:46",
            "2023-08-04 14:18:49",
            "2023-08-04 18:01:22",
            "2023-08-05 00:48:58",
            "2023-08-05 18:00:42",
            "2023-08-06 16:43:56",
            "2023-08-06 18:01:10",
            "2023-08-07 00:18:16",
            "2023-08-07 14:27:22",
            "2023-08-07 18:00:13",
            "2023-08-08 17:20:55",
            "2023-08-08 18:01:14",
            "2023-08-08 18:43:39",
            "2023-08-08 21:55:02",
            "2023-08-09 18:01:13",
            "2023-08-09 19:20:20",
            "2023-08-10 15:15:03",
            "2023-08-10 17:30:49",
            "2023-08-10 17:48:51",
            "2023-08-10 18:00:04",
            "2023-08-10 18:18:19",
            "2023-08-11 15:21:13",
            "2023-08-11 16:51:16",
            "2023-08-11 17:58:53",
            "2023-08-11 19:35:29",
            "2023-08-12 16:03:48",
            "2023-08-12 18:00:10",
            "2023-08-13 16:52:58",
            "2023-08-13 17:23:23",
            "2023-08-13 18:01:42",
            "2023-08-14 15:56:31",
            "2023-08-14 17:35:08",
            "2023-08-14 18:01:52",
            "2023-08-15 02:26:03",
            "2023-08-15 14:12:37",
            "2023-08-15 14:31:22",
            "2023-08-15 17:55:25",
            "2023-08-15 18:00:41",
            "2023-08-16 17:40:45",
            "2023-08-16 18:00:54",
            "2023-08-16 18:52:19",
            "2023-08-17 14:25:18",
            "2023-08-17 17:00:22",
            "2023-08-17 17:58:56",
            "2023-08-18 17:58:43",
            "2023-08-18 18:03:36",
            "2023-08-19 18:03:16",
            "2023-08-20 18:00:02",
            "2023-08-21 11:07:09",
            "2023-08-28 13:34:39",
            "2023-08-28 18:00:55",
            "2023-08-29 16:17:46",
            "2023-08-29 18:01:58",
            "2023-08-30 16:02:19",
            "2023-08-30 18:00:05",
            "2023-08-31 13:48:52",
            "2023-08-31 16:20:56",
            "2023-08-31 18:00:26",
            "2023-09-01 14:41:46",
            "2023-09-01 17:59:08",
            "2023-09-02 18:02:24",
            "2023-09-03 14:47:55",
            "2023-09-03 18:02:19",
            "2023-09-04 10:55:38",
            "2023-09-04 12:18:03",
            "2023-09-04 18:05:52",
            "2023-09-05 08:42:26",
            "2023-09-05 17:59:53",
            "2023-09-06 09:15:15",
            "2023-09-06 14:00:22",
            "2023-09-06 14:02:17",
            "2023-09-06 18:01:29",
            "2023-09-07 08:55:31",
            "2023-09-07 12:18:53",
            "2023-09-07 18:02:12",
            "2023-09-08 08:23:52",
            "2023-09-08 09:27:27",
            "2023-09-08 14:37:17",
            "2023-09-08 18:02:35",
            "2023-09-09 14:33:38",
            "2023-09-09 18:01:37",
            "2023-09-10 17:59:34",
            "2023-09-11 18:00:35",
            "2023-09-12 01:33:58",
            "2023-09-12 09:08:04",
            "2023-09-12 13:16:28",
            "2023-09-12 17:59:28",
            "2023-09-13 16:12:36",
            "2023-09-13 18:01:47",
            "2023-09-14 09:48:47",
            "2023-09-14 12:23:01",
            "2023-09-14 15:23:47",
            "2023-09-14 16:08:26",
            "2023-09-14 18:00:32",
            "2023-09-15 12:36:32",
            "2023-09-15 17:59:24",
            "2023-09-16 17:59:47",
            "2023-09-17 08:58:12",
            "2023-09-17 11:54:43",
            "2023-09-17 18:02:18",
            "2023-09-18 07:34:42",
            "2023-09-18 07:59:31",
            "2023-09-18 11:42:33",
            "2023-09-25 13:24:00",
            "2023-09-26 09:15:49",
            "2023-09-26 22:39:03",
            "2023-09-27 02:39:08",
            "2023-09-27 09:15:17",
            "2023-09-27 18:36:07",
            "2023-09-27 18:57:18",
            "2023-09-27 23:22:04",
            "2023-09-28 09:16:00",
            "2023-09-28 15:32:59",
            "2023-09-28 15:47:16",
            "2023-09-28 16:33:19",
            "2023-09-28 19:13:44",
            "2023-09-29 09:14:27",
            "2023-09-29 16:56:36",
            "2023-09-29 17:03:59",
            "2023-09-29 18:35:51",
            "2023-09-30 09:18:18",
            "2023-10-01 09:15:55",
            "2023-10-01 13:43:42",
            "2023-10-02 09:17:55",
            "2023-10-02 13:51:16",
            "2023-10-02 20:49:05",
            "2023-10-03 09:17:20",
            "2023-10-03 12:49:30",
            "2023-10-04 00:57:47",
            "2023-10-04 01:13:33",
            "2023-10-04 02:01:13",
            "2023-10-04 04:09:15",
            "2023-10-04 09:16:11",
            "2023-10-04 19:05:37",
            "2023-10-05 09:16:59",
            "2023-10-05 12:14:20",
            "2023-10-05 13:10:58",
            "2023-10-05 18:10:23",
            "2023-10-06 09:15:09",
            "2023-10-06 17:47:24",
            "2023-10-06 18:35:27",
            "2023-10-07 09:16:25",
            "2023-10-08 09:15:29",
            "2023-10-08 14:12:09",
            "2023-10-08 14:18:48",
            "2023-10-09 09:21:20",
            "2023-10-09 11:16:45",
            "2023-10-09 20:58:43",
            "2023-10-10 09:17:32",
            "2023-10-10 12:36:38",
            "2023-10-10 14:42:07",
            "2023-10-10 21:51:45",
            "2023-10-11 09:15:28",
            "2023-10-11 19:41:14",
            "2023-10-11 22:55:04",
            "2023-10-12 02:52:01",
            "2023-10-12 09:16:52",
            "2023-10-12 13:44:47",
            "2023-10-12 17:47:43",
            "2023-10-13 04:28:09",
            "2023-10-13 09:14:12",
            "2023-10-13 21:13:24",
            "2023-10-14 09:18:12",
            "2023-10-15 09:18:27",
            "2023-10-15 14:26:14",
            "2023-10-16 09:17:28",
            "2023-10-16 12:10:58",
            "2023-10-16 15:50:14",
            "2023-10-16 20:09:52",
            "2023-10-23 13:54:43",
            "2023-10-23 20:46:52",
            "2023-10-24 09:16:29",
            "2023-10-24 18:16:48",
            "2023-10-24 18:50:37",
            "2023-10-24 19:08:21",
            "2023-10-24 19:19:30",
            "2023-10-25 09:17:56",
            "2023-10-25 20:12:08",
            "2023-10-26 01:42:12",
            "2023-10-26 01:59:39",
            "2023-10-26 09:18:57",
            "2023-10-26 14:06:49",
            "2023-10-26 18:12:41",
            "2023-10-26 21:02:35",
            "2023-10-26 21:13:50",
            "2023-10-27 02:28:31",
            "2023-10-27 09:19:01",
            "2023-10-27 18:38:39",
            "2023-10-27 18:54:25",
            "2023-10-28 09:15:28",
            "2023-10-28 20:17:56",
            "2023-10-29 09:16:21",
            "2023-10-30 02:36:04",
            "2023-10-30 09:16:20",
            "2023-10-30 17:02:01",
            "2023-10-30 17:47:02",
            "2023-10-30 18:00:17",
            "2023-10-30 18:48:30",
            "2023-10-30 19:00:54",
            "2023-10-31 09:17:48",
            "2023-10-31 13:58:47",
            "2023-10-31 14:24:53",
            "2023-10-31 16:19:48",
            "2023-10-31 17:25:12",
            "2023-10-31 19:29:15",
            "2023-11-01 03:02:04",
            "2023-11-01 09:28:03",
            "2023-11-01 20:19:53",
            "2023-11-02 09:16:17",
            "2023-11-02 13:26:23",
            "2023-11-02 15:52:03",
            "2023-11-02 16:31:23",
            "2023-11-02 19:37:31",
            "2023-11-02 20:40:12",
            "2023-11-03 02:09:01",
            "2023-11-03 09:17:43",
            "2023-11-03 20:10:06",
            "2023-11-03 20:37:38",
            "2023-11-03 22:57:26",
            "2023-11-04 09:15:24",
            "2023-11-05 09:16:57",
            "2023-11-05 16:06:30",
            "2023-11-06 00:47:38",
            "2023-11-06 09:16:14",
            "2023-11-06 17:07:28",
            "2023-11-07 09:17:03",
            "2023-11-07 13:33:14",
            "2023-11-07 14:02:57",
            "2023-11-07 17:18:39",
            "2023-11-07 19:16:33",
            "2023-11-08 01:34:51",
            "2023-11-08 03:37:05",
            "2023-11-08 03:58:18",
            "2023-11-08 09:19:43",
            "2023-11-08 19:02:24",
            "2023-11-08 19:22:35",
            "2023-11-09 09:18:08",
            "2023-11-09 13:29:14",
            "2023-11-09 13:41:54",
            "2023-11-09 15:05:03",
            "2023-11-09 16:40:47",
            "2023-11-09 17:22:31",
            "2023-11-09 18:22:53",
            "2023-11-09 20:58:42",
            "2023-11-09 21:16:58",
            "2023-11-09 23:34:01",
            "2023-11-10 03:58:58",
            "2023-11-10 08:26:24",
            "2023-11-10 09:17:50",
            "2023-11-11 09:17:06",
            "2023-11-12 09:16:19",
            "2023-11-13 09:20:35",
            "2023-11-13 14:12:00",
            "2023-11-20 15:49:37",
            "2023-11-21 09:16:19",
            "2023-11-21 15:08:03",
            "2023-11-21 15:10:55",
            "2023-11-21 15:26:40",
            "2023-11-22 09:19:04",
            "2023-11-22 19:21:33",
            "2023-11-22 20:38:02",
            "2023-11-23 09:18:18",
            "2023-11-23 15:17:32",
            "2023-11-23 16:48:11",
            "2023-11-23 18:38:27",
            "2023-11-23 19:14:24",
            "2023-11-23 19:59:59",
            "2023-11-24 09:15:12",
            "2023-11-24 16:49:36",
            "2023-11-24 19:26:24",
            "2023-11-25 09:17:02",
            "2023-11-25 14:39:21",
            "2023-11-26 09:14:56",
            "2023-11-26 19:05:04",
            "2023-11-26 19:58:34",
            "2023-11-27 09:17:58",
            "2023-11-27 17:32:57",
            "2023-11-27 22:16:43",
            "2023-11-27 22:27:53",
            "2023-11-28 09:16:16",
            "2023-11-28 14:06:18",
            "2023-11-28 18:01:37",
            "2023-11-28 18:56:38",
            "2023-11-29 01:18:21",
            "2023-11-29 06:49:04",
            "2023-11-29 09:18:15",
            "2023-11-29 18:19:02",
            "2023-11-29 19:19:47",
            "2023-11-29 22:50:54",
            "2023-11-30 09:17:04",
            "2023-11-30 16:11:24",
            "2023-11-30 16:34:04",
            "2023-11-30 16:43:33",
            "2023-11-30 18:34:41",
            "2023-11-30 21:01:12",
            "2023-12-01 00:27:30",
            "2023-12-01 00:39:11",
            "2023-12-01 00:47:04",
            "2023-12-01 09:17:38",
            "2023-12-01 17:19:46",
            "2023-12-01 17:50:39",
            "2023-12-01 21:01:48",
            "2023-12-02 09:21:37",
            "2023-12-02 15:29:47",
            "2023-12-02 15:34:35",
            "2023-12-03 09:17:20",
            "2023-12-03 18:26:48",
            "2023-12-03 18:27:35",
            "2023-12-03 18:40:01",
            "2023-12-03 18:57:23",
            "2023-12-04 09:21:59",
            "2023-12-04 20:17:46",
            "2023-12-04 20:26:14",
            "2023-12-04 20:40:00",
            "2023-12-04 20:44:16",
            "2023-12-04 22:24:42",
            "2023-12-05 09:19:15",
            "2023-12-05 17:04:28",
            "2023-12-05 17:06:05",
            "2023-12-05 17:26:05",
            "2023-12-05 18:50:17",
            "2023-12-05 21:13:36",
            "2023-12-05 22:10:23",
            "2023-12-06 09:17:31",
            "2023-12-06 18:02:06",
            "2023-12-06 18:11:10",
            "2023-12-06 22:31:31",
            "2023-12-07 01:23:09",
            "2023-12-07 09:16:02",
            "2023-12-07 16:19:45",
            "2023-12-07 17:47:37",
            "2023-12-07 17:53:52",
            "2023-12-07 19:14:40",
            "2023-12-08 00:59:51",
            "2023-12-08 02:53:28",
            "2023-12-08 02:54:11",
            "2023-12-08 03:24:16",
            "2023-12-08 05:24:13",
            "2023-12-08 09:18:59",
            "2023-12-08 21:11:28",
            "2023-12-09 09:16:34",
            "2023-12-09 20:09:11",
            "2023-12-10 09:18:35",
            "2023-12-11 09:17:58",
            "2023-12-11 13:31:00",
            "2023-12-18 15:32:01",
            "2023-12-19 09:15:36",
            "2023-12-19 14:05:23",
            "2023-12-19 17:44:05",
            "2023-12-19 20:10:25",
            "2023-12-19 22:08:30",
            "2023-12-19 23:29:52",
            "2023-12-20 00:43:23",
            "2023-12-20 09:15:47",
            "2023-12-20 18:29:59",
            "2023-12-21 09:13:55",
            "2023-12-21 14:05:30",
            "2023-12-21 15:57:13",
            "2023-12-22 02:23:11",
            "2023-12-22 09:19:04",
            "2023-12-23 09:18:03",
            "2023-12-23 13:08:04",
            "2023-12-24 09:20:14",
            "2023-12-24 14:21:21",
            "2023-12-24 18:08:55",
            "2023-12-25 09:20:40",
            "2023-12-26 09:17:04",
            "2023-12-27 09:15:52",
            "2023-12-27 15:04:24",
            "2023-12-28 09:18:43",
            "2023-12-28 13:58:06",
            "2023-12-28 16:36:48",
            "2023-12-29 09:15:51",
            "2023-12-29 16:44:10",
            "2023-12-30 09:19:21",
            "2023-12-30 16:43:07",
            "2023-12-31 09:19:49",
            "2023-12-31 16:07:45",
            "2024-01-01 09:16:50",
            "2024-01-02 09:17:57",
            "2024-01-02 14:35:27",
            "2024-01-02 17:25:43",
            "2024-01-02 18:54:52",
            "2024-01-03 09:14:24",
            "2024-01-04 09:15:57",
            "2024-01-04 14:58:07",
            "2024-01-04 16:53:04",
            "2024-01-04 20:03:49",
            "2024-01-05 01:09:39",
            "2024-01-05 09:16:09",
            "2024-01-05 18:22:11",
            "2024-01-05 20:49:22",
            "2024-01-06 01:09:09",
            "2024-01-06 09:15:28",
            "2024-01-06 15:19:54",
            "2024-01-07 09:17:56",
            "2024-01-07 18:28:43",
            "2024-01-08 09:17:55",
            "2024-01-08 22:54:52",
            "2024-01-08 23:52:49",
            "2024-01-09 09:17:15",
            "2024-01-09 13:49:14",
            "2024-01-09 15:29:01",
            "2024-01-09 17:28:56",
            "2024-01-09 21:35:52",
            "2024-01-10 09:14:43",
            "2024-01-10 17:59:27",
            "2024-01-10 20:48:24",
            "2024-01-11 09:17:43",
            "2024-01-11 13:18:39",
            "2024-01-11 14:26:20",
            "2024-01-11 16:43:59",
            "2024-01-11 17:41:16",
            "2024-01-11 19:01:33",
            "2024-01-11 21:09:26",
            "2024-01-12 09:19:33",
            "2024-01-13 09:16:07",
            "2024-01-13 16:02:48",
            "2024-01-13 22:16:30",
            "2024-01-14 09:15:54",
            "2024-01-14 15:27:17",
            "2024-01-15 09:20:30",
            "2024-01-15 13:24:03",
            "2024-01-22 11:29:22",
            "2024-01-22 15:46:15",
            "2024-01-22 17:47:55",
            "2024-01-23 09:18:19",
            "2024-01-23 16:21:35",
            "2024-01-23 16:37:03",
            "2024-01-23 17:01:05",
            "2024-01-24 07:46:30",
            "2024-01-24 09:17:45",
            "2024-01-24 10:10:04",
            "2024-01-24 10:20:23",
            "2024-01-25 08:17:18",
            "2024-01-25 09:16:24",
            "2024-01-25 11:40:50",
            "2024-01-25 19:55:43",
            "2024-01-26 08:22:35",
            "2024-01-26 08:30:00",
            "2024-01-26 09:16:53",
            "2024-01-27 09:16:18",
            "2024-01-28 09:14:37",
            "2024-01-28 10:21:01",
            "2024-01-28 10:22:49",
            "2024-01-28 10:36:00",
            "2024-01-28 11:02:29",
            "2024-01-28 13:59:26",
            "2024-01-28 17:17:02",
            "2024-01-29 06:52:42",
            "2024-01-29 09:17:30",
            "2024-01-30 09:17:42",
            "2024-01-30 12:12:36",
            "2024-01-30 12:18:29",
            "2024-01-30 12:47:52",
            "2024-01-30 14:42:31",
            "2024-01-30 14:46:49",
            "2024-01-30 14:50:42",
            "2024-01-30 15:32:30",
            "2024-01-30 17:06:51",
            "2024-01-30 17:22:21",
            "2024-01-31 09:16:40",
            "2024-01-31 19:51:02",
            "2024-01-31 19:52:12",
            "2024-02-01 09:17:30",
            "2024-02-01 09:55:18",
            "2024-02-01 11:40:29",
            "2024-02-01 14:02:56",
            "2024-02-01 14:13:24",
            "2024-02-01 14:19:11",
            "2024-02-01 14:35:28",
            "2024-02-01 14:45:34",
            "2024-02-01 14:55:52",
            "2024-02-01 15:13:15",
            "2024-02-01 15:45:31",
            "2024-02-01 16:34:05",
            "2024-02-02 09:03:54",
            "2024-02-02 09:16:30",
            "2024-02-02 18:17:20",
            "2024-02-03 09:17:37",
            "2024-02-04 07:01:15",
            "2024-02-04 07:10:52",
            "2024-02-04 09:20:23",
            "2024-02-05 08:56:25",
            "2024-02-05 09:17:25",
            "2024-02-06 08:23:02",
            "2024-02-06 09:14:55",
            "2024-02-06 09:19:06",
            "2024-02-06 10:09:38",
            "2024-02-06 11:38:33",
            "2024-02-06 12:51:40",
            "2024-02-06 12:53:03",
            "2024-02-06 12:54:32",
            "2024-02-06 13:21:23",
            "2024-02-06 14:10:46",
            "2024-02-06 14:28:58",
            "2024-02-06 17:18:58",
            "2024-02-06 17:25:35",
            "2024-02-06 18:19:27",
            "2024-02-06 19:41:20",
            "2024-02-06 19:56:07",
            "2024-02-06 20:12:27",
            "2024-02-06 20:35:55",
            "2024-02-07 07:29:13",
            "2024-02-07 08:18:56",
            "2024-02-07 09:19:58",
            "2024-02-07 17:29:11",
            "2024-02-07 17:31:28",
            "2024-02-07 18:08:14",
            "2024-02-07 23:59:27",
            "2024-02-08 08:14:23",
            "2024-02-08 09:19:05",
            "2024-02-08 11:27:56",
            "2024-02-08 12:17:00",
            "2024-02-08 13:22:33",
            "2024-02-08 17:32:32",
            "2024-02-08 19:44:44",
            "2024-02-08 20:39:56",
            "2024-02-09 08:31:04",
            "2024-02-09 09:18:12",
            "2024-02-09 10:24:25",
            "2024-02-09 14:42:41",
            "2024-02-10 09:17:14",
            "2024-02-11 09:17:32",
            "2024-02-11 11:34:20",
            "2024-02-12 09:17:44"
        ]
    },
    "series": [
        {
            "label": "Timeseries",
            "type": "float",
            "raw": [
                842.5,
                846.5,
                876.0,
                876.0,
                848.0,
                852.0,
                855.0,
                887.5,
                864.0,
                855.5,
                879.0,
                849.0,
                857.5,
                854.0,
                872.5,
                884.0,
                951.5,
                846.0,
                870.5,
                852.5,
                892.5,
                865.5,
                901.5,
                876.0,
                870.0,
                875.0,
                866.0,
                851.5,
                867.0,
                890.5,
                869.0,
                957.5,
                859.0,
                849.0,
                843.5,
                859.5,
                885.0,
                870.5,
                855.5,
                952.0,
                1032.0,
                946.5,
                927.5,
                928.5,
                863.5,
                942.0,
                859.5,
                832.0,
                869.0,
                884.5,
                853.5,
                880.5,
                892.5,
                913.5,
                866.5,
                854.5,
                847.0,
                1016.0,
                1036.0,
                962.5,
                1007.0,
                920.0,
                897.0,
                888.5,
                887.0,
                848.0,
                981.5,
                1028.0,
                993.5,
                990.0,
                1022.0,
                1028.0,
                1020.5,
                979.5,
                979.0,
                1029.0,
                1053.5,
                1017.5,
                1055.0,
                1006.0,
                860.0,
                879.5,
                884.5,
                913.5,
                873.5,
                1011.0,
                904.5,
                889.0,
                967.0,
                1005.3,
                969.0,
                971.3,
                1000.7,
                1032.5,
                937.1,
                932.1,
                991.9,
                979.3,
                971.7,
                1019.8,
                1012.8,
                1008.4,
                1039.1,
                995.3,
                995.7,
                1017.3,
                1045.1,
                1017.0,
                979.7,
                1004.2,
                1014.8,
                998.1,
                1050.8,
                994.1,
                1017.1,
                988.5,
                985.9,
                1069.0,
                971.9,
                1052.1,
                1020.9,
                1066.7,
                1059.5,
                1104.0,
                1022.7,
                992.7,
                1051.0,
                1019.6,
                1029.1,
                1024.7,
                1038.2,
                1071.5,
                1085.6,
                1024.5,
                1025.1,
                1031.0,
                1087.5,
                1184.6,
                1086.6,
                1052.1,
                1039.2,
                992.1,
                1023.1,
                1045.8,
                1011.9,
                1057.3,
                1006.5,
                1052.0,
                1019.4,
                1026.0,
                1025.0,
                1055.4,
                1027.9,
                1041.7,
                1034.0,
                1042.1,
                1052.0,
                1004.5,
                1069.1,
                1012.4,
                1064.0,
                1253.5,
                1032.2,
                979.6,
                1034.0,
                959.8,
                1072.7,
                1096.3,
                1029.7,
                1065.4,
                1042.6,
                1008.6,
                1006.7,
                1033.1,
                1025.9,
                1028.3,
                1030.0,
                1014.2,
                1032.6,
                996.5,
                1077.3,
                1019.9,
                1017.0,
                1019.5,
                979.8,
                1006.4,
                1158.5,
                993.6,
                1038.5,
                1036.4,
                996.9,
                1033.6,
                995.5,
                995.5,
                1019.1,
                1005.1,
                1015.8,
                1013.5,
                996.8,
                992.5,
                994.7,
                976.2,
                1006.4,
                1032.7,
                989.3,
                1035.5,
                1007.1,
                957.3,
                1027.7,
                1020.3,
                1033.8,
                969.6,
                1026.6,
                1040.4,
                1043.9,
                1116.5,
                1033.2,
                997.3,
                1061.1,
                1046.2,
                1028.0,
                985.7,
                990.7,
                1047.8,
                1088.3,
                1009.6,
                1033.8,
                978.1,
                1026.4,
                1043.8,
                1001.4,
                984.1,
                997.4,
                1039.3,
                958.2,
                945.9,
                949.2,
                973.2,
                939.1,
                1019.4,
                956.4,
                988.1,
                965.9,
                1006.0,
                971.0,
                1025.1,
                1083.3,
                989.3,
                960.3,
                1036.2,
                1005.8,
                1031.0,
                1075.5,
                1008.4,
                987.8,
                970.6,
                1010.9,
                995.9,
                1116.1,
                1023.4,
                1035.8,
                1041.1,
                1027.2,
                1023.2,
                1046.3,
                979.0,
                984.3,
                1068.2,
                1028.7,
                994.1,
                1013.5,
                1042.3,
                993.5,
                1042.4,
                1029.4,
                974.5,
                1009.7,
                962.6,
                1326.6,
                1031.8,
                1030.7,
                1036.6,
                990.6,
                999.5,
                1025.3,
                983.8,
                1027.2,
                1006.5,
                1022.0,
                1057.5,
                970.5,
                1041.8,
                999.0,
                996.4,
                1014.4,
                1014.1,
                1012.4,
                988.8,
                1087.9,
                998.3,
                960.0,
                1012.4,
                985.6,
                996.4,
                978.2,
                996.3,
                1112.8,
                958.6,
                1022.8,
                1036.2,
                1000.2,
                949.0,
                1026.9,
                1005.9,
                1016.8,
                1026.4,
                1082.3,
                1038.1,
                1016.3,
                1003.4,
                994.8,
                1118.6,
                1016.3,
                995.6,
                963.4,
                1028.1,
                1078.5,
                994.4,
                1013.0,
                1066.5,
                1026.7,
                1031.0,
                1031.0,
                986.1,
                975.6,
                999.2,
                993.6,
                1089.2,
                979.0,
                953.4,
                1071.1,
                983.9,
                1003.5,
                1009.2,
                1014.6,
                1041.0,
                1025.5,
                998.1,
                988.4,
                1011.2,
                1013.7,
                962.6,
                1013.0,
                1086.8,
                1010.8,
                996.3,
                983.7,
                972.3,
                1030.2,
                1009.7,
                1062.2,
                1060.6,
                1014.3,
                1056.3,
                1040.1,
                1079.4,
                1054.7,
                1054.4,
                1073.0,
                995.4,
                1043.5,
                1057.2,
                1029.8,
                982.2,
                1061.2,
                1026.4,
                1029.6,
                1045.3,
                1017.5,
                1042.9,
                1029.2,
                1000.1,
                1046.3,
                1019.9,
                984.9,
                1065.6,
                1082.4,
                1024.5,
                1038.9,
                1007.7,
                1020.0,
                1102.7,
                1007.6,
                1029.7,
                1046.0,
                1004.9,
                1040.9,
                1035.3,
                1039.0,
                1046.8,
                1056.5,
                1097.0,
                1023.3,
                985.2,
                1023.4,
                1052.8,
                970.0,
                972.9,
                971.1,
                978.1,
                954.4,
                956.0,
                1011.1,
                981.7,
                983.8,
                958.0,
                922.1,
                995.0,
                952.3,
                954.7,
                1034.9,
                1028.6,
                1157.0,
                1050.8,
                1013.7,
                968.4,
                994.1,
                960.6,
                989.5,
                1004.7,
                1007.5,
                1059.0,
                1020.9,
                967.6,
                989.1,
                982.8,
                1019.1,
                1020.2,
                1078.8,
                989.8,
                1041.7,
                1064.8,
                1005.9,
                1020.3,
                1054.6,
                973.6,
                1032.3,
                1051.0,
                1229.4,
                1153.7,
                1142.3,
                1017.5,
                1027.8,
                1027.8,
                974.2,
                1083.4,
                1064.8,
                1027.6,
                1012.7,
                1041.6,
                1070.7,
                1000.9,
                1042.1,
                1010.5,
                1043.9,
                1066.8,
                1047.4,
                1044.5,
                1021.8,
                1037.3,
                1026.8,
                1036.5,
                1020.3,
                1083.2,
                991.8,
                1019.7,
                1041.4,
                1049.8,
                1050.3,
                1039.8,
                1033.5,
                1035.8,
                995.6,
                1024.4,
                1039.1,
                1069.0,
                1217.1,
                1048.1,
                1019.2,
                1014.9,
                985.6,
                1029.9,
                1019.5,
                1002.1,
                1071.8,
                1044.5,
                1051.4,
                996.8,
                951.0,
                1057.6,
                1029.4,
                996.6,
                1031.1,
                1002.1,
                1033.8,
                1023.1,
                1056.6,
                1018.5,
                1027.2,
                1045.1,
                1011.3,
                1001.8,
                1032.2,
                1097.6,
                1008.2,
                1059.5,
                1024.1,
                1030.1,
                1015.5,
                1007.2,
                1002.4,
                1037.6,
                1035.4,
                1022.4,
                1056.6,
                973.2,
                1014.4,
                972.6,
                1048.9,
                1031.7,
                1023.3,
                1025.9,
                1045.6,
                1006.9,
                1018.9,
                972.1,
                1041.7,
                1056.1,
                1020.8,
                1088.7,
                1069.1,
                1057.8,
                1043.3,
                1033.1,
                1038.8,
                1023.2,
                1061.4,
                1007.8,
                1045.5,
                1053.0,
                1013.5,
                1039.3,
                991.8,
                1023.0,
                1013.5,
                1050.7,
                994.7,
                1007.0,
                969.9,
                1040.9,
                992.2,
                1034.8,
                1037.3,
                1054.8,
                1049.0,
                977.0,
                1010.2,
                1001.2,
                1014.1,
                1045.8,
                1032.0,
                984.2,
                1001.9,
                1014.2,
                1084.7,
                989.5,
                1007.7,
                1040.9,
                1040.6,
                1003.5,
                1024.2,
                1025.7,
                1062.2,
                1062.7,
                967.4,
                999.7,
                969.2,
                1042.1,
                1035.4,
                1019.9,
                1047.6,
                1018.6,
                1036.6,
                1018.4,
                997.0,
                1053.0,
                1083.4,
                1001.4,
                987.6,
                980.2,
                1083.3,
                998.2,
                1071.6,
                1002.0,
                1009.6,
                1021.7,
                968.7,
                1004.0,
                999.0,
                1014.5,
                1014.4,
                1041.8,
                970.2,
                1025.4,
                1003.5,
                1025.8,
                1050.5,
                1047.1,
                985.1,
                1046.4,
                996.7,
                1001.6,
                1049.8,
                996.1,
                998.0,
                1008.1,
                1030.2,
                1016.1,
                1020.2,
                1021.4,
                990.7,
                1017.3,
                1075.5,
                973.5,
                991.9,
                1014.7,
                1045.1,
                1023.7,
                985.875,
                1013.2,
                1036.6,
                986.8,
                1023.0,
                987.8,
                1071.0,
                977.5,
                1008.3,
                1017.5,
                1022.9,
                995.0,
                1042.85,
                1024.4,
                935.3,
                1017.6,
                973.8,
                937.8,
                1008.1,
                982.6,
                1073.6,
                1031.4,
                1089.1,
                1048.1,
                1150.1,
                1045.7,
                1047.2,
                1006.5,
                1045.3,
                1055.9,
                1123.7,
                1005.4,
                1017.8,
                1022.9,
                998.0,
                1034.8,
                1077.0,
                988.2,
                1022.3,
                998.4,
                999.6
            ]
        }
    ]
}