{
    "name": "4519265",
    "longname": "4519265 timeseries",
    "n_obs": 127,
    "n_dim": 1,
    "time": {
        "type": "string",
        "format": "%Y-%m-%d %H:%M:%S",
        "index": [
            0,
            1,
            2,
            3,
            4,
            5,
            6,
            7,
            8,
            9,
            10,
            11,
            12,
            13,
            14,
            15,
            16,
            17,
            18,
            19,
            20,
            21,
            22,
            23,
            24,
            25,
            26,
            27,
            28,
            29,
            30,
            31,
            32,
            33,
            34,
            35,
            36,
            37,
            38,
            39,
            40,
            41,
            42,
            43,
            44,
            45,
            46,
            47,
            48,
            49,
            50,
            51,
            52,
            53,
            54,
            55,
            56,
            57,
            58,
            59,
            60,
            61,
            62,
            63,
            64,
            65,
            66,
            67,
            68,
            69,
            70,
            71,
            72,
            73,
            74,
            75,
            76,
            77,
            78,
            79,
            80,
            81,
            82,
            83,
            84,
            85,
            86,
            87,
            88,
            89,
            90,
            91,
            92,
            93,
            94,
            95,
            96,
            97,
            98,
            99,
            100,
            101,
            102,
            103,
            104,
            105,
            106,
            107,
            108,
            109,
            110,
            111,
            112,
            113,
            114,
            115,
            116,
            117,
            118,
            119,
            120,
            121,
            122,
            123,
            124,
            125,
            126
        ],
        "raw": [
            "2023-05-24 10:49:25",
            "2023-05-24 13:34:40",
            "2023-05-24 17:26:23",
            "2023-05-24 21:30:03",
            "2023-05-25 01:52:13",
            "2023-05-25 06:53:28",
            "2023-05-25 09:03:58",
            "2023-05-25 13:17:19",
            "2023-05-25 13:25:13",
            "2023-05-25 17:00:24",
            "2023-05-25 20:49:35",
            "2023-05-26 00:58:32",
            "2023-05-26 04:58:44",
            "2023-05-26 08:30:04",
            "2023-05-26 12:58:50",
            "2023-05-26 13:11:40",
            "2023-05-26 17:23:29",
            "2023-05-26 18:57:45",
            "2023-05-26 19:09:08",
            "2023-05-26 19:44:57",
            "2023-05-27 00:56:39",
            "2023-05-27 11:39:36",
            "2023-05-27 15:52:21",
            "2023-05-28 20:46:15",
            "2023-05-29 02:12:22",
            "2023-05-29 06:50:24",
            "2023-05-29 07:27:55",
            "2023-05-29 13:34:49",
            "2023-05-29 15:52:56",
            "2023-05-29 20:27:32",
            "2023-05-29 20:34:18",
            "2023-05-30 01:15:28",
            "2023-05-30 06:58:06",
            "2023-05-30 07:49:46",
            "2023-05-30 12:05:20",
            "2023-05-30 14:11:57",
            "2023-05-30 14:17:42",
            "2023-05-30 14:18:36",
            "2023-05-30 14:20:30",
            "2023-05-30 15:20:14",
            "2023-05-30 17:40:00",
            "2023-05-30 18:28:22",
            "2023-05-30 19:20:55",
            "2023-05-30 19:21:44",
            "2023-05-30 22:16:30",
            "2023-05-31 02:21:54",
            "2023-05-31 09:56:26",
            "2023-05-31 12:33:14",
            "2023-05-31 12:40:08",
            "2023-05-31 14:02:33",
            "2023-05-31 15:08:35",
            "2023-05-31 17:22:12",
            "2023-05-31 20:28:19",
            "2023-05-31 21:52:05",
            "2023-05-31 21:52:58",
            "2023-05-31 23:35:37",
            "2023-06-01 03:44:27",
            "2023-06-01 07:15:32",
            "2023-06-01 07:19:26",
            "2023-06-01 07:20:37",
            "2023-06-01 07:24:20",
            "2023-06-01 07:40:17",
            "2023-06-01 08:18:01",
            "2023-06-01 08:41:23",
            "2023-06-01 09:10:20",
            "2023-06-01 09:49:20",
            "2023-06-01 09:51:53",
            "2023-06-01 11:21:51",
            "2023-06-01 11:29:34",
            "2023-06-01 11:30:27",
            "2023-06-01 11:34:41",
            "2023-06-01 11:59:35",
            "2023-06-01 12:20:22",
            "2023-06-01 12:49:14",
            "2023-06-01 13:02:40",
            "2023-06-01 13:40:25",
            "2023-06-01 13:54:39",
            "2023-06-01 17:37:22",
            "2023-06-01 17:46:50",
            "2023-06-01 18:53:52",
            "2023-06-01 19:01:09",
            "2023-06-01 19:27:13",
            "2023-06-01 19:30:06",
            "2023-06-01 19:30:59",
            "2023-06-01 19:31:53",
            "2023-06-01 19:32:49",
            "2023-06-01 19:53:44",
            "2023-06-01 20:22:41",
            "2023-06-01 20:23:34",
            "2023-06-01 20:24:24",
            "2023-06-01 21:15:01",
            "2023-06-01 21:35:55",
            "2023-06-01 23:24:04",
            "2023-06-01 23:59:52",
            "2023-06-02 02:04:00",
            "2023-06-02 03:33:05",
            "2023-06-02 06:59:21",
            "2023-06-02 07:55:18",
            "2023-06-02 07:58:15",
            "2023-06-02 08:02:51",
            "2023-06-02 09:36:17",
            "2023-06-02 09:50:39",
            "2023-06-02 09:55:16",
            "2023-06-02 10:15:30",
            "2023-06-02 12:19:13",
            "2023-06-02 13:27:34",
            "2023-06-02 17:59:13",
            "2023-06-02 18:03:52",
            "2023-06-02 22:18:32",
            "2023-06-03 05:40:17",
            "2023-06-03 14:24:38",
            "2023-06-03 23:39:13",
            "2023-06-04 11:53:44",
            "2023-06-04 20:28:08",
            "2023-06-05 03:24:10",
            "2023-06-05 08:05:57",
            "2023-06-05 08:13:54",
            "2023-06-05 09:41:40",
            "2023-06-05 09:45:03",
            "2023-06-05 10:13:11",
            "2023-06-05 11:51:57",
            "2023-06-05 12:01:26",
            "2023-06-05 16:13:31",
            "2023-06-05 16:43:43",
            "2023-06-05 20:14:05",
            "2023-06-05 22:25:10",
            "2023-06-06 07:23:00"
        ]
    },
    "series": [
        {
            "label": "Timeseries",
            "type": "float",
            "raw": [
                187.8,
                205.0,
                223.1,
                211.0,
                189.7,
                186.1,
                189.3,
                195.3,
                185.7,
                245.3,
                203.9,
                178.7,
                185.2,
                196.5,
                205.0,
                216.9,
                203.8,
                183.6,
                183.6,
                194.8,
                176.6,
                195.9,
                181.1,
                197.2,
                182.7,
                188.8,
                178.3,
                190.8,
                188.9,
                179.2,
                192.2,
                191.4,
                193.4,
                180.7,
                186.5,
                180.7,
                175.3,
                179.7,
                184.8,
                214.0,
                175.7,
                188.8,
                239.3,
                212.1,
                219.9,
                207.0,
                179.8,
                181.4,
                180.0,
                226.7,
                238.8,
                226.8,
                216.3,
                182.3,
                173.8,
                189.1,
                179.8,
                246.1,
                239.6,
                228.2,
                238.0,
                225.1,
                180.9,
                234.4,
                233.1,
                225.1,
                199.1,
                245.0,
                242.9,
                243.3,
                245.6,
                246.8,
                199.9,
                197.32,
                198.74,
                195.72,
                195.56,
                181.7,
                179.94,
                184.16,
                180.7,
                183.96,
                181.26,
                180.38,
                186.22222222222223,
                186.21999999999997,
                193.72,
                187.04,
                185.6,
                194.96,
                188.48,
                196.04,
                182.28,
                180.58,
                222.3,
                176.4,
                175.7,
                188.0,
                177.3,
                176.1,
                191.1,
                230.6,
                176.0,
                185.8,
                233.5,
                249.6,
                240.1,
                253.1,
                230.7,
                229.7,
                242.7,
                254.6,
                181.8,
                234.7,
                183.5,
                194.5,
                168.6,
                179.7,
                169.2,
                179.8,
                176.0,
                185.1,
                224.0,
                225.6,
                199.1,
                227.8,
                183.5
            ]
        }
    ]
}