{
    "name": "4520181",
    "longname": "4520181 timeseries",
    "n_obs": 109,
    "n_dim": 1,
    "time": {
        "type": "string",
        "format": "%Y-%m-%d %H:%M:%S",
        "index": [
            0,
            1,
            2,
            3,
            4,
            5,
            6,
            7,
            8,
            9,
            10,
            11,
            12,
            13,
            14,
            15,
            16,
            17,
            18,
            19,
            20,
            21,
            22,
            23,
            24,
            25,
            26,
            27,
            28,
            29,
            30,
            31,
            32,
            33,
            34,
            35,
            36,
            37,
            38,
            39,
            40,
            41,
            42,
            43,
            44,
            45,
            46,
            47,
            48,
            49,
            50,
            51,
            52,
            53,
            54,
            55,
            56,
            57,
            58,
            59,
            60,
            61,
            62,
            63,
            64,
            65,
            66,
            67,
            68,
            69,
            70,
            71,
            72,
            73,
            74,
            75,
            76,
            77,
            78,
            79,
            80,
            81,
            82,
            83,
            84,
            85,
            86,
            87,
            88,
            89,
            90,
            91,
            92,
            93,
            94,
            95,
            96,
            97,
            98,
            99,
            100,
            101,
            102,
            103,
            104,
            105,
            106,
            107,
            108
        ],
        "raw": [
            "2023-05-24 10:49:25",
            "2023-05-24 13:34:40",
            "2023-05-24 17:26:23",
            "2023-05-24 21:30:03",
            "2023-05-25 01:52:13",
            "2023-05-25 06:53:28",
            "2023-05-25 09:03:58",
            "2023-05-25 13:17:19",
            "2023-05-25 13:25:13",
            "2023-05-25 17:00:24",
            "2023-05-25 20:49:35",
            "2023-05-26 00:58:32",
            "2023-05-26 04:58:44",
            "2023-05-26 08:30:04",
            "2023-05-26 11:02:15",
            "2023-05-26 11:39:42",
            "2023-05-26 11:55:47",
            "2023-05-26 12:24:15",
            "2023-05-26 12:26:00",
            "2023-05-26 12:27:54",
            "2023-05-26 12:28:56",
            "2023-05-26 12:58:50",
            "2023-05-26 13:07:49",
            "2023-05-26 13:11:40",
            "2023-05-26 14:03:45",
            "2023-05-26 14:43:47",
            "2023-05-26 15:03:43",
            "2023-05-26 15:04:34",
            "2023-05-26 15:15:50",
            "2023-05-26 16:29:10",
            "2023-05-26 16:31:06",
            "2023-05-26 16:33:55",
            "2023-05-26 17:23:29",
            "2023-05-26 17:24:26",
            "2023-05-26 17:25:22",
            "2023-05-26 17:26:24",
            "2023-05-26 17:47:52",
            "2023-05-26 18:31:17",
            "2023-05-26 18:46:13",
            "2023-05-26 18:57:45",
            "2023-05-26 19:09:08",
            "2023-05-26 19:19:37",
            "2023-05-26 19:44:57",
            "2023-05-27 00:56:39",
            "2023-05-27 11:39:36",
            "2023-05-27 15:52:21",
            "2023-05-28 20:46:15",
            "2023-05-29 02:12:22",
            "2023-05-29 06:50:24",
            "2023-05-29 07:27:55",
            "2023-05-29 13:34:49",
            "2023-05-29 15:52:56",
            "2023-05-29 20:27:32",
            "2023-05-29 20:34:18",
            "2023-05-30 01:15:28",
            "2023-05-30 06:58:06",
            "2023-05-30 07:49:46",
            "2023-05-30 12:05:20",
            "2023-05-30 14:11:57",
            "2023-05-30 14:17:42",
            "2023-05-30 14:18:36",
            "2023-05-30 14:20:30",
            "2023-05-30 15:20:14",
            "2023-05-30 17:40:00",
            "2023-05-30 18:28:22",
            "2023-05-30 19:20:55",
            "2023-05-30 19:21:44",
            "2023-05-30 22:16:30",
            "2023-05-31 02:21:54",
            "2023-05-31 09:56:26",
            "2023-05-31 12:33:14",
            "2023-05-31 12:40:08",
            "2023-05-31 14:02:33",
            "2023-05-31 15:08:35",
            "2023-05-31 17:22:12",
            "2023-05-31 20:28:19",
            "2023-05-31 21:52:05",
            "2023-05-31 21:52:58",
            "2023-05-31 23:35:37",
            "2023-06-01 03:44:27",
            "2023-06-01 08:18:01",
            "2023-06-01 09:51:53",
            "2023-06-01 13:54:39",
            "2023-06-01 19:53:44",
            "2023-06-01 21:35:55",
            "2023-06-02 02:04:00",
            "2023-06-02 12:19:13",
            "2023-06-02 13:27:34",
            "2023-06-02 17:59:13",
            "2023-06-02 18:03:52",
            "2023-06-02 22:18:32",
            "2023-06-03 05:40:17",
            "2023-06-03 14:24:38",
            "2023-06-03 23:39:13",
            "2023-06-04 11:53:44",
            "2023-06-04 20:28:08",
            "2023-06-05 03:24:10",
            "2023-06-05 08:05:57",
            "2023-06-05 08:13:54",
            "2023-06-05 09:41:40",
            "2023-06-05 09:45:03",
            "2023-06-05 10:13:11",
            "2023-06-05 11:51:57",
            "2023-06-05 12:01:26",
            "2023-06-05 16:13:31",
            "2023-06-05 16:43:43",
            "2023-06-05 20:14:05",
            "2023-06-05 22:25:10",
            "2023-06-06 07:23:00"
        ]
    },
    "series": [
        {
            "label": "Timeseries",
            "type": "float",
            "raw": [
                932.025,
                933.66,
                932.5,
                940.66,
                936.62,
                938.88,
                928.7,
                941.96,
                943.28,
                937.82,
                940.84,
                933.78,
                935.9,
                934.76,
                942.1,
                947.1,
                936.8,
                939.0,
                961.5,
                951.8,
                934.2,
                926.5,
                945.1,
                939.0333333333332,
                963.0,
                934.3,
                945.3,
                941.3,
                943.9,
                941.6,
                941.9,
                933.1,
                930.4,
                956.5,
                945.4,
                949.2,
                957.8,
                956.2,
                934.3,
                941.6142857142858,
                938.7,
                937.3,
                952.6,
                940.6,
                935.8,
                940.9,
                932.7,
                940.8,
                952.7,
                958.2,
                953.8,
                947.5,
                930.4,
                948.9,
                941.8,
                922.4,
                947.3,
                943.4,
                950.3,
                951.2,
                939.6,
                934.3,
                924.9,
                947.5,
                935.1,
                920.7,
                940.1,
                933.3,
                954.7,
                917.9,
                957.2,
                948.6,
                941.0,
                934.3,
                957.3,
                941.9,
                940.3,
                949.3,
                953.8,
                939.9,
                941.4,
                968.4,
                938.1,
                958.2,
                949.8,
                943.2,
                942.0,
                933.9,
                949.6,
                940.0,
                930.2,
                953.4,
                960.0,
                939.3,
                938.5,
                922.4,
                942.8,
                947.9,
                957.2,
                932.3,
                938.2,
                939.0,
                938.7,
                938.9,
                953.2,
                945.2,
                944.8,
                947.1,
                940.6
            ]
        }
    ]
}