{
    "name": "4609870",
    "longname": "4609870 timeseries",
    "n_obs": 183,
    "n_dim": 1,
    "time": {
        "type": "string",
        "format": "%Y-%m-%d %H:%M:%S",
        "index": [
            0,
            1,
            2,
            3,
            4,
            5,
            6,
            7,
            8,
            9,
            10,
            11,
            12,
            13,
            14,
            15,
            16,
            17,
            18,
            19,
            20,
            21,
            22,
            23,
            24,
            25,
            26,
            27,
            28,
            29,
            30,
            31,
            32,
            33,
            34,
            35,
            36,
            37,
            38,
            39,
            40,
            41,
            42,
            43,
            44,
            45,
            46,
            47,
            48,
            49,
            50,
            51,
            52,
            53,
            54,
            55,
            56,
            57,
            58,
            59,
            60,
            61,
            62,
            63,
            64,
            65,
            66,
            67,
            68,
            69,
            70,
            71,
            72,
            73,
            74,
            75,
            76,
            77,
            78,
            79,
            80,
            81,
            82,
            83,
            84,
            85,
            86,
            87,
            88,
            89,
            90,
            91,
            92,
            93,
            94,
            95,
            96,
            97,
            98,
            99,
            100,
            101,
            102,
            103,
            104,
            105,
            106,
            107,
            108,
            109,
            110,
            111,
            112,
            113,
            114,
            115,
            116,
            117,
            118,
            119,
            120,
            121,
            122,
            123,
            124,
            125,
            126,
            127,
            128,
            129,
            130,
            131,
            132,
            133,
            134,
            135,
            136,
            137,
            138,
            139,
            140,
            141,
            142,
            143,
            144,
            145,
            146,
            147,
            148,
            149,
            150,
            151,
            152,
            153,
            154,
            155,
            156,
            157,
            158,
            159,
            160,
            161,
            162,
            163,
            164,
            165,
            166,
            167,
            168,
            169,
            170,
            171,
            172,
            173,
            174,
            175,
            176,
            177,
            178,
            179,
            180,
            181,
            182
        ],
        "raw": [
            "2023-05-24 10:49:25",
            "2023-05-24 13:34:40",
            "2023-05-24 17:26:23",
            "2023-05-24 21:30:03",
            "2023-05-25 01:52:13",
            "2023-05-25 06:53:28",
            "2023-05-25 09:03:58",
            "2023-05-25 13:17:19",
            "2023-05-25 13:25:13",
            "2023-05-25 17:00:24",
            "2023-05-25 20:49:35",
            "2023-05-26 00:58:32",
            "2023-05-26 04:58:44",
            "2023-05-26 08:30:04",
            "2023-05-26 12:58:50",
            "2023-05-26 13:11:40",
            "2023-05-26 17:23:29",
            "2023-05-26 18:57:45",
            "2023-05-26 19:09:08",
            "2023-05-26 19:44:57",
            "2023-05-27 00:56:39",
            "2023-05-27 11:39:36",
            "2023-05-27 15:52:21",
            "2023-05-28 20:46:15",
            "2023-05-29 02:12:22",
            "2023-05-29 06:50:24",
            "2023-05-29 07:27:55",
            "2023-05-29 13:34:49",
            "2023-05-29 15:52:56",
            "2023-05-29 20:27:32",
            "2023-05-29 20:34:18",
            "2023-05-30 01:15:28",
            "2023-05-30 06:58:06",
            "2023-05-30 07:49:46",
            "2023-05-30 12:05:20",
            "2023-05-30 14:11:57",
            "2023-05-30 14:17:42",
            "2023-05-30 14:18:36",
            "2023-05-30 14:20:30",
            "2023-05-30 15:20:14",
            "2023-05-30 17:40:00",
            "2023-05-30 18:28:22",
            "2023-05-30 19:20:55",
            "2023-05-30 19:21:44",
            "2023-05-30 22:16:30",
            "2023-05-31 02:21:54",
            "2023-05-31 09:56:26",
            "2023-05-31 12:33:14",
            "2023-05-31 12:40:08",
            "2023-05-31 14:02:33",
            "2023-05-31 15:08:35",
            "2023-05-31 17:22:12",
            "2023-05-31 20:28:19",
            "2023-05-31 21:52:05",
            "2023-05-31 21:52:58",
            "2023-05-31 23:35:37",
            "2023-06-01 03:44:27",
            "2023-06-01 08:18:01",
            "2023-06-01 09:51:53",
            "2023-06-01 13:54:39",
            "2023-06-01 19:53:44",
            "2023-06-01 21:35:55",
            "2023-06-02 02:04:00",
            "2023-06-02 12:19:13",
            "2023-06-02 12:39:59",
            "2023-06-02 12:49:05",
            "2023-06-02 12:51:52",
            "2023-06-02 12:52:56",
            "2023-06-02 12:53:45",
            "2023-06-02 13:27:34",
            "2023-06-02 13:28:25",
            "2023-06-02 13:43:53",
            "2023-06-02 15:15:02",
            "2023-06-02 15:15:52",
            "2023-06-02 15:16:48",
            "2023-06-02 15:17:44",
            "2023-06-02 15:18:37",
            "2023-06-02 15:19:30",
            "2023-06-02 15:20:25",
            "2023-06-02 15:21:30",
            "2023-06-02 15:22:21",
            "2023-06-02 15:53:38",
            "2023-06-02 15:54:33",
            "2023-06-02 16:20:04",
            "2023-06-02 16:24:50",
            "2023-06-02 16:36:30",
            "2023-06-02 16:49:47",
            "2023-06-02 17:27:24",
            "2023-06-02 17:59:13",
            "2023-06-02 18:03:52",
            "2023-06-02 18:04:54",
            "2023-06-02 18:29:59",
            "2023-06-02 19:00:49",
            "2023-06-02 19:09:30",
            "2023-06-02 19:28:20",
            "2023-06-02 20:04:13",
            "2023-06-02 20:12:26",
            "2023-06-02 20:19:38",
            "2023-06-02 20:36:50",
            "2023-06-02 20:47:57",
            "2023-06-02 21:43:17",
            "2023-06-02 21:44:46",
            "2023-06-02 21:52:01",
            "2023-06-02 22:18:32",
            "2023-06-02 23:27:24",
            "2023-06-03 00:12:17",
            "2023-06-03 05:40:17",
            "2023-06-03 14:24:38",
            "2023-06-03 23:39:13",
            "2023-06-04 11:53:44",
            "2023-06-04 20:28:08",
            "2023-06-05 03:24:10",
            "2023-06-05 08:05:57",
            "2023-06-05 08:13:54",
            "2023-06-05 09:41:40",
            "2023-06-05 09:45:03",
            "2023-06-05 10:13:11",
            "2023-06-05 11:51:57",
            "2023-06-05 12:01:26",
            "2023-06-05 15:48:01",
            "2023-06-05 15:56:33",
            "2023-06-05 16:13:31",
            "2023-06-05 16:17:00",
            "2023-06-05 16:35:47",
            "2023-06-05 16:43:43",
            "2023-06-05 16:50:48",
            "2023-06-05 17:05:16",
            "2023-06-05 17:18:44",
            "2023-06-05 17:46:25",
            "2023-06-05 17:56:00",
            "2023-06-05 18:00:16",
            "2023-06-05 18:03:41",
            "2023-06-05 18:20:35",
            "2023-06-05 18:22:15",
            "2023-06-05 18:30:02",
            "2023-06-05 18:37:38",
            "2023-06-05 18:59:20",
            "2023-06-05 19:13:29",
            "2023-06-05 19:27:59",
            "2023-06-05 19:29:03",
            "2023-06-05 19:40:38",
            "2023-06-05 19:45:04",
            "2023-06-05 19:45:53",
            "2023-06-05 19:57:40",
            "2023-06-05 20:14:05",
            "2023-06-05 20:14:55",
            "2023-06-05 20:20:12",
            "2023-06-05 20:28:25",
            "2023-06-05 20:31:33",
            "2023-06-05 20:35:00",
            "2023-06-05 20:40:03",
            "2023-06-05 20:41:49",
            "2023-06-05 20:42:50",
            "2023-06-05 22:08:38",
            "2023-06-05 22:10:45",
            "2023-06-05 22:11:52",
            "2023-06-05 22:12:48",
            "2023-06-05 22:13:47",
            "2023-06-05 22:14:43",
            "2023-06-05 22:15:36",
            "2023-06-05 22:20:19",
            "2023-06-05 22:21:52",
            "2023-06-05 22:22:48",
            "2023-06-05 22:24:21",
            "2023-06-05 22:25:10",
            "2023-06-05 22:25:59",
            "2023-06-05 22:48:52",
            "2023-06-05 22:53:40",
            "2023-06-05 22:55:33",
            "2023-06-05 23:11:20",
            "2023-06-05 23:32:42",
            "2023-06-05 23:57:47",
            "2023-06-06 00:10:08",
            "2023-06-06 00:12:11",
            "2023-06-06 01:57:52",
            "2023-06-06 02:16:37",
            "2023-06-06 04:54:44",
            "2023-06-06 06:34:52",
            "2023-06-06 06:39:51",
            "2023-06-06 06:46:10",
            "2023-06-06 06:54:33",
            "2023-06-06 07:00:26",
            "2023-06-06 07:23:00"
        ]
    },
    "series": [
        {
            "label": "Timeseries",
            "type": "float",
            "raw": [
                575.2,
                604.9,
                555.1,
                598.5,
                655.0,
                612.3,
                580.4,
                592.8,
                559.7,
                580.6,
                621.2,
                663.5,
                585.3,
                588.9,
                636.7,
                632.8,
                603.2,
                613.8,
                610.2,
                619.2,
                603.2,
                583.5,
                586.3,
                575.2,
                576.7,
                587.7,
                564.7,
                603.4,
                582.6,
                594.7,
                564.9,
                646.5,
                586.8,
                575.8,
                569.5,
                580.0,
                576.7,
                582.3,
                585.0,
                631.7,
                575.8,
                583.4,
                590.6,
                581.9,
                578.5,
                595.5,
                579.4,
                578.0,
                601.8,
                592.2,
                600.9,
                600.1,
                587.2,
                573.2,
                588.1,
                616.6,
                579.5,
                583.6,
                582.7,
                600.9,
                605.5,
                590.0,
                593.5,
                581.0999999999999,
                589.7,
                593.4,
                617.6,
                588.3,
                611.5,
                597.3,
                596.4,
                598.5,
                596.9,
                606.3,
                599.6,
                607.5,
                598.3,
                593.7,
                598.2,
                634.72,
                636.24,
                624.72,
                637.5600000000001,
                625.6600000000001,
                637.1600000000001,
                642.3399999999999,
                621.36,
                644.3399999999999,
                602.12,
                673.4100000000001,
                609.58,
                596.28,
                597.8399999999999,
                598.7,
                643.7833333333333,
                628.5333333333333,
                741.4,
                794.1,
                770.7,
                745.8,
                734.2,
                857.3,
                747.2,
                756.9285714285714,
                828.2,
                792.1,
                728.2833333333333,
                741.3399999999999,
                583.4,
                575.6,
                582.0,
                581.8,
                593.6,
                582.9,
                603.0,
                585.6,
                596.5,
                595.9,
                579.5,
                781.4,
                787.5,
                588.2,
                786.8,
                812.5,
                676.5,
                784.2,
                737.6,
                784.2,
                730.0,
                745.3,
                748.9,
                794.9,
                751.2,
                744.7,
                746.2,
                775.1,
                739.0,
                722.7,
                768.9,
                827.6,
                739.7,
                763.3,
                766.2,
                783.5,
                719.3,
                760.26,
                757.62,
                760.74,
                760.8,
                759.92,
                754.96,
                729.3199999999999,
                735.26,
                736.56,
                757.1800000000001,
                739.76,
                764.26,
                762.1800000000001,
                755.3399999999999,
                750.9,
                738.48,
                764.6200000000001,
                745.0,
                774.8199999999999,
                750.22,
                754.5600000000001,
                773.3,
                737.9,
                709.8,
                836.4,
                791.5,
                805.5,
                754.9,
                757.9,
                772.5,
                746.9,
                729.5,
                799.2,
                744.5,
                765.8,
                740.4,
                682.3,
                809.7
            ]
        }
    ]
}