{
    "name": "4609028",
    "longname": "4609028 timeseries",
    "n_obs": 135,
    "n_dim": 1,
    "time": {
        "type": "string",
        "format": "%Y-%m-%d %H:%M:%S",
        "index": [
            0,
            1,
            2,
            3,
            4,
            5,
            6,
            7,
            8,
            9,
            10,
            11,
            12,
            13,
            14,
            15,
            16,
            17,
            18,
            19,
            20,
            21,
            22,
            23,
            24,
            25,
            26,
            27,
            28,
            29,
            30,
            31,
            32,
            33,
            34,
            35,
            36,
            37,
            38,
            39,
            40,
            41,
            42,
            43,
            44,
            45,
            46,
            47,
            48,
            49,
            50,
            51,
            52,
            53,
            54,
            55,
            56,
            57,
            58,
            59,
            60,
            61,
            62,
            63,
            64,
            65,
            66,
            67,
            68,
            69,
            70,
            71,
            72,
            73,
            74,
            75,
            76,
            77,
            78,
            79,
            80,
            81,
            82,
            83,
            84,
            85,
            86,
            87,
            88,
            89,
            90,
            91,
            92,
            93,
            94,
            95,
            96,
            97,
            98,
            99,
            100,
            101,
            102,
            103,
            104,
            105,
            106,
            107,
            108,
            109,
            110,
            111,
            112,
            113,
            114,
            115,
            116,
            117,
            118,
            119,
            120,
            121,
            122,
            123,
            124,
            125,
            126,
            127,
            128,
            129,
            130,
            131,
            132,
            133,
            134
        ],
        "raw": [
            "2023-05-24 10:49:25",
            "2023-05-24 13:34:40",
            "2023-05-24 17:26:23",
            "2023-05-24 21:30:03",
            "2023-05-25 01:52:13",
            "2023-05-25 06:53:28",
            "2023-05-25 09:03:58",
            "2023-05-25 13:17:19",
            "2023-05-25 13:25:13",
            "2023-05-25 17:00:24",
            "2023-05-25 20:49:35",
            "2023-05-26 00:58:32",
            "2023-05-26 04:58:44",
            "2023-05-26 08:30:04",
            "2023-05-26 12:58:50",
            "2023-05-26 13:11:40",
            "2023-05-26 17:23:29",
            "2023-05-26 18:57:45",
            "2023-05-26 19:09:08",
            "2023-05-26 19:44:57",
            "2023-05-27 00:56:39",
            "2023-05-27 11:39:36",
            "2023-05-27 15:52:21",
            "2023-05-28 20:46:15",
            "2023-05-29 02:12:22",
            "2023-05-29 06:50:24",
            "2023-05-29 07:27:55",
            "2023-05-29 13:34:49",
            "2023-05-29 14:27:57",
            "2023-05-29 15:52:56",
            "2023-05-29 20:27:32",
            "2023-05-29 20:34:18",
            "2023-05-30 01:15:28",
            "2023-05-30 06:58:06",
            "2023-05-30 07:49:46",
            "2023-05-30 12:05:20",
            "2023-05-30 14:11:57",
            "2023-05-30 14:17:42",
            "2023-05-30 14:18:36",
            "2023-05-30 14:20:30",
            "2023-05-30 15:20:14",
            "2023-05-30 17:40:00",
            "2023-05-30 18:28:22",
            "2023-05-30 19:20:55",
            "2023-05-30 19:21:44",
            "2023-05-30 22:16:30",
            "2023-05-31 02:21:54",
            "2023-05-31 09:56:26",
            "2023-05-31 12:33:14",
            "2023-05-31 12:40:08",
            "2023-05-31 14:02:33",
            "2023-05-31 15:08:35",
            "2023-05-31 17:22:12",
            "2023-05-31 20:28:19",
            "2023-05-31 21:52:05",
            "2023-05-31 21:52:58",
            "2023-05-31 23:35:37",
            "2023-06-01 03:44:27",
            "2023-06-01 08:18:01",
            "2023-06-01 09:51:53",
            "2023-06-01 13:54:39",
            "2023-06-01 19:53:44",
            "2023-06-01 21:35:55",
            "2023-06-02 02:04:00",
            "2023-06-02 12:19:13",
            "2023-06-02 13:27:34",
            "2023-06-02 17:59:13",
            "2023-06-02 18:03:52",
            "2023-06-02 22:18:32",
            "2023-06-03 05:40:17",
            "2023-06-03 07:00:59",
            "2023-06-03 07:29:37",
            "2023-06-03 14:24:38",
            "2023-06-03 23:39:13",
            "2023-06-04 11:53:44",
            "2023-06-04 20:28:08",
            "2023-06-05 03:24:10",
            "2023-06-05 08:05:57",
            "2023-06-05 08:13:54",
            "2023-06-05 09:41:40",
            "2023-06-05 09:45:03",
            "2023-06-05 10:13:11",
            "2023-06-05 11:51:57",
            "2023-06-05 12:01:26",
            "2023-06-05 13:59:37",
            "2023-06-05 14:11:14",
            "2023-06-05 14:17:47",
            "2023-06-05 14:28:50",
            "2023-06-05 14:30:29",
            "2023-06-05 15:39:51",
            "2023-06-05 15:44:42",
            "2023-06-05 15:48:01",
            "2023-06-05 15:56:33",
            "2023-06-05 16:13:31",
            "2023-06-05 16:17:00",
            "2023-06-05 16:35:47",
            "2023-06-05 16:43:43",
            "2023-06-05 17:05:16",
            "2023-06-05 17:18:44",
            "2023-06-05 17:46:25",
            "2023-06-05 17:56:00",
            "2023-06-05 18:00:16",
            "2023-06-05 18:03:41",
            "2023-06-05 18:20:35",
            "2023-06-05 18:22:15",
            "2023-06-05 18:30:02",
            "2023-06-05 18:37:38",
            "2023-06-05 18:59:20",
            "2023-06-05 19:13:29",
            "2023-06-05 19:27:59",
            "2023-06-05 19:29:03",
            "2023-06-05 19:40:38",
            "2023-06-05 19:45:04",
            "2023-06-05 19:45:53",
            "2023-06-05 19:57:40",
            "2023-06-05 20:14:05",
            "2023-06-05 22:11:52",
            "2023-06-05 22:12:48",
            "2023-06-05 22:13:47",
            "2023-06-05 22:14:43",
            "2023-06-05 22:15:36",
            "2023-06-05 22:20:19",
            "2023-06-05 22:21:52",
            "2023-06-05 22:22:48",
            "2023-06-05 22:24:21",
            "2023-06-05 22:25:10",
            "2023-06-06 01:57:52",
            "2023-06-06 02:16:37",
            "2023-06-06 04:54:44",
            "2023-06-06 06:34:52",
            "2023-06-06 06:39:51",
            "2023-06-06 06:46:10",
            "2023-06-06 06:54:33",
            "2023-06-06 07:00:26",
            "2023-06-06 07:23:00"
        ]
    },
    "series": [
        {
            "label": "Timeseries",
            "type": "float",
            "raw": [
                258.2,
                263.2,
                245.2,
                248.9,
                241.4,
                247.6,
                248.1,
                258.7,
                253.8,
                221.6,
                249.5,
                262.7,
                247.0,
                251.1,
                249.3,
                255.5,
                247.0,
                251.0,
                255.3,
                255.0,
                254.7,
                245.9,
                265.3,
                252.3,
                274.5,
                260.5,
                252.4,
                257.0,
                249.4,
                249.2,
                252.1,
                257.6,
                243.4,
                254.7,
                255.8,
                252.8,
                239.9,
                247.4,
                255.6,
                246.4,
                248.6,
                250.0,
                254.7,
                257.8,
                244.2,
                248.1,
                253.7,
                249.7,
                257.5,
                257.8,
                248.0,
                257.8,
                255.5,
                243.7,
                248.2,
                261.0,
                253.1,
                244.8,
                248.9,
                263.4,
                264.2,
                251.2,
                254.0,
                257.3,
                252.4,
                259.7,
                369.6,
                255.3,
                242.2,
                367.9909090909091,
                398.8,
                422.11,
                385.8818181818182,
                249.7,
                247.8,
                245.6,
                243.7,
                261.7,
                219.4,
                253.1,
                260.1,
                238.7,
                244.3,
                257.7,
                383.9,
                430.9,
                456.9,
                407.6,
                375.7,
                361.1,
                415.2,
                375.8,
                342.9,
                267.0,
                404.2,
                392.0,
                247.0,
                483.0,
                437.7999999999999,
                420.2,
                427.0,
                415.8,
                431.8,
                405.35,
                407.0499999999999,
                386.0499999999999,
                364.2,
                396.7,
                350.4,
                366.5,
                361.8,
                387.2,
                400.5,
                366.6,
                377.1,
                245.0,
                387.1,
                356.1,
                428.9,
                420.1,
                479.4,
                346.3,
                363.4,
                441.7,
                384.5,
                244.6,
                365.2,
                393.2999999999999,
                379.5,
                369.25,
                385.0,
                424.6,
                415.6,
                394.85,
                405.6
            ]
        }
    ]
}