{
    "name": "4654033",
    "longname": "4654033 timeseries",
    "n_obs": 598,
    "n_dim": 1,
    "time": {
        "type": "string",
        "format": "%Y-%m-%d %H:%M:%S",
        "index": [
            0,
            1,
            2,
            3,
            4,
            5,
            6,
            7,
            8,
            9,
            10,
            11,
            12,
            13,
            14,
            15,
            16,
            17,
            18,
            19,
            20,
            21,
            22,
            23,
            24,
            25,
            26,
            27,
            28,
            29,
            30,
            31,
            32,
            33,
            34,
            35,
            36,
            37,
            38,
            39,
            40,
            41,
            42,
            43,
            44,
            45,
            46,
            47,
            48,
            49,
            50,
            51,
            52,
            53,
            54,
            55,
            56,
            57,
            58,
            59,
            60,
            61,
            62,
            63,
            64,
            65,
            66,
            67,
            68,
            69,
            70,
            71,
            72,
            73,
            74,
            75,
            76,
            77,
            78,
            79,
            80,
            81,
            82,
            83,
            84,
            85,
            86,
            87,
            88,
            89,
            90,
            91,
            92,
            93,
            94,
            95,
            96,
            97,
            98,
            99,
            100,
            101,
            102,
            103,
            104,
            105,
            106,
            107,
            108,
            109,
            110,
            111,
            112,
            113,
            114,
            115,
            116,
            117,
            118,
            119,
            120,
            121,
            122,
            123,
            124,
            125,
            126,
            127,
            128,
            129,
            130,
            131,
            132,
            133,
            134,
            135,
            136,
            137,
            138,
            139,
            140,
            141,
            142,
            143,
            144,
            145,
            146,
            147,
            148,
            149,
            150,
            151,
            152,
            153,
            154,
            155,
            156,
            157,
            158,
            159,
            160,
            161,
            162,
            163,
            164,
            165,
            166,
            167,
            168,
            169,
            170,
            171,
            172,
            173,
            174,
            175,
            176,
            177,
            178,
            179,
            180,
            181,
            182,
            183,
            184,
            185,
            186,
            187,
            188,
            189,
            190,
            191,
            192,
            193,
            194,
            195,
            196,
            197,
            198,
            199,
            200,
            201,
            202,
            203,
            204,
            205,
            206,
            207,
            208,
            209,
            210,
            211,
            212,
            213,
            214,
            215,
            216,
            217,
            218,
            219,
            220,
            221,
            222,
            223,
            224,
            225,
            226,
            227,
            228,
            229,
            230,
            231,
            232,
            233,
            234,
            235,
            236,
            237,
            238,
            239,
            240,
            241,
            242,
            243,
            244,
            245,
            246,
            247,
            248,
            249,
            250,
            251,
            252,
            253,
            254,
            255,
            256,
            257,
            258,
            259,
            260,
            261,
            262,
            263,
            264,
            265,
            266,
            267,
            268,
            269,
            270,
            271,
            272,
            273,
            274,
            275,
            276,
            277,
            278,
            279,
            280,
            281,
            282,
            283,
            284,
            285,
            286,
            287,
            288,
            289,
            290,
            291,
            292,
            293,
            294,
            295,
            296,
            297,
            298,
            299,
            300,
            301,
            302,
            303,
            304,
            305,
            306,
            307,
            308,
            309,
            310,
            311,
            312,
            313,
            314,
            315,
            316,
            317,
            318,
            319,
            320,
            321,
            322,
            323,
            324,
            325,
            326,
            327,
            328,
            329,
            330,
            331,
            332,
            333,
            334,
            335,
            336,
            337,
            338,
            339,
            340,
            341,
            342,
            343,
            344,
            345,
            346,
            347,
            348,
            349,
            350,
            351,
            352,
            353,
            354,
            355,
            356,
            357,
            358,
            359,
            360,
            361,
            362,
            363,
            364,
            365,
            366,
            367,
            368,
            369,
            370,
            371,
            372,
            373,
            374,
            375,
            376,
            377,
            378,
            379,
            380,
            381,
            382,
            383,
            384,
            385,
            386,
            387,
            388,
            389,
            390,
            391,
            392,
            393,
            394,
            395,
            396,
            397,
            398,
            399,
            400,
            401,
            402,
            403,
            404,
            405,
            406,
            407,
            408,
            409,
            410,
            411,
            412,
            413,
            414,
            415,
            416,
            417,
            418,
            419,
            420,
            421,
            422,
            423,
            424,
            425,
            426,
            427,
            428,
            429,
            430,
            431,
            432,
            433,
            434,
            435,
            436,
            437,
            438,
            439,
            440,
            441,
            442,
            443,
            444,
            445,
            446,
            447,
            448,
            449,
            450,
            451,
            452,
            453,
            454,
            455,
            456,
            457,
            458,
            459,
            460,
            461,
            462,
            463,
            464,
            465,
            466,
            467,
            468,
            469,
            470,
            471,
            472,
            473,
            474,
            475,
            476,
            477,
            478,
            479,
            480,
            481,
            482,
            483,
            484,
            485,
            486,
            487,
            488,
            489,
            490,
            491,
            492,
            493,
            494,
            495,
            496,
            497,
            498,
            499,
            500,
            501,
            502,
            503,
            504,
            505,
            506,
            507,
            508,
            509,
            510,
            511,
            512,
            513,
            514,
            515,
            516,
            517,
            518,
            519,
            520,
            521,
            522,
            523,
            524,
            525,
            526,
            527,
            528,
            529,
            530,
            531,
            532,
            533,
            534,
            535,
            536,
            537,
            538,
            539,
            540,
            541,
            542,
            543,
            544,
            545,
            546,
            547,
            548,
            549,
            550,
            551,
            552,
            553,
            554,
            555,
            556,
            557,
            558,
            559,
            560,
            561,
            562,
            563,
            564,
            565,
            566,
            567,
            568,
            569,
            570,
            571,
            572,
            573,
            574,
            575,
            576,
            577,
            578,
            579,
            580,
            581,
            582,
            583,
            584,
            585,
            586,
            587,
            588,
            589,
            590,
            591,
            592,
            593,
            594,
            595,
            596,
            597
        ],
        "raw": [
            "2023-05-22 13:08:08",
            "2023-05-23 00:38:18",
            "2023-05-23 15:58:01",
            "2023-05-24 01:18:14",
            "2023-05-24 15:25:29",
            "2023-05-25 01:44:38",
            "2023-05-26 04:30:53",
            "2023-05-26 14:42:56",
            "2023-05-27 03:06:48",
            "2023-05-27 13:41:08",
            "2023-05-28 01:55:31",
            "2023-05-28 06:55:44",
            "2023-05-29 15:40:08",
            "2023-05-30 00:36:03",
            "2023-05-31 03:15:09",
            "2023-05-31 15:27:10",
            "2023-06-01 03:24:34",
            "2023-06-01 14:48:15",
            "2023-06-02 04:12:13",
            "2023-06-02 14:14:28",
            "2023-06-03 01:42:26",
            "2023-06-03 13:24:48",
            "2023-06-04 01:28:40",
            "2023-06-04 15:45:29",
            "2023-06-05 14:48:11",
            "2023-06-06 02:57:40",
            "2023-06-06 15:25:41",
            "2023-06-07 01:14:30",
            "2023-06-07 12:58:52",
            "2023-06-08 01:54:54",
            "2023-06-08 15:58:50",
            "2023-06-09 00:33:30",
            "2023-06-09 15:20:10",
            "2023-06-10 03:13:24",
            "2023-06-11 00:33:09",
            "2023-06-12 14:56:44",
            "2023-06-13 02:47:15",
            "2023-06-13 15:28:45",
            "2023-06-14 02:57:59",
            "2023-06-15 04:48:57",
            "2023-06-15 15:13:35",
            "2023-06-16 04:24:00",
            "2023-06-16 15:13:13",
            "2023-06-17 02:44:53",
            "2023-06-17 14:50:44",
            "2023-06-18 04:08:09",
            "2023-06-19 00:28:33",
            "2023-06-19 15:47:26",
            "2023-06-20 04:10:28",
            "2023-06-20 12:43:13",
            "2023-06-21 02:58:25",
            "2023-06-22 03:19:02",
            "2023-06-22 15:08:21",
            "2023-06-23 03:59:32",
            "2023-06-23 14:20:14",
            "2023-06-24 00:31:29",
            "2023-06-24 13:13:47",
            "2023-06-25 00:31:04",
            "2023-06-25 14:42:24",
            "2023-06-26 01:44:14",
            "2023-06-26 14:53:06",
            "2023-06-27 02:28:39",
            "2023-06-27 14:12:25",
            "2023-06-28 00:35:06",
            "2023-06-28 15:58:41",
            "2023-06-29 03:19:37",
            "2023-06-29 14:26:58",
            "2023-06-30 02:32:43",
            "2023-06-30 14:53:19",
            "2023-07-01 02:52:33",
            "2023-07-01 14:12:09",
            "2023-07-02 00:32:59",
            "2023-07-03 00:36:46",
            "2023-07-03 14:23:07",
            "2023-07-04 03:34:41",
            "2023-07-04 15:28:10",
            "2023-07-05 03:26:51",
            "2023-07-05 16:00:40",
            "2023-07-06 03:29:40",
            "2023-07-06 14:34:41",
            "2023-07-07 00:48:24",
            "2023-07-07 14:36:18",
            "2023-07-08 02:38:37",
            "2023-07-08 14:48:51",
            "2023-07-09 03:00:26",
            "2023-07-09 13:38:28",
            "2023-07-10 00:43:00",
            "2023-07-10 01:39:58",
            "2023-07-10 15:22:35",
            "2023-07-11 01:33:46",
            "2023-07-11 15:21:36",
            "2023-07-12 03:11:12",
            "2023-07-12 15:51:49",
            "2023-07-13 02:55:19",
            "2023-07-13 14:55:36",
            "2023-07-14 03:23:32",
            "2023-07-14 15:27:44",
            "2023-07-15 00:29:08",
            "2023-07-15 15:13:54",
            "2023-07-16 02:19:44",
            "2023-07-16 14:02:30",
            "2023-07-17 02:44:39",
            "2023-07-18 22:07:05",
            "2023-07-19 01:39:55",
            "2023-07-19 15:23:26",
            "2023-07-20 00:29:36",
            "2023-07-20 15:22:07",
            "2023-07-21 02:07:10",
            "2023-07-21 12:31:09",
            "2023-07-22 01:54:05",
            "2023-07-22 14:36:44",
            "2023-07-22 19:34:35",
            "2023-07-23 15:47:09",
            "2023-07-24 02:07:00",
            "2023-07-24 15:37:25",
            "2023-07-25 03:49:16",
            "2023-07-25 15:29:00",
            "2023-07-26 03:31:46",
            "2023-07-26 13:51:09",
            "2023-07-27 02:59:14",
            "2023-07-27 15:26:34",
            "2023-07-28 00:58:25",
            "2023-07-28 14:34:21",
            "2023-07-29 03:18:14",
            "2023-07-29 13:34:15",
            "2023-07-30 03:26:39",
            "2023-07-31 01:21:52",
            "2023-07-31 14:45:09",
            "2023-08-01 02:01:21",
            "2023-08-01 14:51:22",
            "2023-08-02 01:53:20",
            "2023-08-02 15:22:46",
            "2023-08-03 03:24:51",
            "2023-08-03 15:42:02",
            "2023-08-04 04:32:44",
            "2023-08-04 15:59:44",
            "2023-08-05 00:30:51",
            "2023-08-05 15:24:09",
            "2023-08-06 04:31:56",
            "2023-08-06 15:09:38",
            "2023-08-07 00:29:07",
            "2023-08-07 13:49:20",
            "2023-08-08 02:39:53",
            "2023-08-08 13:23:13",
            "2023-08-09 04:18:56",
            "2023-08-10 03:48:52",
            "2023-08-11 03:24:21",
            "2023-08-11 15:42:33",
            "2023-08-12 00:28:59",
            "2023-08-12 14:36:53",
            "2023-08-13 15:55:02",
            "2023-08-14 03:12:27",
            "2023-08-14 15:44:23",
            "2023-08-15 01:48:57",
            "2023-08-15 12:05:47",
            "2023-08-16 04:17:12",
            "2023-08-16 15:27:42",
            "2023-08-17 01:19:24",
            "2023-08-17 15:42:47",
            "2023-08-18 02:36:28",
            "2023-08-18 13:38:30",
            "2023-08-19 04:48:06",
            "2023-08-19 14:30:40",
            "2023-08-20 00:32:01",
            "2023-08-21 00:30:41",
            "2023-08-21 13:29:44",
            "2023-08-22 01:47:11",
            "2023-08-22 13:29:37",
            "2023-08-23 00:28:37",
            "2023-08-23 14:56:13",
            "2023-08-24 00:29:05",
            "2023-08-24 14:19:06",
            "2023-08-25 04:03:59",
            "2023-08-26 04:03:29",
            "2023-08-26 13:32:37",
            "2023-08-27 00:28:20",
            "2023-08-27 14:26:30",
            "2023-08-28 00:28:25",
            "2023-08-28 14:44:59",
            "2023-08-29 02:14:37",
            "2023-08-29 14:50:46",
            "2023-08-30 02:24:58",
            "2023-08-30 13:54:01",
            "2023-08-31 01:50:40",
            "2023-08-31 15:44:11",
            "2023-09-01 03:10:27",
            "2023-09-01 14:58:16",
            "2023-09-02 00:29:00",
            "2023-09-02 13:38:33",
            "2023-09-03 01:38:24",
            "2023-09-03 06:36:32",
            "2023-09-04 03:51:08",
            "2023-09-04 15:40:21",
            "2023-09-05 00:31:08",
            "2023-09-05 14:57:27",
            "2023-09-06 02:02:30",
            "2023-09-06 15:54:42",
            "2023-09-07 03:40:27",
            "2023-09-07 15:43:23",
            "2023-09-08 03:59:09",
            "2023-09-08 15:27:24",
            "2023-09-09 01:58:06",
            "2023-09-09 13:30:40",
            "2023-09-10 00:34:11",
            "2023-09-10 15:49:59",
            "2023-09-11 01:32:58",
            "2023-09-11 14:41:43",
            "2023-09-12 00:33:26",
            "2023-09-12 14:16:21",
            "2023-09-13 02:13:22",
            "2023-09-13 15:32:37",
            "2023-09-14 03:34:40",
            "2023-09-14 15:13:08",
            "2023-09-15 02:39:54",
            "2023-09-15 15:43:31",
            "2023-09-16 03:14:02",
            "2023-09-16 15:10:59",
            "2023-09-17 01:48:25",
            "2023-09-17 14:01:32",
            "2023-09-18 03:10:08",
            "2023-09-18 15:36:33",
            "2023-09-19 00:27:21",
            "2023-09-19 15:21:05",
            "2023-09-20 01:47:17",
            "2023-09-20 15:58:52",
            "2023-09-21 01:20:45",
            "2023-09-21 15:46:53",
            "2023-09-22 02:03:46",
            "2023-09-22 14:49:32",
            "2023-09-23 03:08:17",
            "2023-09-24 01:31:45",
            "2023-09-24 13:32:34",
            "2023-09-25 00:30:27",
            "2023-09-25 15:58:36",
            "2023-09-26 00:31:06",
            "2023-09-26 15:47:59",
            "2023-09-27 03:58:04",
            "2023-09-27 15:26:22",
            "2023-09-28 02:43:39",
            "2023-09-28 15:56:08",
            "2023-09-29 04:37:11",
            "2023-09-29 12:25:25",
            "2023-09-30 03:17:35",
            "2023-09-30 14:39:01",
            "2023-10-01 00:31:12",
            "2023-10-01 14:47:04",
            "2023-10-02 02:42:28",
            "2023-10-02 15:00:29",
            "2023-10-03 02:38:34",
            "2023-10-03 15:50:56",
            "2023-10-04 03:52:59",
            "2023-10-04 15:45:37",
            "2023-10-05 01:33:41",
            "2023-10-05 15:55:22",
            "2023-10-06 01:51:43",
            "2023-10-06 14:32:24",
            "2023-10-07 00:25:42",
            "2023-10-07 15:37:51",
            "2023-10-08 00:27:24",
            "2023-10-08 15:26:11",
            "2023-10-09 01:37:26",
            "2023-10-09 15:30:49",
            "2023-10-10 01:48:59",
            "2023-10-10 15:46:13",
            "2023-10-11 04:45:32",
            "2023-10-11 15:40:34",
            "2023-10-12 02:14:15",
            "2023-10-12 15:53:14",
            "2023-10-13 01:00:20",
            "2023-10-13 15:58:26",
            "2023-10-14 00:29:01",
            "2023-10-14 15:57:57",
            "2023-10-15 00:28:30",
            "2023-10-15 15:17:50",
            "2023-10-16 01:35:57",
            "2023-10-16 14:42:39",
            "2023-10-17 01:26:35",
            "2023-10-17 15:36:55",
            "2023-10-18 02:54:34",
            "2023-10-18 15:53:35",
            "2023-10-19 04:48:10",
            "2023-10-19 15:15:41",
            "2023-10-20 02:34:21",
            "2023-10-20 14:24:05",
            "2023-10-21 02:28:58",
            "2023-10-22 02:27:29",
            "2023-10-23 02:28:35",
            "2023-10-23 15:50:18",
            "2023-10-24 04:24:50",
            "2023-10-24 15:44:31",
            "2023-10-25 03:46:39",
            "2023-10-25 15:04:05",
            "2023-10-26 00:25:23",
            "2023-10-26 13:47:37",
            "2023-10-27 00:29:19",
            "2023-10-27 15:41:18",
            "2023-10-28 02:36:35",
            "2023-10-28 13:25:46",
            "2023-10-29 00:32:38",
            "2023-10-30 00:26:47",
            "2023-10-30 15:10:44",
            "2023-10-31 01:11:35",
            "2023-10-31 15:55:50",
            "2023-11-01 01:37:07",
            "2023-11-01 15:45:28",
            "2023-11-02 02:45:11",
            "2023-11-02 15:33:22",
            "2023-11-03 01:53:15",
            "2023-11-03 15:39:07",
            "2023-11-04 02:19:44",
            "2023-11-04 14:49:14",
            "2023-11-05 03:06:32",
            "2023-11-05 14:18:58",
            "2023-11-06 01:47:35",
            "2023-11-06 15:17:32",
            "2023-11-07 00:26:59",
            "2023-11-07 14:53:17",
            "2023-11-08 01:58:04",
            "2023-11-08 18:35:38",
            "2023-11-09 01:51:41",
            "2023-11-09 15:32:33",
            "2023-11-10 00:47:33",
            "2023-11-10 14:04:57",
            "2023-11-11 02:55:51",
            "2023-11-11 14:28:11",
            "2023-11-12 02:45:23",
            "2023-11-12 13:52:27",
            "2023-11-13 00:28:49",
            "2023-11-13 15:14:42",
            "2023-11-14 02:01:29",
            "2023-11-14 15:54:15",
            "2023-11-15 02:00:13",
            "2023-11-15 15:50:38",
            "2023-11-16 03:17:56",
            "2023-11-16 15:47:02",
            "2023-11-17 02:47:28",
            "2023-11-17 15:50:04",
            "2023-11-18 03:04:38",
            "2023-11-18 13:26:14",
            "2023-11-19 01:57:54",
            "2023-11-19 15:02:19",
            "2023-11-20 00:26:33",
            "2023-11-20 15:52:34",
            "2023-11-21 01:52:44",
            "2023-11-21 15:33:36",
            "2023-11-22 02:07:08",
            "2023-11-22 15:17:10",
            "2023-11-23 01:45:25",
            "2023-11-23 15:46:18",
            "2023-11-24 01:58:07",
            "2023-11-24 15:26:30",
            "2023-11-25 02:32:57",
            "2023-11-25 14:33:50",
            "2023-11-26 02:47:15",
            "2023-11-26 07:14:22",
            "2023-11-27 02:00:03",
            "2023-11-27 13:32:23",
            "2023-11-28 03:15:38",
            "2023-11-28 15:40:21",
            "2023-11-29 01:55:14",
            "2023-11-29 14:43:51",
            "2023-11-30 00:28:06",
            "2023-11-30 15:10:35",
            "2023-12-01 03:44:04",
            "2023-12-01 06:54:18",
            "2023-12-02 00:28:42",
            "2023-12-02 15:34:28",
            "2023-12-03 01:52:47",
            "2023-12-03 14:48:33",
            "2023-12-04 00:28:05",
            "2023-12-04 15:26:16",
            "2023-12-05 03:44:20",
            "2023-12-05 15:14:17",
            "2023-12-06 02:38:02",
            "2023-12-06 15:54:59",
            "2023-12-07 03:20:10",
            "2023-12-07 14:06:13",
            "2023-12-08 03:00:12",
            "2023-12-09 03:10:50",
            "2023-12-09 15:20:10",
            "2023-12-10 02:03:21",
            "2023-12-10 13:47:25",
            "2023-12-11 00:46:55",
            "2023-12-11 15:48:42",
            "2023-12-12 03:15:37",
            "2023-12-12 15:53:56",
            "2023-12-13 01:12:13",
            "2023-12-13 15:46:22",
            "2023-12-14 02:27:01",
            "2023-12-14 15:58:45",
            "2023-12-15 02:41:42",
            "2023-12-15 15:36:46",
            "2023-12-16 00:30:45",
            "2023-12-16 15:44:08",
            "2023-12-17 01:49:28",
            "2023-12-17 13:59:20",
            "2023-12-18 01:53:11",
            "2023-12-18 14:19:58",
            "2023-12-19 01:58:10",
            "2023-12-19 15:58:54",
            "2023-12-20 04:56:25",
            "2023-12-20 10:24:14",
            "2023-12-21 02:14:37",
            "2023-12-21 15:32:59",
            "2023-12-22 00:29:56",
            "2023-12-22 06:44:36",
            "2023-12-23 01:59:42",
            "2023-12-23 14:03:29",
            "2023-12-24 02:44:56",
            "2023-12-24 15:35:41",
            "2023-12-25 00:29:11",
            "2023-12-25 15:36:47",
            "2023-12-26 01:46:30",
            "2023-12-26 14:27:24",
            "2023-12-27 00:27:11",
            "2023-12-27 14:45:32",
            "2023-12-28 02:44:57",
            "2023-12-28 15:01:49",
            "2023-12-29 00:51:34",
            "2023-12-29 15:04:41",
            "2023-12-30 02:54:57",
            "2023-12-30 13:54:18",
            "2023-12-31 01:46:35",
            "2023-12-31 14:17:13",
            "2024-01-01 01:53:51",
            "2024-01-02 03:47:15",
            "2024-01-02 14:26:29",
            "2024-01-03 02:35:19",
            "2024-01-03 14:52:07",
            "2024-01-04 01:58:15",
            "2024-01-04 15:02:31",
            "2024-01-05 04:27:46",
            "2024-01-05 15:20:49",
            "2024-01-06 02:17:24",
            "2024-01-06 13:49:50",
            "2024-01-07 01:56:34",
            "2024-01-07 13:08:44",
            "2024-01-08 00:43:53",
            "2024-01-08 15:55:54",
            "2024-01-09 02:36:01",
            "2024-01-09 09:37:31",
            "2024-01-10 01:22:03",
            "2024-01-10 15:57:29",
            "2024-01-11 03:46:09",
            "2024-01-11 15:49:49",
            "2024-01-12 02:00:09",
            "2024-01-12 14:10:18",
            "2024-01-13 01:54:06",
            "2024-01-13 13:53:47",
            "2024-01-13 15:29:00",
            "2024-01-14 00:29:32",
            "2024-01-14 03:18:34",
            "2024-01-14 15:25:25",
            "2024-01-14 18:43:23",
            "2024-01-15 00:31:20",
            "2024-01-15 02:39:04",
            "2024-01-15 10:22:16",
            "2024-01-15 10:58:09",
            "2024-01-15 12:17:24",
            "2024-01-15 15:22:29",
            "2024-01-15 15:55:54",
            "2024-01-15 16:30:28",
            "2024-01-15 16:46:46",
            "2024-01-15 17:47:31",
            "2024-01-15 18:26:33",
            "2024-01-15 19:07:06",
            "2024-01-15 20:11:25",
            "2024-01-15 20:57:20",
            "2024-01-16 00:27:31",
            "2024-01-16 01:27:04",
            "2024-01-16 14:06:54",
            "2024-01-17 01:33:42",
            "2024-01-18 01:40:43",
            "2024-01-18 10:15:18",
            "2024-01-18 11:36:57",
            "2024-01-18 13:04:34",
            "2024-01-18 14:43:32",
            "2024-01-18 16:38:00",
            "2024-01-18 17:18:48",
            "2024-01-18 17:22:03",
            "2024-01-18 18:37:49",
            "2024-01-18 19:10:39",
            "2024-01-18 19:59:53",
            "2024-01-18 23:51:54",
            "2024-01-19 00:18:25",
            "2024-01-19 01:02:46",
            "2024-01-19 02:28:02",
            "2024-01-19 03:15:30",
            "2024-01-19 06:35:31",
            "2024-01-19 14:31:40",
            "2024-01-19 15:18:20",
            "2024-01-20 02:54:23",
            "2024-01-20 15:16:40",
            "2024-01-21 00:31:26",
            "2024-01-21 15:20:02",
            "2024-01-22 00:37:51",
            "2024-01-22 15:43:14",
            "2024-01-23 04:32:13",
            "2024-01-23 15:53:55",
            "2024-01-24 02:42:55",
            "2024-01-24 14:58:57",
            "2024-01-25 01:38:10",
            "2024-01-25 15:32:25",
            "2024-01-26 02:01:32",
            "2024-01-26 14:50:29",
            "2024-01-27 03:07:21",
            "2024-01-27 13:25:34",
            "2024-01-28 01:37:55",
            "2024-01-28 13:24:06",
            "2024-01-29 01:35:33",
            "2024-01-29 15:02:17",
            "2024-01-30 03:23:08",
            "2024-01-30 15:58:37",
            "2024-01-31 03:30:02",
            "2024-01-31 13:03:09",
            "2024-02-01 02:27:11",
            "2024-02-01 15:26:09",
            "2024-02-02 01:00:14",
            "2024-02-02 15:30:07",
            "2024-02-03 00:26:38",
            "2024-02-04 01:46:46",
            "2024-02-04 15:11:43",
            "2024-02-05 02:46:43",
            "2024-02-05 14:57:28",
            "2024-02-06 02:27:31",
            "2024-02-06 15:27:05",
            "2024-02-07 01:23:22",
            "2024-02-07 15:54:40",
            "2024-02-08 02:51:30",
            "2024-02-08 15:25:49",
            "2024-02-09 03:57:17",
            "2024-02-09 15:56:53",
            "2024-02-10 03:27:29",
            "2024-02-10 06:41:50",
            "2024-02-11 02:30:07",
            "2024-02-11 13:23:46",
            "2024-02-12 03:14:13",
            "2024-02-12 14:41:10",
            "2024-02-13 02:49:57",
            "2024-02-13 15:46:09",
            "2024-02-14 03:03:54",
            "2024-02-14 15:28:35",
            "2024-02-15 04:48:03",
            "2024-02-15 14:51:44",
            "2024-02-16 02:39:13",
            "2024-02-16 14:54:09",
            "2024-02-17 03:24:18",
            "2024-02-18 02:59:34",
            "2024-02-19 00:30:45",
            "2024-02-19 15:44:19",
            "2024-02-20 01:33:19",
            "2024-02-20 15:25:15",
            "2024-02-21 02:56:47",
            "2024-02-21 15:29:54",
            "2024-02-22 03:00:17",
            "2024-02-23 00:26:10",
            "2024-02-23 14:46:13",
            "2024-02-24 00:28:03",
            "2024-02-24 14:29:08",
            "2024-02-25 03:37:58",
            "2024-02-25 15:32:27",
            "2024-02-26 00:29:05",
            "2024-02-26 15:24:26",
            "2024-02-27 04:18:31",
            "2024-02-27 15:22:45",
            "2024-02-28 00:26:34",
            "2024-02-28 15:25:02",
            "2024-02-29 04:12:17",
            "2024-02-29 15:12:31",
            "2024-03-01 02:28:31",
            "2024-03-01 14:29:15",
            "2024-03-02 00:45:43",
            "2024-03-02 14:52:12",
            "2024-03-03 02:57:50",
            "2024-03-03 13:38:25",
            "2024-03-04 02:08:24",
            "2024-03-04 14:36:43",
            "2024-03-05 01:52:24",
            "2024-03-05 15:00:24",
            "2024-03-06 00:28:16",
            "2024-03-06 15:43:18",
            "2024-03-07 02:07:13",
            "2024-03-07 14:15:30",
            "2024-03-08 03:19:10",
            "2024-03-08 15:53:36",
            "2024-03-09 00:27:15",
            "2024-03-09 13:46:42",
            "2024-03-10 01:54:43",
            "2024-03-10 14:20:08",
            "2024-03-11 02:13:43",
            "2024-03-11 15:43:23",
            "2024-03-12 01:32:34",
            "2024-03-12 14:52:32",
            "2024-03-13 03:25:52",
            "2024-03-13 15:51:24",
            "2024-03-14 01:42:52",
            "2024-03-14 15:45:10",
            "2024-03-15 02:59:13"
        ]
    },
    "series": [
        {
            "label": "Timeseries",
            "type": "float",
            "raw": [
                246.0,
                247.0,
                245.0,
                253.0,
                249.0,
                262.0,
                262.0,
                248.0,
                248.0,
                246.0,
                235.0,
                248.0,
                258.0,
                249.0,
                254.0,
                245.0,
                248.0,
                236.0,
                246.0,
                249.0,
                247.0,
                247.0,
                249.0,
                255.5,
                246.0,
                251.0,
                265.0,
                261.0,
                253.9,
                245.4,
                253.9,
                250.7,
                243.1,
                251.9,
                290.5,
                259.9,
                252.5,
                260.3,
                254.4,
                258.2,
                251.6,
                264.5,
                254.1,
                248.3,
                256.1,
                250.3,
                272.5,
                251.1,
                259.5,
                246.6,
                212.9,
                223.4,
                213.9,
                220.6,
                223.5,
                220.1,
                216.5,
                224.0,
                219.4,
                208.3,
                213.5,
                224.4,
                216.2,
                210.8,
                211.6,
                223.3,
                214.9,
                219.9,
                212.8,
                217.9,
                231.5,
                221.9,
                216.7,
                214.7,
                224.8,
                217.4,
                215.1,
                222.2,
                222.8,
                220.8,
                216.5,
                215.4,
                221.4,
                216.7,
                205.8,
                232.03333333333333,
                210.5,
                176.1,
                187.9,
                187.2,
                182.7,
                188.8,
                174.4,
                184.1,
                181.1,
                184.3,
                187.8,
                184.9,
                198.4,
                190.5,
                225.2,
                189.8,
                185.1,
                178.7,
                187.1,
                179.4,
                188.8,
                178.4,
                201.0,
                182.6,
                189.1,
                191.3,
                181.5,
                188.4,
                193.8,
                182.6,
                206.1,
                202.2,
                185.1,
                186.7,
                188.3,
                191.0,
                192.6,
                183.4,
                209.7,
                193.3,
                244.7,
                215.8,
                179.6,
                175.9,
                191.1,
                190.5,
                186.4,
                189.0,
                181.7,
                188.1,
                178.6,
                178.8,
                183.2,
                194.5,
                191.3,
                184.9,
                187.8,
                185.5,
                182.1,
                186.1,
                196.8,
                185.6,
                186.4,
                170.8,
                189.5,
                194.7,
                187.7,
                191.7,
                187.9,
                183.8,
                198.1,
                184.1,
                189.5,
                191.1,
                185.9,
                178.9,
                189.9,
                192.6,
                180.1,
                174.2,
                166.6,
                164.3,
                158.6,
                164.3,
                170.3,
                170.4,
                173.7,
                169.7,
                174.0,
                176.4,
                181.8,
                163.0,
                156.5,
                161.6,
                167.4,
                180.8,
                173.4,
                181.6,
                177.3,
                166.8,
                171.1,
                177.5,
                174.6,
                172.3,
                163.6,
                163.0,
                180.7,
                177.8,
                171.7,
                169.5,
                169.1,
                188.9,
                202.8,
                185.5,
                187.9,
                187.1,
                193.3,
                190.8,
                192.7,
                235.1,
                183.0,
                183.8,
                194.2,
                190.8,
                189.1,
                202.9,
                186.9,
                193.6,
                188.8,
                190.7,
                195.4,
                188.8,
                200.7,
                188.5,
                192.9,
                233.1,
                187.6,
                202.8,
                190.1,
                207.6,
                209.0,
                195.6,
                228.9,
                186.8,
                210.0,
                178.0,
                191.8,
                192.4,
                219.3,
                196.5,
                193.3,
                207.8,
                176.5,
                171.0,
                192.7,
                184.3,
                205.5,
                210.5,
                202.2,
                191.1,
                194.4,
                208.8,
                195.7,
                194.2,
                205.7,
                193.6,
                201.0,
                207.5,
                204.3,
                178.8,
                192.3,
                195.7,
                204.6,
                183.6,
                193.7,
                205.9,
                188.0,
                199.0,
                205.1,
                217.0,
                209.6,
                195.5,
                200.1,
                183.6,
                202.8,
                195.5,
                262.1,
                189.0,
                188.6,
                200.3,
                185.4,
                190.3,
                238.5,
                187.0,
                205.9,
                199.6,
                198.6,
                193.6,
                188.1,
                195.25,
                182.5,
                204.9,
                218.5,
                198.7,
                199.4,
                221.2,
                208.9,
                219.4,
                193.6,
                202.5,
                245.2,
                206.6,
                197.2,
                197.9,
                203.5,
                255.4,
                201.2,
                208.1,
                196.7,
                202.3,
                211.7,
                200.7,
                195.8,
                184.7,
                210.8,
                204.6,
                190.8,
                207.0,
                244.0,
                213.0,
                214.1,
                208.3,
                197.1,
                204.2,
                210.2,
                201.8,
                207.0,
                201.2,
                200.6,
                218.9,
                230.2,
                202.3,
                201.1,
                215.5,
                233.1,
                217.8,
                221.0,
                227.3,
                225.9,
                218.4,
                219.1,
                255.6,
                227.4,
                209.5,
                228.2,
                213.6,
                225.3,
                248.2,
                218.6,
                215.9,
                224.0,
                218.8,
                214.0,
                232.7,
                211.4,
                220.2,
                257.1,
                224.9,
                227.7,
                217.4,
                204.7,
                217.2,
                215.7,
                213.6,
                204.9,
                223.3,
                259.0,
                225.8,
                228.5,
                202.1,
                215.7,
                212.8,
                201.3,
                213.4,
                210.8,
                187.5,
                196.9,
                200.3,
                218.9,
                203.7,
                177.8,
                192.55,
                200.4,
                179.2,
                205.1,
                206.5,
                197.5,
                189.5,
                189.4,
                197.6,
                198.8,
                197.9,
                212.9,
                205.3,
                190.2,
                200.5,
                206.2,
                201.0,
                202.9,
                204.2,
                207.4,
                191.8,
                197.1,
                201.3,
                199.7,
                233.6,
                213.0,
                235.7,
                184.9,
                179.9,
                182.4,
                212.8,
                201.8,
                198.4,
                215.3,
                200.2,
                204.4,
                191.5,
                201.9,
                203.3,
                206.8,
                203.5,
                205.1,
                191.9,
                198.9,
                194.4,
                191.4,
                201.2,
                190.2,
                212.1,
                204.4,
                182.6,
                203.4,
                200.6,
                185.2,
                208.4,
                206.9,
                190.3,
                200.8,
                214.4,
                232.1,
                210.4,
                198.4,
                205.2,
                201.4,
                207.5,
                183.4,
                215.3,
                200.7,
                204.0,
                198.4,
                197.8,
                201.0,
                211.7,
                203.96,
                200.88,
                198.225,
                260.48,
                264.56,
                264.04,
                267.5,
                269.6,
                1879.8,
                251.7,
                251.2,
                268.4,
                230.8,
                261.8,
                243.3,
                274.4,
                253.0,
                247.6,
                257.4,
                272.7,
                228.9,
                251.4,
                242.7,
                260.5,
                260.1,
                236.9,
                251.7,
                258.14,
                247.58,
                242.1,
                238.28000000000003,
                245.7,
                256.3,
                238.9,
                236.0,
                237.3,
                243.9,
                218.6,
                236.5,
                251.6,
                248.1,
                246.4,
                250.3,
                235.2,
                251.3,
                248.7,
                259.9,
                240.4,
                234.5,
                240.5,
                248.6,
                248.6,
                248.7,
                253.7,
                237.3,
                256.3,
                236.3,
                235.3,
                250.5,
                243.1,
                225.6,
                252.4,
                241.4,
                231.3,
                231.6,
                246.6,
                246.9,
                220.4,
                263.5,
                238.45,
                249.3,
                235.8,
                255.1,
                227.1,
                242.4,
                237.2,
                247.0,
                226.8,
                237.7,
                239.8,
                239.6,
                256.7,
                250.6,
                240.8,
                230.7,
                237.6,
                241.8,
                253.3,
                232.1,
                245.7,
                247.0,
                261.2,
                256.2,
                238.5,
                241.9,
                252.8,
                252.15,
                245.25,
                236.6,
                228.7,
                251.7,
                239.0,
                240.7,
                244.0,
                250.2,
                244.4,
                254.5,
                255.9,
                249.0,
                249.0,
                243.9,
                236.2,
                268.7,
                216.8,
                253.8,
                227.9,
                263.1,
                262.5,
                250.1,
                247.4,
                228.6,
                255.6,
                246.3,
                245.8,
                259.4,
                264.0,
                243.5,
                234.4,
                260.5,
                247.4,
                248.6,
                266.5,
                246.1,
                242.6,
                244.7,
                248.8,
                248.9,
                250.6,
                253.1,
                252.7,
                240.6,
                263.1,
                245.7,
                232.5,
                254.0,
                247.8,
                247.3,
                248.9
            ]
        }
    ]
}