{
    "name": "4967322",
    "longname": "4967322 timeseries",
    "n_obs": 838,
    "n_dim": 1,
    "time": {
        "type": "string",
        "format": "%Y-%m-%d %H:%M:%S",
        "index": [
            0,
            1,
            2,
            3,
            4,
            5,
            6,
            7,
            8,
            9,
            10,
            11,
            12,
            13,
            14,
            15,
            16,
            17,
            18,
            19,
            20,
            21,
            22,
            23,
            24,
            25,
            26,
            27,
            28,
            29,
            30,
            31,
            32,
            33,
            34,
            35,
            36,
            37,
            38,
            39,
            40,
            41,
            42,
            43,
            44,
            45,
            46,
            47,
            48,
            49,
            50,
            51,
            52,
            53,
            54,
            55,
            56,
            57,
            58,
            59,
            60,
            61,
            62,
            63,
            64,
            65,
            66,
            67,
            68,
            69,
            70,
            71,
            72,
            73,
            74,
            75,
            76,
            77,
            78,
            79,
            80,
            81,
            82,
            83,
            84,
            85,
            86,
            87,
            88,
            89,
            90,
            91,
            92,
            93,
            94,
            95,
            96,
            97,
            98,
            99,
            100,
            101,
            102,
            103,
            104,
            105,
            106,
            107,
            108,
            109,
            110,
            111,
            112,
            113,
            114,
            115,
            116,
            117,
            118,
            119,
            120,
            121,
            122,
            123,
            124,
            125,
            126,
            127,
            128,
            129,
            130,
            131,
            132,
            133,
            134,
            135,
            136,
            137,
            138,
            139,
            140,
            141,
            142,
            143,
            144,
            145,
            146,
            147,
            148,
            149,
            150,
            151,
            152,
            153,
            154,
            155,
            156,
            157,
            158,
            159,
            160,
            161,
            162,
            163,
            164,
            165,
            166,
            167,
            168,
            169,
            170,
            171,
            172,
            173,
            174,
            175,
            176,
            177,
            178,
            179,
            180,
            181,
            182,
            183,
            184,
            185,
            186,
            187,
            188,
            189,
            190,
            191,
            192,
            193,
            194,
            195,
            196,
            197,
            198,
            199,
            200,
            201,
            202,
            203,
            204,
            205,
            206,
            207,
            208,
            209,
            210,
            211,
            212,
            213,
            214,
            215,
            216,
            217,
            218,
            219,
            220,
            221,
            222,
            223,
            224,
            225,
            226,
            227,
            228,
            229,
            230,
            231,
            232,
            233,
            234,
            235,
            236,
            237,
            238,
            239,
            240,
            241,
            242,
            243,
            244,
            245,
            246,
            247,
            248,
            249,
            250,
            251,
            252,
            253,
            254,
            255,
            256,
            257,
            258,
            259,
            260,
            261,
            262,
            263,
            264,
            265,
            266,
            267,
            268,
            269,
            270,
            271,
            272,
            273,
            274,
            275,
            276,
            277,
            278,
            279,
            280,
            281,
            282,
            283,
            284,
            285,
            286,
            287,
            288,
            289,
            290,
            291,
            292,
            293,
            294,
            295,
            296,
            297,
            298,
            299,
            300,
            301,
            302,
            303,
            304,
            305,
            306,
            307,
            308,
            309,
            310,
            311,
            312,
            313,
            314,
            315,
            316,
            317,
            318,
            319,
            320,
            321,
            322,
            323,
            324,
            325,
            326,
            327,
            328,
            329,
            330,
            331,
            332,
            333,
            334,
            335,
            336,
            337,
            338,
            339,
            340,
            341,
            342,
            343,
            344,
            345,
            346,
            347,
            348,
            349,
            350,
            351,
            352,
            353,
            354,
            355,
            356,
            357,
            358,
            359,
            360,
            361,
            362,
            363,
            364,
            365,
            366,
            367,
            368,
            369,
            370,
            371,
            372,
            373,
            374,
            375,
            376,
            377,
            378,
            379,
            380,
            381,
            382,
            383,
            384,
            385,
            386,
            387,
            388,
            389,
            390,
            391,
            392,
            393,
            394,
            395,
            396,
            397,
            398,
            399,
            400,
            401,
            402,
            403,
            404,
            405,
            406,
            407,
            408,
            409,
            410,
            411,
            412,
            413,
            414,
            415,
            416,
            417,
            418,
            419,
            420,
            421,
            422,
            423,
            424,
            425,
            426,
            427,
            428,
            429,
            430,
            431,
            432,
            433,
            434,
            435,
            436,
            437,
            438,
            439,
            440,
            441,
            442,
            443,
            444,
            445,
            446,
            447,
            448,
            449,
            450,
            451,
            452,
            453,
            454,
            455,
            456,
            457,
            458,
            459,
            460,
            461,
            462,
            463,
            464,
            465,
            466,
            467,
            468,
            469,
            470,
            471,
            472,
            473,
            474,
            475,
            476,
            477,
            478,
            479,
            480,
            481,
            482,
            483,
            484,
            485,
            486,
            487,
            488,
            489,
            490,
            491,
            492,
            493,
            494,
            495,
            496,
            497,
            498,
            499,
            500,
            501,
            502,
            503,
            504,
            505,
            506,
            507,
            508,
            509,
            510,
            511,
            512,
            513,
            514,
            515,
            516,
            517,
            518,
            519,
            520,
            521,
            522,
            523,
            524,
            525,
            526,
            527,
            528,
            529,
            530,
            531,
            532,
            533,
            534,
            535,
            536,
            537,
            538,
            539,
            540,
            541,
            542,
            543,
            544,
            545,
            546,
            547,
            548,
            549,
            550,
            551,
            552,
            553,
            554,
            555,
            556,
            557,
            558,
            559,
            560,
            561,
            562,
            563,
            564,
            565,
            566,
            567,
            568,
            569,
            570,
            571,
            572,
            573,
            574,
            575,
            576,
            577,
            578,
            579,
            580,
            581,
            582,
            583,
            584,
            585,
            586,
            587,
            588,
            589,
            590,
            591,
            592,
            593,
            594,
            595,
            596,
            597,
            598,
            599,
            600,
            601,
            602,
            603,
            604,
            605,
            606,
            607,
            608,
            609,
            610,
            611,
            612,
            613,
            614,
            615,
            616,
            617,
            618,
            619,
            620,
            621,
            622,
            623,
            624,
            625,
            626,
            627,
            628,
            629,
            630,
            631,
            632,
            633,
            634,
            635,
            636,
            637,
            638,
            639,
            640,
            641,
            642,
            643,
            644,
            645,
            646,
            647,
            648,
            649,
            650,
            651,
            652,
            653,
            654,
            655,
            656,
            657,
            658,
            659,
            660,
            661,
            662,
            663,
            664,
            665,
            666,
            667,
            668,
            669,
            670,
            671,
            672,
            673,
            674,
            675,
            676,
            677,
            678,
            679,
            680,
            681,
            682,
            683,
            684,
            685,
            686,
            687,
            688,
            689,
            690,
            691,
            692,
            693,
            694,
            695,
            696,
            697,
            698,
            699,
            700,
            701,
            702,
            703,
            704,
            705,
            706,
            707,
            708,
            709,
            710,
            711,
            712,
            713,
            714,
            715,
            716,
            717,
            718,
            719,
            720,
            721,
            722,
            723,
            724,
            725,
            726,
            727,
            728,
            729,
            730,
            731,
            732,
            733,
            734,
            735,
            736,
            737,
            738,
            739,
            740,
            741,
            742,
            743,
            744,
            745,
            746,
            747,
            748,
            749,
            750,
            751,
            752,
            753,
            754,
            755,
            756,
            757,
            758,
            759,
            760,
            761,
            762,
            763,
            764,
            765,
            766,
            767,
            768,
            769,
            770,
            771,
            772,
            773,
            774,
            775,
            776,
            777,
            778,
            779,
            780,
            781,
            782,
            783,
            784,
            785,
            786,
            787,
            788,
            789,
            790,
            791,
            792,
            793,
            794,
            795,
            796,
            797,
            798,
            799,
            800,
            801,
            802,
            803,
            804,
            805,
            806,
            807,
            808,
            809,
            810,
            811,
            812,
            813,
            814,
            815,
            816,
            817,
            818,
            819,
            820,
            821,
            822,
            823,
            824,
            825,
            826,
            827,
            828,
            829,
            830,
            831,
            832,
            833,
            834,
            835,
            836,
            837
        ],
        "raw": [
            "2023-11-29 17:15:33",
            "2023-11-29 19:16:04",
            "2023-11-29 19:32:59",
            "2023-11-29 19:55:03",
            "2023-11-30 20:25:57",
            "2023-11-30 21:22:54",
            "2023-11-30 21:33:14",
            "2023-11-30 21:34:07",
            "2023-11-30 21:38:57",
            "2023-11-30 21:44:16",
            "2023-11-30 21:46:01",
            "2023-11-30 21:47:47",
            "2023-11-30 21:55:30",
            "2023-11-30 22:19:26",
            "2023-11-30 22:21:08",
            "2023-11-30 22:22:03",
            "2023-11-30 22:25:09",
            "2023-11-30 22:26:11",
            "2023-11-30 22:49:41",
            "2023-11-30 22:50:54",
            "2023-11-30 22:53:12",
            "2023-11-30 22:54:04",
            "2023-11-30 23:20:40",
            "2023-12-01 00:26:36",
            "2023-12-01 00:28:35",
            "2023-12-01 00:29:31",
            "2023-12-01 00:34:50",
            "2023-12-01 00:41:44",
            "2023-12-01 00:42:56",
            "2023-12-01 00:44:36",
            "2023-12-01 01:53:34",
            "2023-12-01 01:58:39",
            "2023-12-01 03:29:20",
            "2023-12-01 03:30:14",
            "2023-12-01 04:26:34",
            "2023-12-01 05:49:55",
            "2023-12-01 06:36:13",
            "2023-12-01 06:39:57",
            "2023-12-01 06:40:57",
            "2023-12-01 06:41:57",
            "2023-12-01 07:03:56",
            "2023-12-01 07:13:54",
            "2023-12-01 11:47:02",
            "2023-12-01 14:17:01",
            "2023-12-01 17:28:20",
            "2023-12-01 20:34:55",
            "2023-12-02 08:10:23",
            "2023-12-02 08:56:34",
            "2023-12-02 14:39:28",
            "2023-12-02 18:55:31",
            "2023-12-03 00:49:27",
            "2023-12-03 05:05:07",
            "2023-12-03 10:45:57",
            "2023-12-03 12:21:22",
            "2023-12-03 18:05:44",
            "2023-12-04 01:54:51",
            "2023-12-04 11:05:28",
            "2023-12-04 11:06:23",
            "2023-12-04 14:54:31",
            "2023-12-04 19:05:48",
            "2023-12-04 22:13:56",
            "2023-12-05 02:36:15",
            "2023-12-05 03:50:36",
            "2023-12-05 08:48:01",
            "2023-12-05 11:07:31",
            "2023-12-05 15:11:37",
            "2023-12-05 16:28:46",
            "2023-12-05 20:37:35",
            "2023-12-05 21:38:52",
            "2023-12-06 02:13:38",
            "2023-12-06 09:09:58",
            "2023-12-06 13:42:54",
            "2023-12-06 14:11:26",
            "2023-12-06 18:17:17",
            "2023-12-06 22:50:02",
            "2023-12-07 04:18:34",
            "2023-12-07 09:07:30",
            "2023-12-07 12:51:56",
            "2023-12-07 21:41:48",
            "2023-12-07 22:56:27",
            "2023-12-08 04:49:01",
            "2023-12-08 09:01:47",
            "2023-12-08 14:53:30",
            "2023-12-08 20:09:00",
            "2023-12-09 00:35:37",
            "2023-12-09 00:36:34",
            "2023-12-09 11:58:04",
            "2023-12-09 16:44:21",
            "2023-12-09 17:32:11",
            "2023-12-10 03:19:38",
            "2023-12-11 00:42:11",
            "2023-12-11 06:57:03",
            "2023-12-11 09:13:41",
            "2023-12-11 13:39:55",
            "2023-12-11 15:49:45",
            "2023-12-11 18:22:43",
            "2023-12-11 21:32:13",
            "2023-12-12 01:33:17",
            "2023-12-12 04:01:22",
            "2023-12-12 08:08:04",
            "2023-12-12 13:15:06",
            "2023-12-12 13:20:17",
            "2023-12-12 17:56:51",
            "2023-12-12 18:39:48",
            "2023-12-12 20:06:07",
            "2023-12-13 00:40:28",
            "2023-12-13 01:59:28",
            "2023-12-13 03:53:55",
            "2023-12-13 08:08:28",
            "2023-12-13 10:08:23",
            "2023-12-13 13:51:07",
            "2023-12-13 17:42:49",
            "2023-12-13 20:42:40",
            "2023-12-14 01:23:55",
            "2023-12-14 06:57:49",
            "2023-12-14 09:15:58",
            "2023-12-14 13:22:59",
            "2023-12-14 15:25:58",
            "2023-12-14 19:45:40",
            "2023-12-14 21:45:13",
            "2023-12-15 01:58:19",
            "2023-12-15 11:00:39",
            "2023-12-15 15:09:59",
            "2023-12-15 20:18:56",
            "2023-12-16 02:28:17",
            "2023-12-16 14:03:11",
            "2023-12-17 06:27:55",
            "2023-12-17 14:26:46",
            "2023-12-18 01:43:16",
            "2023-12-18 05:48:57",
            "2023-12-18 10:08:52",
            "2023-12-18 14:56:17",
            "2023-12-18 15:53:23",
            "2023-12-18 18:13:05",
            "2023-12-18 20:47:25",
            "2023-12-19 00:56:17",
            "2023-12-19 02:00:57",
            "2023-12-19 06:19:40",
            "2023-12-19 10:31:52",
            "2023-12-19 10:59:27",
            "2023-12-19 15:05:00",
            "2023-12-19 15:55:04",
            "2023-12-19 20:21:31",
            "2023-12-19 21:18:40",
            "2023-12-20 02:06:01",
            "2023-12-20 04:26:18",
            "2023-12-20 09:15:46",
            "2023-12-20 13:10:00",
            "2023-12-20 17:43:19",
            "2023-12-20 21:55:32",
            "2023-12-20 21:58:53",
            "2023-12-21 03:06:09",
            "2023-12-21 06:56:11",
            "2023-12-21 11:39:11",
            "2023-12-21 13:05:54",
            "2023-12-21 18:00:27",
            "2023-12-21 18:17:05",
            "2023-12-21 22:08:07",
            "2023-12-22 08:16:59",
            "2023-12-22 13:33:45",
            "2023-12-22 13:41:08",
            "2023-12-22 19:27:05",
            "2023-12-23 00:08:27",
            "2023-12-23 05:47:03",
            "2023-12-23 08:44:57",
            "2023-12-23 15:53:06",
            "2023-12-24 06:04:04",
            "2023-12-24 13:46:59",
            "2023-12-24 18:13:48",
            "2023-12-25 01:21:58",
            "2023-12-25 05:53:22",
            "2023-12-25 12:57:04",
            "2023-12-25 17:10:06",
            "2023-12-25 21:32:12",
            "2023-12-26 03:31:03",
            "2023-12-26 07:50:55",
            "2023-12-26 11:52:29",
            "2023-12-27 02:56:18",
            "2023-12-27 14:58:54",
            "2023-12-27 20:22:55",
            "2023-12-28 01:36:38",
            "2023-12-28 13:32:35",
            "2023-12-28 17:48:27",
            "2023-12-28 23:04:44",
            "2023-12-29 05:51:26",
            "2023-12-29 14:24:04",
            "2023-12-29 16:09:29",
            "2023-12-29 20:10:09",
            "2023-12-30 03:46:41",
            "2023-12-30 08:00:00",
            "2023-12-30 12:53:05",
            "2023-12-30 17:18:37",
            "2023-12-31 00:47:53",
            "2023-12-31 16:29:03",
            "2023-12-31 21:56:05",
            "2024-01-01 15:22:20",
            "2024-01-01 20:27:36",
            "2024-01-02 07:16:40",
            "2024-01-02 11:19:41",
            "2024-01-02 15:21:54",
            "2024-01-02 15:38:43",
            "2024-01-02 20:40:29",
            "2024-01-03 08:18:49",
            "2024-01-03 12:27:12",
            "2024-01-03 16:19:36",
            "2024-01-03 20:41:01",
            "2024-01-03 20:57:48",
            "2024-01-04 01:41:43",
            "2024-01-04 05:54:21",
            "2024-01-04 11:10:14",
            "2024-01-04 15:17:03",
            "2024-01-04 15:42:51",
            "2024-01-04 19:37:18",
            "2024-01-05 00:18:01",
            "2024-01-05 00:22:57",
            "2024-01-05 04:43:02",
            "2024-01-05 08:43:49",
            "2024-01-05 12:49:29",
            "2024-01-05 17:02:32",
            "2024-01-05 19:52:18",
            "2024-01-06 00:04:36",
            "2024-01-06 00:21:54",
            "2024-01-06 12:48:14",
            "2024-01-06 17:09:10",
            "2024-01-06 21:44:09",
            "2024-01-07 23:26:49",
            "2024-01-08 02:39:55",
            "2024-01-08 11:59:03",
            "2024-01-08 15:57:02",
            "2024-01-08 20:04:05",
            "2024-01-09 02:28:42",
            "2024-01-09 11:20:33",
            "2024-01-09 11:56:06",
            "2024-01-09 16:23:43",
            "2024-01-09 17:04:21",
            "2024-01-09 20:55:28",
            "2024-01-09 23:58:45",
            "2024-01-10 06:33:00",
            "2024-01-10 10:37:21",
            "2024-01-10 11:50:05",
            "2024-01-10 15:53:53",
            "2024-01-10 20:02:55",
            "2024-01-11 01:22:24",
            "2024-01-11 07:34:58",
            "2024-01-11 09:13:52",
            "2024-01-11 13:33:40",
            "2024-01-11 15:31:24",
            "2024-01-11 19:45:18",
            "2024-01-11 20:05:09",
            "2024-01-12 01:35:24",
            "2024-01-12 05:09:20",
            "2024-01-12 09:17:33",
            "2024-01-12 09:50:00",
            "2024-01-12 13:58:07",
            "2024-01-12 15:59:03",
            "2024-01-12 19:38:29",
            "2024-01-12 23:40:01",
            "2024-01-13 08:47:40",
            "2024-01-13 14:38:07",
            "2024-01-13 23:22:39",
            "2024-01-14 13:25:52",
            "2024-01-15 05:08:04",
            "2024-01-15 06:43:10",
            "2024-01-15 11:02:38",
            "2024-01-15 13:01:22",
            "2024-01-15 16:45:21",
            "2024-01-15 21:04:35",
            "2024-01-16 02:30:18",
            "2024-01-16 03:41:09",
            "2024-01-16 08:02:14",
            "2024-01-16 12:14:54",
            "2024-01-16 16:10:42",
            "2024-01-16 18:47:57",
            "2024-01-16 21:05:47",
            "2024-01-17 00:27:37",
            "2024-01-17 05:04:36",
            "2024-01-17 09:39:35",
            "2024-01-17 11:04:44",
            "2024-01-17 15:07:48",
            "2024-01-17 15:18:54",
            "2024-01-17 23:49:06",
            "2024-01-17 23:52:50",
            "2024-01-18 01:49:32",
            "2024-01-18 06:50:06",
            "2024-01-18 10:52:50",
            "2024-01-18 13:21:23",
            "2024-01-18 17:52:02",
            "2024-01-18 23:10:50",
            "2024-01-18 23:17:45",
            "2024-01-19 04:17:47",
            "2024-01-19 10:07:40",
            "2024-01-19 10:28:03",
            "2024-01-19 14:55:23",
            "2024-01-19 19:17:59",
            "2024-01-20 00:04:44",
            "2024-01-20 04:18:19",
            "2024-01-21 00:59:25",
            "2024-01-21 14:36:57",
            "2024-01-22 07:43:27",
            "2024-01-22 10:58:56",
            "2024-01-22 15:24:53",
            "2024-01-22 15:55:20",
            "2024-01-22 22:04:08",
            "2024-01-23 00:22:14",
            "2024-01-23 05:54:31",
            "2024-01-23 14:14:29",
            "2024-01-23 14:50:16",
            "2024-01-23 16:09:55",
            "2024-01-23 19:03:54",
            "2024-01-23 22:21:15",
            "2024-01-24 02:38:58",
            "2024-01-24 06:43:12",
            "2024-01-24 06:57:11",
            "2024-01-24 11:40:35",
            "2024-01-24 16:03:05",
            "2024-01-24 18:01:21",
            "2024-01-24 22:08:16",
            "2024-01-25 05:05:51",
            "2024-01-25 07:56:38",
            "2024-01-25 12:05:33",
            "2024-01-25 15:26:29",
            "2024-01-25 20:50:47",
            "2024-01-25 20:51:29",
            "2024-01-26 03:41:27",
            "2024-01-26 11:04:34",
            "2024-01-26 15:49:43",
            "2024-01-26 15:52:38",
            "2024-01-26 20:02:47",
            "2024-01-26 20:05:08",
            "2024-01-27 06:05:38",
            "2024-01-27 14:01:44",
            "2024-01-28 01:17:56",
            "2024-01-28 06:00:30",
            "2024-01-28 10:01:02",
            "2024-01-28 14:31:15",
            "2024-01-29 01:40:26",
            "2024-01-29 10:50:43",
            "2024-01-29 11:04:48",
            "2024-01-29 11:07:59",
            "2024-01-29 11:26:38",
            "2024-01-29 12:22:32",
            "2024-01-29 12:28:53",
            "2024-01-29 12:50:09",
            "2024-01-29 13:07:07",
            "2024-01-29 13:07:47",
            "2024-01-29 13:30:13",
            "2024-01-29 13:43:26",
            "2024-01-29 14:02:29",
            "2024-01-29 14:06:04",
            "2024-01-29 14:15:50",
            "2024-01-29 14:20:20",
            "2024-01-29 14:21:15",
            "2024-01-29 14:23:26",
            "2024-01-29 14:49:13",
            "2024-01-29 14:53:09",
            "2024-01-29 14:59:33",
            "2024-01-29 16:19:04",
            "2024-01-29 16:19:54",
            "2024-01-29 16:20:37",
            "2024-01-29 16:21:25",
            "2024-01-29 16:31:54",
            "2024-01-29 16:40:41",
            "2024-01-29 16:44:34",
            "2024-01-29 16:50:08",
            "2024-01-29 16:58:30",
            "2024-01-29 17:03:45",
            "2024-01-29 17:07:53",
            "2024-01-29 17:15:08",
            "2024-01-29 17:41:54",
            "2024-01-29 17:45:12",
            "2024-01-29 17:45:54",
            "2024-01-29 17:46:45",
            "2024-01-29 21:21:15",
            "2024-01-30 01:21:53",
            "2024-01-30 13:09:07",
            "2024-01-30 13:14:31",
            "2024-01-30 14:29:15",
            "2024-01-30 18:56:21",
            "2024-01-30 20:08:25",
            "2024-01-31 00:31:01",
            "2024-01-31 00:32:30",
            "2024-01-31 05:59:52",
            "2024-01-31 10:01:40",
            "2024-01-31 13:01:30",
            "2024-01-31 17:27:18",
            "2024-01-31 18:39:44",
            "2024-01-31 21:40:54",
            "2024-02-01 02:14:37",
            "2024-02-01 06:47:17",
            "2024-02-01 11:14:36",
            "2024-02-01 13:09:51",
            "2024-02-01 17:13:14",
            "2024-02-01 18:09:58",
            "2024-02-01 22:12:05",
            "2024-02-01 22:19:46",
            "2024-02-02 02:49:20",
            "2024-02-02 13:54:17",
            "2024-02-02 14:44:09",
            "2024-02-02 19:53:24",
            "2024-02-02 21:53:09",
            "2024-02-03 02:32:07",
            "2024-02-03 06:48:17",
            "2024-02-03 09:08:28",
            "2024-02-03 16:51:05",
            "2024-02-04 01:32:05",
            "2024-02-04 11:04:08",
            "2024-02-04 18:26:12",
            "2024-02-05 01:14:58",
            "2024-02-05 06:38:18",
            "2024-02-05 11:13:48",
            "2024-02-05 15:06:21",
            "2024-02-05 18:46:19",
            "2024-02-05 23:26:30",
            "2024-02-06 03:53:00",
            "2024-02-06 07:31:17",
            "2024-02-06 11:44:40",
            "2024-02-06 17:15:13",
            "2024-02-06 17:24:04",
            "2024-02-07 04:17:01",
            "2024-02-07 04:22:59",
            "2024-02-07 08:54:39",
            "2024-02-07 09:01:16",
            "2024-02-07 13:03:40",
            "2024-02-07 14:05:10",
            "2024-02-07 17:25:01",
            "2024-02-07 21:31:39",
            "2024-02-07 21:36:53",
            "2024-02-08 01:47:30",
            "2024-02-08 02:38:53",
            "2024-02-08 07:03:19",
            "2024-02-08 14:56:42",
            "2024-02-08 16:03:43",
            "2024-02-08 22:41:03",
            "2024-02-08 23:27:55",
            "2024-02-09 04:08:21",
            "2024-02-09 08:27:03",
            "2024-02-09 11:56:29",
            "2024-02-09 16:09:01",
            "2024-02-09 17:06:42",
            "2024-02-09 21:47:15",
            "2024-02-10 07:03:30",
            "2024-02-10 13:47:16",
            "2024-02-10 17:58:32",
            "2024-02-11 02:31:23",
            "2024-02-11 15:25:51",
            "2024-02-12 15:53:07",
            "2024-02-12 20:04:04",
            "2024-02-12 20:15:07",
            "2024-02-13 00:22:17",
            "2024-02-13 02:51:29",
            "2024-02-13 06:57:28",
            "2024-02-13 09:49:45",
            "2024-02-13 13:45:34",
            "2024-02-13 16:46:39",
            "2024-02-14 00:47:09",
            "2024-02-14 01:35:59",
            "2024-02-14 05:55:05",
            "2024-02-14 15:32:04",
            "2024-02-14 15:37:30",
            "2024-02-14 20:39:05",
            "2024-02-15 00:51:05",
            "2024-02-15 04:52:31",
            "2024-02-15 12:49:34",
            "2024-02-15 16:23:45",
            "2024-02-15 20:44:46",
            "2024-02-15 22:19:13",
            "2024-02-16 06:24:45",
            "2024-02-16 14:55:53",
            "2024-02-17 16:55:38",
            "2024-02-19 03:31:58",
            "2024-02-19 10:14:02",
            "2024-02-19 12:40:02",
            "2024-02-19 16:50:13",
            "2024-02-19 20:56:27",
            "2024-02-19 22:19:49",
            "2024-02-20 03:01:00",
            "2024-02-20 09:01:06",
            "2024-02-20 16:46:59",
            "2024-02-20 20:06:07",
            "2024-02-21 00:08:41",
            "2024-02-21 00:41:01",
            "2024-02-21 00:44:38",
            "2024-02-21 01:14:45",
            "2024-02-21 01:21:58",
            "2024-02-21 01:46:27",
            "2024-02-21 02:44:54",
            "2024-02-21 02:56:32",
            "2024-02-21 03:01:49",
            "2024-02-21 03:34:23",
            "2024-02-21 05:21:04",
            "2024-02-22 16:54:14",
            "2024-02-22 21:59:43",
            "2024-02-23 07:23:44",
            "2024-02-23 22:24:23",
            "2024-02-26 15:06:28",
            "2024-02-29 00:51:41",
            "2024-02-29 01:20:40",
            "2024-02-29 10:50:05",
            "2024-02-29 17:24:54",
            "2024-02-29 17:36:34",
            "2024-02-29 21:50:05",
            "2024-03-01 15:18:33",
            "2024-03-02 18:47:19",
            "2024-03-04 06:32:50",
            "2024-03-04 20:31:42",
            "2024-03-05 05:25:14",
            "2024-03-05 15:52:09",
            "2024-03-06 22:58:04",
            "2024-03-07 03:21:51",
            "2024-03-07 06:37:03",
            "2024-03-07 10:49:51",
            "2024-03-07 13:27:03",
            "2024-03-07 20:11:01",
            "2024-03-08 00:14:27",
            "2024-03-08 01:03:56",
            "2024-03-08 09:44:20",
            "2024-03-08 13:47:55",
            "2024-03-08 15:54:44",
            "2024-03-09 00:01:41",
            "2024-03-09 00:02:45",
            "2024-03-09 00:03:40",
            "2024-03-09 05:38:15",
            "2024-03-09 10:41:02",
            "2024-03-09 15:33:05",
            "2024-03-09 20:59:44",
            "2024-03-10 13:59:13",
            "2024-03-10 18:05:45",
            "2024-03-11 02:48:56",
            "2024-03-11 09:18:44",
            "2024-03-11 13:24:20",
            "2024-03-11 14:23:46",
            "2024-03-11 18:03:14",
            "2024-03-11 19:41:42",
            "2024-03-12 03:06:47",
            "2024-03-12 07:06:36",
            "2024-03-12 11:26:19",
            "2024-03-12 14:58:20",
            "2024-03-12 19:37:06",
            "2024-03-12 23:13:34",
            "2024-03-13 07:01:16",
            "2024-03-13 11:15:45",
            "2024-03-13 15:23:46",
            "2024-03-13 15:33:19",
            "2024-03-13 18:41:03",
            "2024-03-13 21:49:05",
            "2024-03-14 04:20:25",
            "2024-03-14 06:52:21",
            "2024-03-14 10:59:46",
            "2024-03-14 17:45:33",
            "2024-03-14 21:51:03",
            "2024-03-15 00:00:33",
            "2024-03-15 06:02:39",
            "2024-03-15 09:39:32",
            "2024-03-15 14:14:34",
            "2024-03-15 16:14:11",
            "2024-03-15 20:55:49",
            "2024-03-16 01:29:19",
            "2024-03-16 06:01:10",
            "2024-03-16 15:16:53",
            "2024-03-16 21:40:10",
            "2024-03-17 07:03:06",
            "2024-03-17 13:56:17",
            "2024-03-17 19:02:19",
            "2024-03-18 01:14:25",
            "2024-03-18 07:02:14",
            "2024-03-18 09:15:45",
            "2024-03-18 16:13:31",
            "2024-03-18 17:45:54",
            "2024-03-18 20:20:59",
            "2024-03-19 01:00:45",
            "2024-03-19 02:26:21",
            "2024-03-19 06:03:35",
            "2024-03-19 08:17:39",
            "2024-03-19 11:15:16",
            "2024-03-19 13:28:22",
            "2024-03-19 17:03:22",
            "2024-03-19 19:48:40",
            "2024-03-20 00:04:56",
            "2024-03-20 06:31:28",
            "2024-03-20 10:14:04",
            "2024-03-20 16:49:51",
            "2024-03-20 19:06:24",
            "2024-03-20 21:30:57",
            "2024-03-21 02:02:41",
            "2024-03-21 06:23:30",
            "2024-03-21 08:38:48",
            "2024-03-21 12:46:07",
            "2024-03-21 13:53:06",
            "2024-03-21 17:29:27",
            "2024-03-21 18:47:13",
            "2024-03-21 21:19:12",
            "2024-03-22 02:33:11",
            "2024-03-22 05:34:14",
            "2024-03-22 10:08:21",
            "2024-03-22 13:22:55",
            "2024-03-22 17:28:16",
            "2024-03-22 22:43:04",
            "2024-03-23 04:11:22",
            "2024-03-23 08:45:37",
            "2024-03-23 13:51:59",
            "2024-03-23 18:44:13",
            "2024-03-24 00:54:50",
            "2024-03-24 07:02:41",
            "2024-03-24 11:13:54",
            "2024-03-24 18:59:17",
            "2024-03-24 23:02:44",
            "2024-03-25 03:31:22",
            "2024-03-25 08:43:58",
            "2024-03-25 09:25:18",
            "2024-03-25 13:40:37",
            "2024-03-25 14:05:55",
            "2024-03-25 17:00:38",
            "2024-03-25 20:16:40",
            "2024-03-26 00:18:31",
            "2024-03-26 01:24:19",
            "2024-03-26 06:19:49",
            "2024-03-26 09:05:54",
            "2024-03-26 12:57:56",
            "2024-03-26 16:59:38",
            "2024-03-26 17:44:32",
            "2024-03-26 19:19:03",
            "2024-03-26 22:59:31",
            "2024-03-27 06:25:00",
            "2024-03-27 09:31:11",
            "2024-03-27 13:38:48",
            "2024-03-27 15:45:41",
            "2024-03-27 17:44:07",
            "2024-03-27 20:37:25",
            "2024-03-28 01:10:01",
            "2024-03-28 09:47:39",
            "2024-03-28 10:32:02",
            "2024-03-28 14:53:03",
            "2024-03-28 15:08:02",
            "2024-03-28 19:06:21",
            "2024-03-28 23:11:00",
            "2024-03-29 00:03:22",
            "2024-03-29 04:27:46",
            "2024-03-29 12:22:16",
            "2024-03-29 16:11:04",
            "2024-03-29 20:24:43",
            "2024-03-30 04:38:25",
            "2024-03-30 08:43:08",
            "2024-03-30 16:23:17",
            "2024-03-30 17:37:54",
            "2024-03-31 07:04:36",
            "2024-03-31 14:47:20",
            "2024-03-31 19:03:22",
            "2024-04-01 07:03:36",
            "2024-04-01 11:30:18",
            "2024-04-01 13:16:41",
            "2024-04-01 17:19:53",
            "2024-04-01 18:19:29",
            "2024-04-01 22:35:55",
            "2024-04-01 22:39:43",
            "2024-04-02 04:32:43",
            "2024-04-02 08:47:33",
            "2024-04-02 08:57:49",
            "2024-04-02 13:00:14",
            "2024-04-02 13:21:01",
            "2024-04-02 16:51:17",
            "2024-04-02 20:58:38",
            "2024-04-02 23:14:01",
            "2024-04-03 02:01:46",
            "2024-04-03 06:21:18",
            "2024-04-03 08:00:33",
            "2024-04-03 12:19:12",
            "2024-04-03 15:08:48",
            "2024-04-03 19:17:19",
            "2024-04-03 23:35:22",
            "2024-04-04 04:04:35",
            "2024-04-04 08:28:09",
            "2024-04-04 12:29:27",
            "2024-04-04 15:41:47",
            "2024-04-04 17:55:39",
            "2024-04-04 22:08:58",
            "2024-04-05 00:24:01",
            "2024-04-05 04:36:57",
            "2024-04-05 09:55:10",
            "2024-04-05 13:56:08",
            "2024-04-05 18:34:00",
            "2024-04-05 19:40:01",
            "2024-04-05 21:23:25",
            "2024-04-06 02:12:01",
            "2024-04-06 08:07:05",
            "2024-04-06 12:49:36",
            "2024-04-06 19:13:32",
            "2024-04-07 00:18:02",
            "2024-04-07 12:29:26",
            "2024-04-07 17:34:38",
            "2024-04-07 22:40:32",
            "2024-04-08 04:43:41",
            "2024-04-08 09:12:14",
            "2024-04-08 13:49:41",
            "2024-04-08 19:08:45",
            "2024-04-08 23:24:57",
            "2024-04-09 06:15:12",
            "2024-04-09 10:19:15",
            "2024-04-09 14:26:21",
            "2024-04-10 00:18:40",
            "2024-04-10 09:31:15",
            "2024-04-10 13:31:55",
            "2024-04-10 17:21:37",
            "2024-04-10 20:55:18",
            "2024-04-11 01:15:30",
            "2024-04-11 06:36:24",
            "2024-04-11 11:27:44",
            "2024-04-11 15:41:30",
            "2024-04-11 18:08:24",
            "2024-04-11 23:15:25",
            "2024-04-12 14:13:45",
            "2024-04-12 20:21:58",
            "2024-04-13 06:05:05",
            "2024-04-13 20:36:37",
            "2024-04-14 12:41:18",
            "2024-04-15 00:20:26",
            "2024-04-15 05:51:41",
            "2024-04-15 10:25:42",
            "2024-04-15 14:58:12",
            "2024-04-15 18:18:39",
            "2024-04-15 20:13:44",
            "2024-04-15 21:50:25",
            "2024-04-16 00:41:18",
            "2024-04-16 05:04:40",
            "2024-04-16 09:18:49",
            "2024-04-16 13:28:04",
            "2024-04-16 17:33:30",
            "2024-04-16 20:13:25",
            "2024-04-17 00:00:12",
            "2024-04-17 04:14:52",
            "2024-04-17 08:24:06",
            "2024-04-17 11:47:51",
            "2024-04-17 13:57:03",
            "2024-04-17 18:33:15",
            "2024-04-17 20:25:11",
            "2024-04-18 00:20:10",
            "2024-04-18 03:49:51",
            "2024-04-18 07:53:55",
            "2024-04-18 12:14:33",
            "2024-04-18 15:42:46",
            "2024-04-18 18:28:28",
            "2024-04-18 21:15:15",
            "2024-04-19 01:55:54",
            "2024-04-19 06:08:52",
            "2024-04-19 10:27:22",
            "2024-04-19 14:48:08",
            "2024-04-19 18:48:31",
            "2024-04-19 22:58:06",
            "2024-04-20 05:31:24",
            "2024-04-20 15:42:35",
            "2024-04-21 00:18:25",
            "2024-04-21 21:40:30",
            "2024-04-22 04:00:04",
            "2024-04-22 08:07:09",
            "2024-04-22 12:07:57",
            "2024-04-22 19:20:17",
            "2024-04-22 23:20:55",
            "2024-04-23 03:59:43",
            "2024-04-23 08:01:00",
            "2024-04-23 11:54:58",
            "2024-04-23 15:44:45",
            "2024-04-23 18:21:27",
            "2024-04-23 22:59:53",
            "2024-04-24 03:55:37",
            "2024-04-24 07:56:15",
            "2024-04-24 12:15:38",
            "2024-04-25 00:20:54",
            "2024-04-25 02:34:18",
            "2024-04-25 05:01:58",
            "2024-04-25 09:09:49",
            "2024-04-25 13:10:04",
            "2024-04-25 16:29:00",
            "2024-04-25 21:12:20",
            "2024-04-26 01:33:24",
            "2024-04-26 05:34:38",
            "2024-04-26 09:39:43",
            "2024-04-26 13:51:38",
            "2024-04-26 17:53:01",
            "2024-04-26 22:54:36",
            "2024-04-27 03:46:15",
            "2024-04-27 10:47:32",
            "2024-04-27 18:43:51",
            "2024-04-27 22:45:22",
            "2024-04-28 03:23:06",
            "2024-04-28 10:04:44",
            "2024-04-28 14:13:44",
            "2024-04-28 19:02:33",
            "2024-04-29 00:22:43",
            "2024-04-29 06:17:09",
            "2024-04-29 10:38:34",
            "2024-04-29 14:46:23",
            "2024-04-29 17:19:25",
            "2024-04-29 19:52:22",
            "2024-04-30 00:02:50",
            "2024-04-30 05:00:53",
            "2024-04-30 09:02:30",
            "2024-04-30 13:09:55",
            "2024-04-30 16:26:23",
            "2024-04-30 19:24:53",
            "2024-04-30 23:32:26",
            "2024-05-01 03:47:22",
            "2024-05-01 07:50:28",
            "2024-05-01 18:27:07",
            "2024-05-01 20:27:27",
            "2024-05-01 23:13:57",
            "2024-05-02 04:22:12",
            "2024-05-02 08:48:43",
            "2024-05-02 12:53:32",
            "2024-05-02 15:44:03",
            "2024-05-02 17:57:36",
            "2024-05-02 23:51:01",
            "2024-05-03 04:04:06",
            "2024-05-03 08:10:40",
            "2024-05-03 12:18:12",
            "2024-05-03 16:29:14",
            "2024-05-03 19:41:01",
            "2024-05-04 00:06:35",
            "2024-05-04 09:19:48",
            "2024-05-04 19:44:42",
            "2024-05-05 00:17:27",
            "2024-05-05 08:06:08",
            "2024-05-05 13:09:56",
            "2024-05-05 17:38:00",
            "2024-05-05 22:09:52",
            "2024-05-06 03:19:39",
            "2024-05-06 07:31:35",
            "2024-05-06 11:33:14",
            "2024-05-06 15:35:21",
            "2024-05-06 17:44:25",
            "2024-05-06 20:39:16",
            "2024-05-07 01:41:54",
            "2024-05-07 06:04:59",
            "2024-05-07 10:41:19",
            "2024-05-07 14:42:49",
            "2024-05-07 18:25:44",
            "2024-05-07 22:14:58",
            "2024-05-08 04:41:52",
            "2024-05-08 08:48:11",
            "2024-05-08 13:09:13"
        ]
    },
    "series": [
        {
            "label": "Timeseries",
            "type": "float",
            "raw": [
                214.9,
                222.56,
                225.74,
                221.94,
                192.96666666666667,
                207.16666666666663,
                189.46666666666667,
                195.2,
                190.85,
                188.25,
                195.1,
                194.55,
                191.8,
                192.0,
                193.05,
                196.25,
                204.25,
                254.65,
                227.3,
                207.55,
                197.0,
                207.57777777777775,
                191.2,
                205.05,
                215.25,
                197.35,
                194.45,
                197.3,
                205.83333333333337,
                206.8166666666667,
                218.61666666666667,
                202.5666666666667,
                196.3,
                204.0,
                190.7,
                199.6,
                190.7,
                191.2,
                193.8,
                202.0,
                212.4,
                198.3,
                202.24,
                195.6,
                203.5,
                194.9,
                200.4,
                200.175,
                214.52,
                196.6,
                194.9,
                190.1,
                190.4,
                192.1,
                202.5,
                197.3,
                190.7,
                196.0,
                197.7,
                198.0,
                188.5,
                262.7,
                193.4,
                190.0,
                191.7,
                196.9,
                203.6,
                288.3,
                194.2,
                187.7,
                201.6,
                247.8,
                198.6,
                203.7,
                197.0,
                194.1,
                192.4,
                201.1,
                191.7,
                199.2,
                193.6,
                190.4,
                269.5,
                194.7,
                198.2,
                190.9,
                199.3,
                252.4,
                191.5,
                222.4,
                200.3,
                203.3,
                194.4,
                199.7,
                228.2,
                218.2,
                212.5,
                198.4,
                198.1,
                223.4,
                228.7,
                187.5,
                239.3,
                187.8,
                228.5,
                200.3,
                203.0,
                214.6,
                196.8,
                196.6,
                184.8,
                191.8,
                198.0,
                203.0,
                199.4,
                217.9,
                209.2,
                187.6,
                195.9,
                205.0,
                185.4,
                201.8,
                191.3,
                192.1,
                193.8,
                200.2,
                192.0,
                191.7,
                197.7,
                191.8,
                250.4,
                224.0,
                275.0,
                190.3,
                203.4,
                200.1,
                192.6,
                198.6,
                199.5,
                201.3,
                210.6,
                201.6,
                196.0,
                199.5,
                197.9,
                196.6,
                189.7,
                237.0,
                193.3,
                197.0,
                195.6,
                198.9,
                213.9,
                193.6,
                200.7,
                197.4,
                197.6,
                192.5,
                201.0,
                196.1,
                209.2,
                213.2,
                193.0,
                204.2,
                209.8,
                198.5,
                206.2,
                199.8,
                222.5,
                193.2,
                192.5,
                194.9,
                196.1,
                200.9,
                196.4,
                199.5,
                197.1,
                202.1,
                204.7,
                202.6,
                198.2,
                211.3,
                196.8,
                195.3,
                198.0,
                198.3,
                198.4,
                218.1,
                196.1,
                193.2,
                212.6,
                198.4,
                196.1,
                195.6,
                201.2,
                203.3,
                200.2,
                198.5,
                194.8,
                243.0,
                192.2,
                202.4,
                192.9,
                196.5,
                195.2,
                227.5,
                196.3,
                237.6,
                202.3,
                197.3,
                238.8,
                190.3,
                187.9,
                198.1,
                191.9,
                284.8,
                200.4,
                206.0,
                194.6,
                198.6,
                197.8,
                235.6,
                199.4,
                203.1,
                210.0,
                200.3,
                213.5,
                228.2,
                206.1,
                197.3,
                197.4,
                194.0,
                223.6,
                191.6,
                204.4,
                186.0,
                201.5,
                188.7,
                192.5,
                189.5,
                188.9,
                187.2,
                192.8,
                191.9,
                195.3,
                194.8,
                189.3,
                194.8,
                195.2,
                192.6,
                192.4,
                195.2,
                187.2,
                194.4,
                202.7,
                193.1,
                188.5,
                196.9,
                179.4,
                191.5,
                192.0,
                192.2,
                189.9,
                188.3,
                198.2,
                193.5,
                183.7,
                197.3,
                190.1,
                191.1,
                188.4,
                194.7,
                189.4,
                199.5,
                200.3,
                192.2,
                190.5,
                191.4,
                198.9,
                194.3,
                194.5,
                196.3,
                184.7,
                197.7,
                194.8,
                197.9,
                196.0,
                199.7,
                202.6,
                197.6,
                191.2,
                189.6,
                195.9,
                193.8,
                197.9,
                193.4,
                195.9,
                202.0,
                203.9,
                198.5,
                194.4,
                187.0,
                194.0,
                200.6,
                193.2,
                204.8,
                202.0,
                191.5,
                195.8,
                194.3,
                191.9,
                202.4,
                193.9,
                193.4,
                185.7,
                192.0,
                189.7,
                188.2,
                191.8,
                194.5,
                192.2,
                191.4,
                198.9,
                192.875,
                198.3,
                198.0,
                209.6,
                197.9,
                194.5,
                201.2,
                197.7,
                186.5,
                203.8,
                195.4,
                188.6,
                193.22,
                194.2,
                195.2,
                194.6,
                201.1,
                187.2,
                196.5,
                195.1,
                200.6,
                193.1,
                193.1,
                193.0,
                190.4,
                198.0,
                200.2,
                190.64,
                197.5,
                193.72,
                193.56,
                192.8,
                194.58333333333337,
                189.86666666666667,
                190.9,
                188.88,
                188.86,
                192.8,
                193.88,
                190.1,
                197.1,
                181.6,
                196.7,
                188.2,
                188.4,
                185.9,
                190.5,
                189.7,
                193.0,
                190.2,
                184.1,
                194.6,
                193.0,
                188.6,
                180.1,
                200.9,
                190.8,
                191.7,
                189.6,
                184.2,
                192.8,
                184.6,
                193.9,
                199.0,
                192.8,
                192.9,
                195.9,
                176.9,
                187.5,
                192.5,
                192.9,
                194.0,
                196.3,
                198.2,
                187.2,
                195.0,
                192.7,
                188.1,
                191.7,
                190.1,
                187.5,
                193.7,
                188.1,
                190.5,
                193.6,
                189.9,
                195.2,
                195.0,
                193.5,
                185.8,
                195.3,
                192.8,
                189.8,
                189.5,
                196.4,
                177.3,
                192.7,
                193.6,
                181.0,
                189.3,
                187.9,
                199.2,
                186.1,
                186.5,
                189.1,
                182.2,
                186.9,
                188.3,
                186.7,
                193.8,
                190.0,
                184.8,
                187.8,
                191.7,
                187.4,
                197.8,
                195.3,
                181.3,
                189.4,
                192.0,
                198.4,
                198.7,
                189.2,
                195.9,
                188.1,
                189.8,
                183.1,
                189.4,
                195.2,
                196.5,
                185.7,
                191.5,
                187.9,
                197.4,
                200.7,
                180.5,
                201.8,
                194.5,
                181.6,
                192.0,
                184.8,
                186.2,
                193.0,
                188.5,
                192.5,
                188.9,
                195.0,
                193.1,
                184.0,
                195.6,
                196.5,
                202.4,
                201.8,
                197.3,
                191.8,
                188.9,
                194.8,
                193.875,
                190.13333333333333,
                193.74,
                192.96666666666667,
                196.33333333333337,
                188.26666666666665,
                190.96666666666667,
                190.8,
                195.7,
                189.4,
                185.7,
                192.5,
                190.4,
                207.0,
                190.2,
                192.7,
                190.7,
                188.5,
                194.6,
                191.8,
                192.2,
                192.4,
                192.7,
                193.7,
                195.4,
                200.8,
                200.4,
                190.9,
                193.8,
                189.1,
                190.6,
                188.9,
                193.5,
                196.6,
                190.1,
                195.0,
                194.1,
                191.2,
                193.0,
                195.6,
                186.4,
                188.1,
                192.4,
                187.6,
                200.2,
                193.6,
                190.5,
                189.0,
                183.0,
                181.6,
                198.3,
                185.3,
                191.8,
                194.9,
                185.1,
                196.2,
                195.3,
                203.0,
                196.4,
                194.0,
                195.5,
                199.1,
                191.1,
                186.6,
                192.1,
                296.7,
                196.4,
                192.7,
                194.8,
                194.8,
                193.3,
                185.0,
                193.6,
                201.1,
                190.3,
                190.3,
                195.5,
                191.7,
                196.3,
                199.9,
                202.6,
                187.6,
                249.8,
                197.8,
                188.8,
                189.7,
                195.7,
                195.7,
                234.7,
                199.9,
                184.6,
                184.8,
                190.9,
                192.1,
                190.0,
                208.6,
                185.9,
                191.2,
                178.9,
                181.8,
                207.2,
                187.2,
                181.8,
                182.4,
                185.0,
                187.8,
                190.1,
                188.8,
                215.8,
                183.0,
                187.9,
                191.4,
                183.5,
                197.4,
                239.5,
                181.6,
                187.8,
                183.0,
                214.4,
                267.9,
                184.5,
                181.1,
                185.9,
                186.7,
                186.7,
                184.2,
                190.5,
                188.4,
                189.5,
                182.6,
                185.4,
                204.3,
                178.6,
                182.0,
                179.6,
                189.9,
                180.7,
                182.7,
                186.1,
                235.6,
                216.7,
                185.2,
                191.0,
                189.5,
                183.8,
                200.3,
                180.8,
                193.0,
                188.8,
                184.5,
                187.7,
                182.5,
                212.0,
                177.4,
                216.4,
                186.6,
                183.5,
                187.4,
                184.5,
                186.3,
                186.3,
                184.1,
                188.3,
                194.8,
                185.7,
                190.1,
                189.7,
                186.8,
                189.1,
                189.5,
                182.8,
                193.5,
                184.7,
                185.2,
                192.8,
                188.8,
                179.0,
                188.5,
                194.9,
                186.9,
                184.9,
                192.6,
                175.6,
                181.4,
                187.1,
                179.2,
                217.1,
                190.6,
                188.1,
                191.1,
                189.3,
                184.0,
                188.0,
                184.8,
                184.3,
                182.2,
                187.3,
                177.5,
                226.4,
                186.3,
                189.3,
                183.1,
                184.4,
                189.1,
                204.5,
                185.7,
                197.3,
                185.0,
                188.0,
                191.2,
                219.7,
                185.9,
                185.3,
                180.4,
                187.0,
                182.0,
                185.6,
                186.3,
                214.4,
                179.0,
                194.9,
                185.9,
                180.6,
                185.9,
                187.4,
                182.1,
                219.8,
                187.1,
                186.5,
                180.9,
                182.7,
                190.4,
                187.0,
                181.7,
                186.4,
                185.3,
                196.2,
                191.2,
                186.6,
                185.0,
                185.9,
                183.0,
                185.1,
                186.7,
                183.4,
                188.2,
                232.9,
                189.5,
                184.2,
                190.8,
                180.1,
                194.7,
                189.4,
                185.3,
                186.7,
                186.5,
                194.4,
                189.0,
                187.0,
                196.6,
                192.0,
                187.1,
                187.1,
                183.2,
                203.2,
                183.1,
                189.8,
                183.3,
                184.7,
                193.7,
                180.9,
                186.4,
                176.5,
                178.6,
                187.7,
                196.4,
                180.5,
                202.2,
                183.8,
                186.4,
                182.5,
                184.2,
                189.4,
                184.8,
                209.5,
                188.3,
                199.1,
                193.5,
                184.3,
                187.3,
                228.6,
                184.9,
                188.9,
                187.1,
                204.3,
                191.9,
                188.0,
                183.7,
                184.5,
                182.7,
                197.8,
                224.6,
                183.3,
                186.4,
                184.8,
                186.5,
                193.1,
                191.3,
                185.6,
                188.9,
                188.9,
                192.6,
                189.6,
                196.6,
                188.7,
                184.0,
                189.8,
                191.8,
                181.8,
                192.2,
                177.6,
                180.2,
                190.7,
                191.8,
                186.9,
                189.9,
                208.7,
                183.2,
                182.0,
                185.3,
                183.6,
                185.1,
                194.2,
                190.6,
                198.7,
                185.2,
                190.4,
                192.2,
                182.3,
                181.9,
                185.8,
                187.6,
                186.7,
                191.3,
                182.3,
                190.0,
                195.7,
                187.8,
                190.0,
                188.9,
                186.7,
                189.1,
                189.3,
                187.2,
                191.7,
                188.3,
                188.6,
                183.7
            ]
        }
    ]
}