{
    "name": "4968999",
    "longname": "4968999 timeseries",
    "n_obs": 213,
    "n_dim": 1,
    "time": {
        "type": "string",
        "format": "%Y-%m-%d %H:%M:%S",
        "index": [
            0,
            1,
            2,
            3,
            4,
            5,
            6,
            7,
            8,
            9,
            10,
            11,
            12,
            13,
            14,
            15,
            16,
            17,
            18,
            19,
            20,
            21,
            22,
            23,
            24,
            25,
            26,
            27,
            28,
            29,
            30,
            31,
            32,
            33,
            34,
            35,
            36,
            37,
            38,
            39,
            40,
            41,
            42,
            43,
            44,
            45,
            46,
            47,
            48,
            49,
            50,
            51,
            52,
            53,
            54,
            55,
            56,
            57,
            58,
            59,
            60,
            61,
            62,
            63,
            64,
            65,
            66,
            67,
            68,
            69,
            70,
            71,
            72,
            73,
            74,
            75,
            76,
            77,
            78,
            79,
            80,
            81,
            82,
            83,
            84,
            85,
            86,
            87,
            88,
            89,
            90,
            91,
            92,
            93,
            94,
            95,
            96,
            97,
            98,
            99,
            100,
            101,
            102,
            103,
            104,
            105,
            106,
            107,
            108,
            109,
            110,
            111,
            112,
            113,
            114,
            115,
            116,
            117,
            118,
            119,
            120,
            121,
            122,
            123,
            124,
            125,
            126,
            127,
            128,
            129,
            130,
            131,
            132,
            133,
            134,
            135,
            136,
            137,
            138,
            139,
            140,
            141,
            142,
            143,
            144,
            145,
            146,
            147,
            148,
            149,
            150,
            151,
            152,
            153,
            154,
            155,
            156,
            157,
            158,
            159,
            160,
            161,
            162,
            163,
            164,
            165,
            166,
            167,
            168,
            169,
            170,
            171,
            172,
            173,
            174,
            175,
            176,
            177,
            178,
            179,
            180,
            181,
            182,
            183,
            184,
            185,
            186,
            187,
            188,
            189,
            190,
            191,
            192,
            193,
            194,
            195,
            196,
            197,
            198,
            199,
            200,
            201,
            202,
            203,
            204,
            205,
            206,
            207,
            208,
            209,
            210,
            211,
            212
        ],
        "raw": [
            "2023-12-01 06:54:18",
            "2023-12-01 16:06:07",
            "2023-12-01 16:59:52",
            "2023-12-01 21:28:16",
            "2023-12-02 00:28:42",
            "2023-12-02 15:34:28",
            "2023-12-03 01:52:47",
            "2023-12-03 14:48:33",
            "2023-12-04 00:28:05",
            "2023-12-04 15:26:16",
            "2023-12-05 03:44:20",
            "2023-12-05 15:14:17",
            "2023-12-06 02:38:02",
            "2023-12-06 15:54:59",
            "2023-12-07 03:20:10",
            "2023-12-07 14:06:13",
            "2023-12-08 03:00:12",
            "2023-12-09 03:10:50",
            "2023-12-09 15:20:10",
            "2023-12-10 02:03:21",
            "2023-12-10 13:47:25",
            "2023-12-11 00:46:55",
            "2023-12-11 15:48:42",
            "2023-12-12 03:15:37",
            "2023-12-12 15:53:56",
            "2023-12-13 01:12:13",
            "2023-12-13 15:46:22",
            "2023-12-14 02:27:01",
            "2023-12-14 15:58:45",
            "2023-12-15 02:41:42",
            "2023-12-15 15:36:46",
            "2023-12-16 00:30:45",
            "2023-12-16 15:44:08",
            "2023-12-17 01:49:28",
            "2023-12-17 13:59:20",
            "2023-12-18 01:53:11",
            "2023-12-18 14:19:58",
            "2023-12-19 01:58:10",
            "2023-12-19 15:58:54",
            "2023-12-20 04:56:25",
            "2023-12-20 10:24:14",
            "2023-12-21 02:14:37",
            "2023-12-21 15:32:59",
            "2023-12-22 00:29:56",
            "2023-12-22 06:44:36",
            "2023-12-23 01:59:42",
            "2023-12-23 14:03:29",
            "2023-12-24 02:44:56",
            "2023-12-24 15:35:41",
            "2023-12-25 00:29:11",
            "2023-12-25 15:36:47",
            "2023-12-26 01:46:30",
            "2023-12-26 14:27:24",
            "2023-12-27 00:27:11",
            "2023-12-27 14:45:32",
            "2023-12-28 02:44:57",
            "2023-12-28 15:01:49",
            "2023-12-29 00:51:34",
            "2023-12-29 15:04:41",
            "2023-12-30 02:54:57",
            "2023-12-30 13:54:18",
            "2023-12-31 01:46:35",
            "2023-12-31 14:17:13",
            "2024-01-01 01:53:51",
            "2024-01-02 03:47:15",
            "2024-01-02 14:26:29",
            "2024-01-03 02:35:19",
            "2024-01-03 14:52:07",
            "2024-01-04 01:58:15",
            "2024-01-04 15:02:31",
            "2024-01-05 04:27:46",
            "2024-01-05 15:20:49",
            "2024-01-06 02:17:24",
            "2024-01-06 13:49:50",
            "2024-01-07 01:56:34",
            "2024-01-07 13:08:44",
            "2024-01-08 00:43:53",
            "2024-01-08 15:55:54",
            "2024-01-09 02:36:01",
            "2024-01-09 09:37:31",
            "2024-01-10 01:22:03",
            "2024-01-10 15:57:29",
            "2024-01-11 03:46:09",
            "2024-01-11 15:49:49",
            "2024-01-12 02:00:09",
            "2024-01-12 14:10:18",
            "2024-01-13 01:54:06",
            "2024-01-13 15:29:00",
            "2024-01-14 03:18:34",
            "2024-01-14 15:25:25",
            "2024-01-15 02:39:04",
            "2024-01-15 15:55:54",
            "2024-01-16 01:27:04",
            "2024-01-16 14:06:54",
            "2024-01-17 01:33:42",
            "2024-01-18 01:40:43",
            "2024-01-18 14:43:32",
            "2024-01-19 03:15:30",
            "2024-01-19 15:18:20",
            "2024-01-20 02:54:23",
            "2024-01-20 15:16:40",
            "2024-01-21 00:31:26",
            "2024-01-21 15:20:02",
            "2024-01-22 00:37:51",
            "2024-01-22 15:43:14",
            "2024-01-23 04:32:13",
            "2024-01-23 06:42:40",
            "2024-01-23 15:04:43",
            "2024-01-23 15:53:55",
            "2024-01-23 16:38:46",
            "2024-01-23 21:08:32",
            "2024-01-23 21:37:47",
            "2024-01-23 22:03:17",
            "2024-01-23 22:05:42",
            "2024-01-24 02:42:55",
            "2024-01-24 14:58:57",
            "2024-01-25 01:38:10",
            "2024-01-25 15:32:25",
            "2024-01-26 02:01:32",
            "2024-01-26 14:50:29",
            "2024-01-27 03:07:21",
            "2024-01-27 13:25:34",
            "2024-01-28 01:37:55",
            "2024-01-28 13:24:06",
            "2024-01-29 01:35:33",
            "2024-01-29 15:02:17",
            "2024-01-30 03:23:08",
            "2024-01-30 15:58:37",
            "2024-01-31 03:30:02",
            "2024-01-31 13:03:09",
            "2024-02-01 02:27:11",
            "2024-02-01 15:26:09",
            "2024-02-02 01:00:14",
            "2024-02-02 15:30:07",
            "2024-02-03 00:26:38",
            "2024-02-04 01:46:46",
            "2024-02-04 15:11:43",
            "2024-02-05 02:46:43",
            "2024-02-05 14:57:28",
            "2024-02-06 02:27:31",
            "2024-02-06 15:27:05",
            "2024-02-07 01:23:22",
            "2024-02-07 15:54:40",
            "2024-02-08 02:51:30",
            "2024-02-08 15:25:49",
            "2024-02-09 03:57:17",
            "2024-02-09 15:56:53",
            "2024-02-10 03:27:29",
            "2024-02-10 06:41:50",
            "2024-02-11 02:30:07",
            "2024-02-11 13:23:46",
            "2024-02-12 03:14:13",
            "2024-02-12 14:41:10",
            "2024-02-13 02:49:57",
            "2024-02-13 15:46:09",
            "2024-02-14 03:03:54",
            "2024-02-14 15:28:35",
            "2024-02-15 04:48:03",
            "2024-02-15 14:51:44",
            "2024-02-16 02:39:13",
            "2024-02-16 14:54:09",
            "2024-02-17 03:24:18",
            "2024-02-18 02:59:34",
            "2024-02-19 00:30:45",
            "2024-02-19 15:44:19",
            "2024-02-20 01:33:19",
            "2024-02-20 15:25:15",
            "2024-02-21 02:56:47",
            "2024-02-21 15:29:54",
            "2024-02-22 03:00:17",
            "2024-02-23 00:26:10",
            "2024-02-23 14:46:13",
            "2024-02-24 00:28:03",
            "2024-02-24 14:29:08",
            "2024-02-25 03:37:58",
            "2024-02-25 15:32:27",
            "2024-02-26 00:29:05",
            "2024-02-26 15:24:26",
            "2024-02-27 04:18:31",
            "2024-02-27 15:22:45",
            "2024-02-28 00:26:34",
            "2024-02-28 15:25:02",
            "2024-02-29 04:12:17",
            "2024-02-29 15:12:31",
            "2024-03-01 02:28:31",
            "2024-03-01 14:29:15",
            "2024-03-02 00:45:43",
            "2024-03-02 14:52:12",
            "2024-03-03 02:57:50",
            "2024-03-03 13:38:25",
            "2024-03-04 02:08:24",
            "2024-03-04 14:36:43",
            "2024-03-05 01:52:24",
            "2024-03-05 15:00:24",
            "2024-03-06 00:28:16",
            "2024-03-06 15:43:18",
            "2024-03-07 02:07:13",
            "2024-03-07 14:15:30",
            "2024-03-08 03:19:10",
            "2024-03-08 15:53:36",
            "2024-03-09 00:27:15",
            "2024-03-09 13:46:42",
            "2024-03-10 01:54:43",
            "2024-03-10 14:20:08",
            "2024-03-11 02:13:43",
            "2024-03-11 15:43:23",
            "2024-03-12 01:32:34",
            "2024-03-12 14:52:32",
            "2024-03-13 03:25:52",
            "2024-03-13 15:51:24",
            "2024-03-14 01:42:52",
            "2024-03-14 15:45:10",
            "2024-03-15 02:59:13"
        ]
    },
    "series": [
        {
            "label": "Timeseries",
            "type": "float",
            "raw": [
                207.0666666666667,
                208.8,
                180.45,
                180.625,
                173.2,
                183.2,
                177.5,
                178.8,
                182.2,
                171.2,
                178.4,
                179.4,
                181.3,
                183.4,
                181.1,
                178.8,
                177.64999999999998,
                180.4,
                173.2,
                177.1,
                178.9,
                185.5,
                177.1,
                184.8,
                180.3,
                180.0,
                182.7,
                171.5,
                171.8,
                182.9,
                174.8,
                181.7,
                183.3,
                174.1,
                181.3,
                178.4,
                180.1,
                176.6,
                171.9,
                176.9,
                182.4,
                175.4,
                185.9,
                184.1,
                181.6,
                179.7,
                179.1,
                186.4,
                175.0,
                183.8,
                178.8,
                180.3,
                187.0,
                181.9,
                178.6,
                176.2,
                181.7,
                180.3,
                180.6,
                189.0,
                179.7,
                180.9,
                173.6,
                181.25,
                178.6,
                173.4,
                183.0,
                182.2,
                173.4,
                181.1,
                179.6,
                185.3,
                173.9,
                181.0,
                179.3,
                179.4,
                178.4,
                186.0,
                184.7,
                180.3,
                182.4,
                185.9,
                180.9,
                183.0,
                172.5,
                179.5,
                173.6,
                173.7,
                180.4,
                183.9,
                176.0,
                178.0,
                180.7,
                184.6,
                180.9,
                184.6,
                175.9,
                182.8,
                175.3,
                181.9,
                176.6,
                186.4,
                175.6,
                171.2,
                178.8,
                177.4,
                171.3,
                176.0,
                180.6,
                180.96666666666667,
                148.83333333333334,
                147.93333333333334,
                144.7,
                153.9,
                151.6,
                147.6,
                142.2,
                146.8,
                145.4,
                143.2,
                143.1,
                147.8,
                146.1,
                150.5,
                142.3,
                146.6,
                142.6,
                146.9,
                147.7,
                146.9,
                144.8,
                136.1,
                146.2,
                147.4,
                140.6,
                146.9,
                145.4,
                145.6,
                148.9,
                147.0,
                147.7,
                142.4,
                149.5,
                144.9,
                145.8,
                148.8,
                144.5,
                148.0,
                143.1,
                152.5,
                144.1,
                153.4,
                150.3,
                146.0,
                143.6,
                147.7,
                147.4,
                137.1,
                146.1,
                144.1,
                151.9,
                147.35,
                143.85000000000002,
                149.1,
                149.3,
                140.9,
                146.3,
                152.7,
                145.8,
                143.2,
                145.9,
                144.8,
                144.4,
                148.9,
                147.2,
                146.5,
                146.8,
                148.1,
                148.1,
                138.9,
                141.0,
                152.6,
                151.6,
                147.3,
                152.0,
                151.0,
                148.3,
                157.4,
                152.7,
                148.5,
                153.7,
                149.8,
                147.4,
                153.7,
                149.3,
                155.3,
                145.8,
                148.6,
                151.7,
                154.1,
                142.3,
                151.5,
                153.5,
                159.0,
                151.3,
                153.1,
                153.9,
                158.3,
                148.9,
                150.2,
                148.4,
                141.8,
                156.0
            ]
        }
    ]
}