{
    "name": "5063447",
    "longname": "5063447 timeseries",
    "n_obs": 244,
    "n_dim": 1,
    "time": {
        "type": "string",
        "format": "%Y-%m-%d %H:%M:%S",
        "index": [
            0,
            1,
            2,
            3,
            4,
            5,
            6,
            7,
            8,
            9,
            10,
            11,
            12,
            13,
            14,
            15,
            16,
            17,
            18,
            19,
            20,
            21,
            22,
            23,
            24,
            25,
            26,
            27,
            28,
            29,
            30,
            31,
            32,
            33,
            34,
            35,
            36,
            37,
            38,
            39,
            40,
            41,
            42,
            43,
            44,
            45,
            46,
            47,
            48,
            49,
            50,
            51,
            52,
            53,
            54,
            55,
            56,
            57,
            58,
            59,
            60,
            61,
            62,
            63,
            64,
            65,
            66,
            67,
            68,
            69,
            70,
            71,
            72,
            73,
            74,
            75,
            76,
            77,
            78,
            79,
            80,
            81,
            82,
            83,
            84,
            85,
            86,
            87,
            88,
            89,
            90,
            91,
            92,
            93,
            94,
            95,
            96,
            97,
            98,
            99,
            100,
            101,
            102,
            103,
            104,
            105,
            106,
            107,
            108,
            109,
            110,
            111,
            112,
            113,
            114,
            115,
            116,
            117,
            118,
            119,
            120,
            121,
            122,
            123,
            124,
            125,
            126,
            127,
            128,
            129,
            130,
            131,
            132,
            133,
            134,
            135,
            136,
            137,
            138,
            139,
            140,
            141,
            142,
            143,
            144,
            145,
            146,
            147,
            148,
            149,
            150,
            151,
            152,
            153,
            154,
            155,
            156,
            157,
            158,
            159,
            160,
            161,
            162,
            163,
            164,
            165,
            166,
            167,
            168,
            169,
            170,
            171,
            172,
            173,
            174,
            175,
            176,
            177,
            178,
            179,
            180,
            181,
            182,
            183,
            184,
            185,
            186,
            187,
            188,
            189,
            190,
            191,
            192,
            193,
            194,
            195,
            196,
            197,
            198,
            199,
            200,
            201,
            202,
            203,
            204,
            205,
            206,
            207,
            208,
            209,
            210,
            211,
            212,
            213,
            214,
            215,
            216,
            217,
            218,
            219,
            220,
            221,
            222,
            223,
            224,
            225,
            226,
            227,
            228,
            229,
            230,
            231,
            232,
            233,
            234,
            235,
            236,
            237,
            238,
            239,
            240,
            241,
            242,
            243
        ],
        "raw": [
            "2024-03-20 00:04:56",
            "2024-03-20 06:31:28",
            "2024-03-20 10:14:04",
            "2024-03-20 16:49:51",
            "2024-03-20 19:06:24",
            "2024-03-20 21:30:57",
            "2024-03-21 02:02:41",
            "2024-03-21 06:23:30",
            "2024-03-21 08:38:48",
            "2024-03-21 12:46:07",
            "2024-03-21 13:53:06",
            "2024-03-21 17:29:27",
            "2024-03-21 18:47:13",
            "2024-03-21 21:19:12",
            "2024-03-22 02:33:11",
            "2024-03-22 05:34:14",
            "2024-03-22 10:08:21",
            "2024-03-22 13:22:55",
            "2024-03-22 17:28:16",
            "2024-03-22 22:43:04",
            "2024-03-23 04:11:22",
            "2024-03-23 08:45:37",
            "2024-03-23 13:51:59",
            "2024-03-23 18:44:13",
            "2024-03-24 00:54:50",
            "2024-03-24 07:02:41",
            "2024-03-24 11:13:54",
            "2024-03-24 18:59:17",
            "2024-03-24 23:02:44",
            "2024-03-25 03:31:22",
            "2024-03-25 08:43:58",
            "2024-03-25 09:25:18",
            "2024-03-25 13:40:37",
            "2024-03-25 14:05:55",
            "2024-03-25 17:00:38",
            "2024-03-25 20:16:40",
            "2024-03-26 00:18:31",
            "2024-03-26 01:24:19",
            "2024-03-26 06:19:49",
            "2024-03-26 09:05:54",
            "2024-03-26 16:59:38",
            "2024-03-26 17:44:32",
            "2024-03-26 19:19:03",
            "2024-03-26 22:59:31",
            "2024-03-27 06:25:00",
            "2024-03-27 09:31:11",
            "2024-03-27 13:38:48",
            "2024-03-27 15:45:41",
            "2024-03-27 17:44:07",
            "2024-03-27 20:37:25",
            "2024-03-28 01:10:01",
            "2024-03-28 09:47:39",
            "2024-03-28 10:32:02",
            "2024-03-28 15:08:02",
            "2024-03-28 19:06:21",
            "2024-03-28 23:11:00",
            "2024-03-29 00:03:22",
            "2024-03-29 04:27:46",
            "2024-03-29 12:22:16",
            "2024-03-29 16:11:04",
            "2024-03-29 20:24:43",
            "2024-03-30 04:38:25",
            "2024-03-30 08:43:08",
            "2024-03-30 16:23:17",
            "2024-03-30 17:37:54",
            "2024-03-31 07:04:36",
            "2024-03-31 14:47:20",
            "2024-03-31 19:03:22",
            "2024-04-01 07:03:36",
            "2024-04-01 11:30:18",
            "2024-04-01 13:16:41",
            "2024-04-01 17:19:53",
            "2024-04-01 18:19:29",
            "2024-04-01 22:35:55",
            "2024-04-01 22:39:43",
            "2024-04-02 08:47:33",
            "2024-04-02 08:57:49",
            "2024-04-02 13:00:14",
            "2024-04-02 13:21:01",
            "2024-04-02 16:51:17",
            "2024-04-02 20:58:38",
            "2024-04-02 23:14:01",
            "2024-04-03 02:01:46",
            "2024-04-03 06:21:18",
            "2024-04-03 08:00:33",
            "2024-04-03 12:19:12",
            "2024-04-03 15:08:48",
            "2024-04-03 19:17:19",
            "2024-04-03 23:35:22",
            "2024-04-04 04:04:35",
            "2024-04-04 08:28:09",
            "2024-04-04 12:29:27",
            "2024-04-04 15:41:47",
            "2024-04-04 22:08:58",
            "2024-04-05 00:24:01",
            "2024-04-05 04:36:57",
            "2024-04-05 09:55:10",
            "2024-04-05 13:56:08",
            "2024-04-05 18:34:00",
            "2024-04-05 19:40:01",
            "2024-04-05 21:23:25",
            "2024-04-06 02:12:01",
            "2024-04-06 08:07:05",
            "2024-04-06 12:49:36",
            "2024-04-06 19:13:32",
            "2024-04-07 00:18:02",
            "2024-04-07 12:29:26",
            "2024-04-07 17:34:38",
            "2024-04-07 22:40:32",
            "2024-04-08 04:43:41",
            "2024-04-08 09:12:14",
            "2024-04-08 13:49:41",
            "2024-04-08 19:08:45",
            "2024-04-08 23:24:57",
            "2024-04-09 06:15:12",
            "2024-04-09 10:19:15",
            "2024-04-09 14:26:21",
            "2024-04-10 00:18:40",
            "2024-04-10 09:31:15",
            "2024-04-10 13:31:55",
            "2024-04-10 17:21:37",
            "2024-04-10 20:55:18",
            "2024-04-11 01:15:30",
            "2024-04-11 06:36:24",
            "2024-04-11 11:27:44",
            "2024-04-11 15:41:30",
            "2024-04-11 18:08:24",
            "2024-04-11 23:15:25",
            "2024-04-12 14:13:45",
            "2024-04-12 20:21:58",
            "2024-04-13 06:05:05",
            "2024-04-13 20:36:37",
            "2024-04-15 05:51:41",
            "2024-04-15 10:25:42",
            "2024-04-15 14:58:12",
            "2024-04-15 18:18:39",
            "2024-04-15 20:13:44",
            "2024-04-16 00:41:18",
            "2024-04-16 05:04:40",
            "2024-04-16 09:18:49",
            "2024-04-16 13:28:04",
            "2024-04-16 17:33:30",
            "2024-04-16 20:13:25",
            "2024-04-17 00:00:12",
            "2024-04-17 04:14:52",
            "2024-04-17 08:24:06",
            "2024-04-17 13:57:03",
            "2024-04-17 18:33:15",
            "2024-04-17 20:25:11",
            "2024-04-18 00:20:10",
            "2024-04-18 07:53:55",
            "2024-04-18 12:14:33",
            "2024-04-18 15:42:46",
            "2024-04-18 18:28:28",
            "2024-04-18 21:15:15",
            "2024-04-19 01:55:54",
            "2024-04-19 06:08:52",
            "2024-04-19 10:27:22",
            "2024-04-19 14:48:08",
            "2024-04-19 22:58:06",
            "2024-04-20 05:31:24",
            "2024-04-21 21:40:30",
            "2024-04-22 04:00:04",
            "2024-04-22 08:07:09",
            "2024-04-22 12:07:57",
            "2024-04-22 19:20:17",
            "2024-04-22 23:20:55",
            "2024-04-23 03:59:43",
            "2024-04-23 08:01:00",
            "2024-04-23 11:54:58",
            "2024-04-23 15:44:45",
            "2024-04-23 18:21:27",
            "2024-04-23 22:59:53",
            "2024-04-24 03:55:37",
            "2024-04-24 07:56:15",
            "2024-04-25 00:20:54",
            "2024-04-25 02:34:18",
            "2024-04-25 05:01:58",
            "2024-04-25 09:09:49",
            "2024-04-25 13:10:04",
            "2024-04-25 16:29:00",
            "2024-04-25 21:12:20",
            "2024-04-26 01:33:24",
            "2024-04-26 05:34:38",
            "2024-04-26 09:39:43",
            "2024-04-26 13:51:38",
            "2024-04-26 17:53:01",
            "2024-04-26 22:54:36",
            "2024-04-27 03:46:15",
            "2024-04-27 10:47:32",
            "2024-04-27 18:43:51",
            "2024-04-27 22:45:22",
            "2024-04-28 03:23:06",
            "2024-04-28 10:04:44",
            "2024-04-29 00:22:43",
            "2024-04-29 06:17:09",
            "2024-04-29 10:38:34",
            "2024-04-29 14:46:23",
            "2024-04-29 17:19:25",
            "2024-04-29 19:52:22",
            "2024-04-30 00:02:50",
            "2024-04-30 05:00:53",
            "2024-04-30 09:02:30",
            "2024-04-30 13:09:55",
            "2024-04-30 16:26:23",
            "2024-04-30 19:24:53",
            "2024-04-30 23:32:26",
            "2024-05-01 03:47:22",
            "2024-05-01 07:50:28",
            "2024-05-01 18:27:07",
            "2024-05-01 20:27:27",
            "2024-05-01 23:13:57",
            "2024-05-02 04:22:12",
            "2024-05-02 08:48:43",
            "2024-05-02 12:53:32",
            "2024-05-02 15:44:03",
            "2024-05-02 17:57:36",
            "2024-05-02 23:51:01",
            "2024-05-03 04:04:06",
            "2024-05-03 08:10:40",
            "2024-05-03 12:18:12",
            "2024-05-03 16:29:14",
            "2024-05-03 19:41:01",
            "2024-05-04 00:06:35",
            "2024-05-04 19:44:42",
            "2024-05-05 00:17:27",
            "2024-05-05 08:06:08",
            "2024-05-05 13:09:56",
            "2024-05-05 17:38:00",
            "2024-05-05 22:09:52",
            "2024-05-06 03:19:39",
            "2024-05-06 07:31:35",
            "2024-05-06 11:33:14",
            "2024-05-06 15:35:21",
            "2024-05-06 17:44:25",
            "2024-05-07 01:41:54",
            "2024-05-07 06:04:59",
            "2024-05-07 10:41:19",
            "2024-05-07 14:42:49",
            "2024-05-07 18:25:44",
            "2024-05-07 22:14:58",
            "2024-05-08 04:41:52",
            "2024-05-08 08:48:11",
            "2024-05-08 13:09:13"
        ]
    },
    "series": [
        {
            "label": "Timeseries",
            "type": "float",
            "raw": [
                274.1,
                279.7,
                280.3,
                278.9,
                267.5,
                277.4,
                284.0,
                276.9,
                281.5,
                271.6,
                278.5,
                277.3,
                289.8,
                270.2,
                264.6,
                286.3,
                282.5,
                269.5,
                295.6,
                292.3,
                274.6,
                265.6,
                284.3,
                270.5,
                277.5,
                265.9,
                272.8,
                276.7,
                280.8,
                271.6,
                277.0,
                279.2,
                289.6,
                271.8,
                277.0,
                289.5,
                268.3,
                282.5,
                273.9,
                284.3,
                280.0,
                281.5,
                273.0,
                270.3,
                286.5,
                268.9,
                267.1,
                261.1,
                263.3,
                275.4,
                275.2,
                272.3,
                269.6,
                260.2,
                275.9,
                284.5,
                277.5,
                268.0,
                284.2,
                280.7,
                1887.9,
                264.5,
                272.1,
                266.8,
                276.9,
                274.8,
                277.2,
                275.8,
                282.8,
                283.9,
                271.8,
                272.0,
                272.7,
                276.3,
                273.1,
                280.2,
                284.7,
                275.9,
                278.8,
                296.9,
                260.7,
                282.0,
                273.9,
                271.8,
                276.4,
                284.4,
                276.7,
                290.9,
                279.0,
                280.6,
                271.0,
                276.2,
                274.0,
                281.1,
                275.0,
                279.5,
                276.5,
                273.6,
                280.3,
                278.7,
                264.3,
                274.4,
                275.7,
                261.0,
                273.8,
                277.2,
                277.0,
                272.0,
                269.0,
                274.1,
                276.8,
                285.6,
                283.6,
                264.1,
                289.8,
                282.4,
                274.3,
                291.3,
                265.2,
                276.0,
                281.5,
                269.2,
                270.9,
                280.4,
                272.6,
                272.3,
                271.9,
                270.1,
                270.3,
                280.9,
                276.0,
                271.0,
                278.5,
                278.5,
                282.6,
                276.0,
                269.1,
                281.4,
                274.2,
                266.4,
                287.7,
                272.3,
                273.0,
                269.75,
                274.35,
                240.2,
                245.9,
                257.5,
                243.1,
                242.8,
                241.5,
                239.5,
                244.8,
                257.5,
                241.8,
                235.1,
                242.5,
                242.6,
                245.1,
                248.8,
                233.1,
                251.5,
                243.8,
                242.5,
                244.6,
                241.6,
                245.9,
                247.5,
                253.7,
                250.4,
                247.3,
                248.7,
                251.2,
                251.5,
                242.6,
                243.2,
                248.9,
                250.6,
                253.9,
                248.5,
                248.7,
                253.4,
                249.4,
                245.1,
                258.5,
                240.9,
                248.1,
                262.8,
                259.7,
                251.8,
                246.3,
                241.8,
                249.8,
                243.5,
                243.2,
                236.5,
                246.9,
                244.8,
                251.5,
                245.8,
                246.0,
                252.4,
                245.64,
                256.4,
                251.4,
                257.7,
                243.7,
                251.7,
                243.5,
                251.1,
                251.0,
                250.2,
                246.4,
                248.3,
                244.0,
                241.3,
                243.6,
                258.4,
                248.4,
                256.1,
                266.3,
                248.6,
                243.9,
                241.8,
                237.4,
                240.0,
                250.1,
                237.6,
                242.3,
                239.8,
                251.6,
                258.8,
                239.4,
                249.4,
                247.8,
                242.9,
                243.8,
                242.7,
                243.1,
                242.5,
                1885.0,
                249.7,
                246.6,
                243.0
            ]
        }
    ]
}